tissue,supertype_label,supertype_name,program_index,program_id,top_term,top_category,top_pvalue,enrichment_score_cluster1,n_terms_p05,status,program_label
AMY,CS20230722_SUPT_0001,0001 CLA-EPd-CTX Car3 Glut_1,0,P0,COMPBIAS:Basic and acidic residues,UP_SEQ_FEATURE,8.8431918103546e-4,1.6443103424033283,11,ok,P0 · COMPBIAS:Basic and acidic residues
AMY,CS20230722_SUPT_0001,0001 CLA-EPd-CTX Car3 Glut_1,1,P1,CARBOHYD:N-linked (GlcNAc...) asparagine,UP_SEQ_FEATURE,1.4030887826718e-4,2.245896410660378,58,ok,P1 · CARBOHYD:N-linked (GlcNAc...) asparagine
AMY,CS20230722_SUPT_0001,0001 CLA-EPd-CTX Car3 Glut_1,2,P2,Cytoplasm,UP_KW_CELLULAR_COMPONENT,0.09213582236742106,0.6495426178100595,0,ok,P2 · Cytoplasm
AMY,CS20230722_SUPT_0001,0001 CLA-EPd-CTX Car3 Glut_1,3,P3,roof of mouth development,GOTERM_BP_DIRECT,0.00196086808293694,0.7549137184543991,2,ok,P3 · roof of mouth development
AMY,CS20230722_SUPT_0001,0001 CLA-EPd-CTX Car3 Glut_1,4,P4,IPR013098:Ig_I-set,INTERPRO,2.2536026051026e-4,2.120037645982013,42,ok,P4 · IPR013098:Ig_I-set
AMY,CS20230722_SUPT_0001,0001 CLA-EPd-CTX Car3 Glut_1,5,P5,COMPBIAS:Low complexity,UP_SEQ_FEATURE,0.00783117249199718,1.1854171401253564,5,ok,P5 · COMPBIAS:Low complexity
AMY,CS20230722_SUPT_0001,0001 CLA-EPd-CTX Car3 Glut_1,6,P6,cytoplasm,GOTERM_CC_DIRECT,2.8858846352447e-4,2.461916833845733,5,ok,P6 · cytoplasm
AMY,CS20230722_SUPT_0001,0001 CLA-EPd-CTX Car3 Glut_1,7,P7,CARBOHYD:N-linked (GlcNAc...) asparagine,UP_SEQ_FEATURE,0.00340624430532544,0.918066221239191,3,ok,P7 · CARBOHYD:N-linked (GlcNAc...) asparagine
AMY,CS20230722_SUPT_0001,0001 CLA-EPd-CTX Car3 Glut_1,8,P8,nvs05202:Transcriptional misregulation in cancer,KEGG_PATHWAY,0.00179295325911192,1.6314443358182378,3,ok,P8 · nvs05202:Transcriptional misregulatio...
AMY,CS20230722_SUPT_0001,0001 CLA-EPd-CTX Car3 Glut_1,9,P9,TOPO_DOM:Extracellular,UP_SEQ_FEATURE,0.1787662874137116,0.426410127345008,0,ok,P9 · TOPO_DOM:Extracellular
AMY,CS20230722_SUPT_0001,0001 CLA-EPd-CTX Car3 Glut_1,10,P10,MOTIF:Cell attachment site,UP_SEQ_FEATURE,0.0016445740386125,0.9139193297503476,3,ok,P10 · MOTIF:Cell attachment site
AMY,CS20230722_SUPT_0001,0001 CLA-EPd-CTX Car3 Glut_1,11,P11,CARBOHYD:N-linked (GlcNAc...) asparagine,UP_SEQ_FEATURE,3.9585366671555906e-5,2.1828790689981408,29,ok,P11 · CARBOHYD:N-linked (GlcNAc...) asparagine
AMY,CS20230722_SUPT_0001,0001 CLA-EPd-CTX Car3 Glut_1,12,P12,cell surface,GOTERM_CC_DIRECT,0.00906838566695854,1.1609199310196563,13,ok,P12 · cell surface
AMY,CS20230722_SUPT_0001,0001 CLA-EPd-CTX Car3 Glut_1,13,P13,plasma membrane,GOTERM_CC_DIRECT,0.00334562092894862,1.469493787820103,9,ok,P13 · plasma membrane
AMY,CS20230722_SUPT_0001,0001 CLA-EPd-CTX Car3 Glut_1,14,P14,cellular_component,GOTERM_CC_DIRECT,0.02961912276966947,1.0549352566931651,1,ok,P14 · cellular_component
AMY,CS20230722_SUPT_0001,0001 CLA-EPd-CTX Car3 Glut_1,15,P15,positive regulation of synapse assembly,GOTERM_BP_DIRECT,7.594125564490513e-5,2.0046352946914525,10,ok,P15 · positive regulation of synapse assembly
AMY,CS20230722_SUPT_0001,0001 CLA-EPd-CTX Car3 Glut_1,16,P16,Membrane,UP_KW_CELLULAR_COMPONENT,8.963691905427436e-5,1.4101098234220664,12,ok,P16 · Membrane
AMY,CS20230722_SUPT_0001,0001 CLA-EPd-CTX Car3 Glut_1,17,P17,cell surface,GOTERM_CC_DIRECT,1.498584259461e-4,2.434307121876418,21,ok,P17 · cell surface
AMY,CS20230722_SUPT_0001,0001 CLA-EPd-CTX Car3 Glut_1,18,P18,cytoplasm,GOTERM_CC_DIRECT,0.07879903494173893,0.6467711960990615,0,ok,P18 · cytoplasm
AMY,CS20230722_SUPT_0001,0001 CLA-EPd-CTX Car3 Glut_1,19,P19,cytoplasm,GOTERM_CC_DIRECT,0.34313882458219347,0.3034063130664922,0,ok,P19 · cytoplasm
AMY,CS20230722_SUPT_0003,0003 IT EP-CLA Glut_1,0,P0,Membrane,UP_KW_CELLULAR_COMPONENT,0.07891718057706194,0.5929656643014465,0,ok,P0 · Membrane
AMY,CS20230722_SUPT_0003,0003 IT EP-CLA Glut_1,1,P1,Calcium,UP_KW_LIGAND,0.00364883131612777,1.4823858670807335,11,ok,P1 · Calcium
AMY,CS20230722_SUPT_0003,0003 IT EP-CLA Glut_1,2,P2,plasma membrane,GOTERM_CC_DIRECT,0.01850798825417858,1.0970908755632898,4,ok,P2 · plasma membrane
AMY,CS20230722_SUPT_0003,0003 IT EP-CLA Glut_1,3,P3,IPR003598:Ig_sub2,INTERPRO,1.1945872232553926e-5,2.025015836581224,25,ok,P3 · IPR003598:Ig_sub2
AMY,CS20230722_SUPT_0003,0003 IT EP-CLA Glut_1,4,P4,mmu04218:Cellular senescence,KEGG_PATHWAY,0.00253723065156592,1.334366487215716,11,ok,P4 · mmu04218:Cellular senescence
AMY,CS20230722_SUPT_0003,0003 IT EP-CLA Glut_1,5,P5,Palmitate,UP_KW_PTM,2.3029059458439e-4,1.0835574985141818,8,ok,P5 · Palmitate
AMY,CS20230722_SUPT_0003,0003 IT EP-CLA Glut_1,6,P6,Glycoprotein,UP_KW_PTM,3.0055207083176e-4,1.938753479122586,14,ok,P6 · Glycoprotein
AMY,CS20230722_SUPT_0003,0003 IT EP-CLA Glut_1,7,P7,TRANSMEM:Helical,UP_SEQ_FEATURE,0.44535159072523617,0.22540242247778433,0,ok,P7 · TRANSMEM:Helical
AMY,CS20230722_SUPT_0003,0003 IT EP-CLA Glut_1,8,P8,vasculogenesis,GOTERM_BP_DIRECT,1.0903853931645027e-5,1.3729678337809448,11,ok,P8 · vasculogenesis
AMY,CS20230722_SUPT_0003,0003 IT EP-CLA Glut_1,9,P9,mmu05135:Yersinia infection,KEGG_PATHWAY,0.00394029280904868,2.1405654451482987,4,ok,P9 · mmu05135:Yersinia infection
AMY,CS20230722_SUPT_0003,0003 IT EP-CLA Glut_1,10,P10,CARBOHYD:N-linked (GlcNAc...) asparagine,UP_SEQ_FEATURE,1.6068194259356e-4,2.818692859899335,11,ok,P10 · CARBOHYD:N-linked (GlcNAc...) asparagine
AMY,CS20230722_SUPT_0003,0003 IT EP-CLA Glut_1,11,P11,mmu04144:Endocytosis,KEGG_PATHWAY,0.00103571993751934,1.3662277334499966,4,ok,P11 · mmu04144:Endocytosis
AMY,CS20230722_SUPT_0003,0003 IT EP-CLA Glut_1,12,P12,TRANSMEM:Helical,UP_SEQ_FEATURE,0.12453702405755164,0.4126052694924636,0,ok,P12 · TRANSMEM:Helical
AMY,CS20230722_SUPT_0003,0003 IT EP-CLA Glut_1,13,P13,positive regulation of defense response to virus by host,GOTERM_BP_DIRECT,3.309126714773e-4,1.14577472699061,6,ok,P13 · positive regulation of defense respon...
AMY,CS20230722_SUPT_0003,0003 IT EP-CLA Glut_1,14,P14,COMPBIAS:Low complexity,UP_SEQ_FEATURE,0.05875245892465799,0.9440798391845724,0,ok,P14 · COMPBIAS:Low complexity
AMY,CS20230722_SUPT_0003,0003 IT EP-CLA Glut_1,15,P15,mmu04080:Neuroactive ligand-receptor interaction,KEGG_PATHWAY,0.01059338180495488,1.2311733261146576,7,ok,P15 · mmu04080:Neuroactive ligand-receptor ...
AMY,CS20230722_SUPT_0003,0003 IT EP-CLA Glut_1,16,P16,membrane,GOTERM_CC_DIRECT,0.05068679562163448,0.7743179881848797,0,ok,P16 · membrane
AMY,CS20230722_SUPT_0003,0003 IT EP-CLA Glut_1,17,P17,Ion channel,UP_KW_MOLECULAR_FUNCTION,0.00652308755203158,0.7243868254018709,3,ok,P17 · Ion channel
AMY,CS20230722_SUPT_0003,0003 IT EP-CLA Glut_1,18,P18,IPR011993:PH-like_dom_sf,INTERPRO,0.01184643599195193,1.2886203131331129,2,ok,P18 · IPR011993:PH-like_dom_sf
AMY,CS20230722_SUPT_0003,0003 IT EP-CLA Glut_1,19,P19,IPR013098:Ig_I-set,INTERPRO,0.0047754215824429,1.9012844552244603,19,ok,P19 · IPR013098:Ig_I-set
AMY,CS20230722_SUPT_0004,0004 IT EP-CLA Glut_2,0,P0,IPR050402:OR51/52/56-like,INTERPRO,0.00361547194587499,0.8864475022286148,3,ok,P0 · IPR050402:OR51/52/56-like
AMY,CS20230722_SUPT_0004,0004 IT EP-CLA Glut_2,1,P1,glutamatergic synapse,GOTERM_CC_DIRECT,0.00111046248731672,1.41003107970648,10,ok,P1 · glutamatergic synapse
AMY,CS20230722_SUPT_0004,0004 IT EP-CLA Glut_2,2,P2,excitatory synapse assembly,GOTERM_BP_DIRECT,5.1826757200606776e-5,1.2567971307362231,12,ok,P2 · excitatory synapse assembly
AMY,CS20230722_SUPT_0004,0004 IT EP-CLA Glut_2,3,P3,neuronal cell body,GOTERM_CC_DIRECT,7.9683112005454e-4,1.0926465564079897,3,ok,P3 · neuronal cell body
AMY,CS20230722_SUPT_0004,0004 IT EP-CLA Glut_2,4,P4,ZN_FING:C2H2-type 1,UP_SEQ_FEATURE,9.0280368264063e-4,1.8713345294249113,20,ok,P4 · ZN_FING:C2H2-type 1
AMY,CS20230722_SUPT_0004,0004 IT EP-CLA Glut_2,5,P5,Disulfide bond,UP_KW_PTM,0.1131157351118086,0.4857951086863614,0,ok,P5 · Disulfide bond
AMY,CS20230722_SUPT_0004,0004 IT EP-CLA Glut_2,6,P6,IPR009030:Growth_fac_rcpt_cys_sf,INTERPRO,0.00199908920588023,1.7534146349156647,8,ok,P6 · IPR009030:Growth_fac_rcpt_cys_sf
AMY,CS20230722_SUPT_0004,0004 IT EP-CLA Glut_2,7,P7,COMPBIAS:Low complexity,UP_SEQ_FEATURE,0.03826018056811254,0.6769505989001694,1,ok,P7 · COMPBIAS:Low complexity
AMY,CS20230722_SUPT_0004,0004 IT EP-CLA Glut_2,8,P8,DOMAIN:Ig-like C2-type 3,UP_SEQ_FEATURE,2.2900561635153e-4,2.0081317891800854,37,ok,P8 · DOMAIN:Ig-like C2-type 3
AMY,CS20230722_SUPT_0004,0004 IT EP-CLA Glut_2,9,P9,nucleus,GOTERM_CC_DIRECT,0.04872075341987787,0.5937598841468273,1,ok,P9 · nucleus
AMY,CS20230722_SUPT_0004,0004 IT EP-CLA Glut_2,10,P10,Metal-binding,UP_KW_LIGAND,0.08356047899318073,0.7796732723890651,0,ok,P10 · Metal-binding
AMY,CS20230722_SUPT_0004,0004 IT EP-CLA Glut_2,11,P11,Extracellular matrix,UP_KW_CELLULAR_COMPONENT,3.0659012191846e-4,2.4449353892596823,16,ok,P11 · Extracellular matrix
AMY,CS20230722_SUPT_0004,0004 IT EP-CLA Glut_2,12,P12,Membrane,UP_KW_CELLULAR_COMPONENT,0.0251745177995419,0.945920920416356,2,ok,P12 · Membrane
AMY,CS20230722_SUPT_0004,0004 IT EP-CLA Glut_2,13,P13,Inflammatory response,UP_KW_BIOLOGICAL_PROCESS,1.7380977498037e-4,2.8435689485768414,37,ok,P13 · Inflammatory response
AMY,CS20230722_SUPT_0004,0004 IT EP-CLA Glut_2,14,P14,mmu04080:Neuroactive ligand-receptor interaction,KEGG_PATHWAY,0.01717004731557198,0.7566055514837534,1,ok,P14 · mmu04080:Neuroactive ligand-receptor ...
AMY,CS20230722_SUPT_0004,0004 IT EP-CLA Glut_2,15,P15,plasma membrane,GOTERM_CC_DIRECT,0.00185867011458395,1.6851336951087956,6,ok,P15 · plasma membrane
AMY,CS20230722_SUPT_0004,0004 IT EP-CLA Glut_2,16,P16,COMPBIAS:Low complexity,UP_SEQ_FEATURE,0.14809503187458525,0.6044356808583534,0,ok,P16 · COMPBIAS:Low complexity
AMY,CS20230722_SUPT_0004,0004 IT EP-CLA Glut_2,17,P17,postsynaptic membrane,GOTERM_CC_DIRECT,0.00971740571264651,0.990517591165407,5,ok,P17 · postsynaptic membrane
AMY,CS20230722_SUPT_0004,0004 IT EP-CLA Glut_2,18,P18,COMPBIAS:Polar residues,UP_SEQ_FEATURE,0.00452670290880004,1.6945938307355417,5,ok,P18 · COMPBIAS:Polar residues
AMY,CS20230722_SUPT_0004,0004 IT EP-CLA Glut_2,19,P19,COMPBIAS:Acidic residues,UP_SEQ_FEATURE,0.06251265135392695,0.7295528996795667,0,ok,P19 · COMPBIAS:Acidic residues
AMY,CS20230722_SUPT_0038,0038 L2/3 IT ENT Glut_6,0,P0,cell adhesion,GOTERM_BP_DIRECT,1.8049334268938e-4,2.8401685880149685,44,ok,P0 · cell adhesion
AMY,CS20230722_SUPT_0038,0038 L2/3 IT ENT Glut_6,1,P1,COMPBIAS:Polar residues,UP_SEQ_FEATURE,0.01529704373130666,1.088103146243387,1,ok,P1 · COMPBIAS:Polar residues
AMY,CS20230722_SUPT_0038,0038 L2/3 IT ENT Glut_6,2,P2,Membrane,UP_KW_CELLULAR_COMPONENT,0.153474970116306,0.6569303036717723,0,ok,P2 · Membrane
AMY,CS20230722_SUPT_0038,0038 L2/3 IT ENT Glut_6,3,P3,membrane raft,GOTERM_CC_DIRECT,0.0044797392206463,1.057740817792676,6,ok,P3 · membrane raft
AMY,CS20230722_SUPT_0038,0038 L2/3 IT ENT Glut_6,4,P4,COMPBIAS:Basic and acidic residues,UP_SEQ_FEATURE,0.5329395106878123,0.19137062092527757,0,ok,P4 · COMPBIAS:Basic and acidic residues
AMY,CS20230722_SUPT_0038,0038 L2/3 IT ENT Glut_6,5,P5,positive regulation of filopodium assembly,GOTERM_BP_DIRECT,1.2130954412888e-4,1.750394506142606,4,ok,P5 · positive regulation of filopodium ass...
AMY,CS20230722_SUPT_0038,0038 L2/3 IT ENT Glut_6,6,P6,CARBOHYD:N-linked (GlcNAc...) asparagine,UP_SEQ_FEATURE,9.161598363854064e-5,1.9715467327809857,13,ok,P6 · CARBOHYD:N-linked (GlcNAc...) asparagine
AMY,CS20230722_SUPT_0038,0038 L2/3 IT ENT Glut_6,7,P7,cell surface,GOTERM_CC_DIRECT,0.00943451104120889,0.7692706204046215,3,ok,P7 · cell surface
AMY,CS20230722_SUPT_0038,0038 L2/3 IT ENT Glut_6,8,P8,IPR001849:PH_domain,INTERPRO,0.00135978153523239,1.788950586802296,10,ok,P8 · IPR001849:PH_domain
AMY,CS20230722_SUPT_0038,0038 L2/3 IT ENT Glut_6,9,P9,"DNA-binding transcription activator activity, RNA polymerase II-specific",GOTERM_MF_DIRECT,0.00142532909692374,1.1731370740109903,6,ok,P9 · DNA-binding transcription activator a...
AMY,CS20230722_SUPT_0038,0038 L2/3 IT ENT Glut_6,10,P10,MOTIF:Cell attachment site,UP_SEQ_FEATURE,0.00203342405375678,1.3370315534587685,6,ok,P10 · MOTIF:Cell attachment site
AMY,CS20230722_SUPT_0038,0038 L2/3 IT ENT Glut_6,11,P11,mmu04080:Neuroactive ligand-receptor interaction,KEGG_PATHWAY,0.00155391928866516,1.7229966943163424,20,ok,P11 · mmu04080:Neuroactive ligand-receptor ...
AMY,CS20230722_SUPT_0038,0038 L2/3 IT ENT Glut_6,12,P12,cytoplasm,GOTERM_CC_DIRECT,0.0472631626617966,0.9211824036021689,1,ok,P12 · cytoplasm
AMY,CS20230722_SUPT_0038,0038 L2/3 IT ENT Glut_6,13,P13,CARBOHYD:N-linked (GlcNAc...) asparagine,UP_SEQ_FEATURE,0.04901346467161623,0.6488651217702924,1,ok,P13 · CARBOHYD:N-linked (GlcNAc...) asparagine
AMY,CS20230722_SUPT_0038,0038 L2/3 IT ENT Glut_6,14,P14,neuronal cell body,GOTERM_CC_DIRECT,0.01906916494034971,0.5598245394985718,2,ok,P14 · neuronal cell body
AMY,CS20230722_SUPT_0038,0038 L2/3 IT ENT Glut_6,15,P15,CARBOHYD:N-linked (GlcNAc...) asparagine,UP_SEQ_FEATURE,3.3907920728317e-4,1.6005826889712569,23,ok,P15 · CARBOHYD:N-linked (GlcNAc...) asparagine
AMY,CS20230722_SUPT_0038,0038 L2/3 IT ENT Glut_6,16,P16,Ion transport,UP_KW_BIOLOGICAL_PROCESS,0.0616883325395135,0.37566070147406055,0,ok,P16 · Ion transport
AMY,CS20230722_SUPT_0038,0038 L2/3 IT ENT Glut_6,17,P17,Golgi membrane,GOTERM_CC_DIRECT,0.00789085877675688,0.9081097816125836,4,ok,P17 · Golgi membrane
AMY,CS20230722_SUPT_0038,0038 L2/3 IT ENT Glut_6,18,P18,biological_process,GOTERM_BP_DIRECT,5.6992012751684985e-8,6.401030019949392,4,ok,P18 · biological_process
AMY,CS20230722_SUPT_0038,0038 L2/3 IT ENT Glut_6,19,P19,Developmental protein,UP_KW_MOLECULAR_FUNCTION,0.00451217090375186,1.2023905073914607,7,ok,P19 · Developmental protein
AMY,CS20230722_SUPT_0039,0039 L2/3 IT PIR-ENTl Glut_1,0,P0,Homeobox,UP_KW_DOMAIN,0.01032859948459196,1.1745098944356618,7,ok,P0 · Homeobox
AMY,CS20230722_SUPT_0039,0039 L2/3 IT PIR-ENTl Glut_1,1,P1,COMPBIAS:Polar residues,UP_SEQ_FEATURE,0.00182161527957042,1.5805936628532036,13,ok,P1 · COMPBIAS:Polar residues
AMY,CS20230722_SUPT_0039,0039 L2/3 IT PIR-ENTl Glut_1,2,P2,Disulfide bond,UP_KW_PTM,0.00123140283057899,2.614807577778812,6,ok,P2 · Disulfide bond
AMY,CS20230722_SUPT_0039,0039 L2/3 IT PIR-ENTl Glut_1,3,P3,membrane,GOTERM_CC_DIRECT,0.00248786282427849,1.741611188589535,31,ok,P3 · membrane
AMY,CS20230722_SUPT_0039,0039 L2/3 IT PIR-ENTl Glut_1,4,P4,protein binding,GOTERM_MF_DIRECT,0.00480601930307414,0.6710895471922426,1,ok,P4 · protein binding
AMY,CS20230722_SUPT_0039,0039 L2/3 IT PIR-ENTl Glut_1,5,P5,Cell membrane,UP_KW_CELLULAR_COMPONENT,0.01245337273654623,0.938252368193713,2,ok,P5 · Cell membrane
AMY,CS20230722_SUPT_0039,0039 L2/3 IT PIR-ENTl Glut_1,6,P6,Disulfide bond,UP_KW_PTM,0.06713326934342417,0.5139943755718943,0,ok,P6 · Disulfide bond
AMY,CS20230722_SUPT_0039,0039 L2/3 IT PIR-ENTl Glut_1,7,P7,zinc ion binding,GOTERM_MF_DIRECT,0.00346233843365993,1.2228329152706277,3,ok,P7 · zinc ion binding
AMY,CS20230722_SUPT_0039,0039 L2/3 IT PIR-ENTl Glut_1,8,P8,L-amino acid transmembrane transporter activity,GOTERM_MF_DIRECT,2.1450661113077e-4,1.7545432893571828,13,ok,P8 · L-amino acid transmembrane transporte...
AMY,CS20230722_SUPT_0039,0039 L2/3 IT PIR-ENTl Glut_1,9,P9,cellular response to hypoxia,GOTERM_BP_DIRECT,2.1554401563618e-4,1.777955479023337,10,ok,P9 · cellular response to hypoxia
AMY,CS20230722_SUPT_0039,0039 L2/3 IT PIR-ENTl Glut_1,10,P10,Extracellular matrix,UP_KW_CELLULAR_COMPONENT,0.00378352342095432,2.043882662290895,14,ok,P10 · Extracellular matrix
AMY,CS20230722_SUPT_0039,0039 L2/3 IT PIR-ENTl Glut_1,11,P11,COMPBIAS:Acidic residues,UP_SEQ_FEATURE,0.04813057324636941,0.9405499281295722,1,ok,P11 · COMPBIAS:Acidic residues
AMY,CS20230722_SUPT_0039,0039 L2/3 IT PIR-ENTl Glut_1,12,P12,monoatomic ion transport,GOTERM_BP_DIRECT,0.00902753221801214,1.178092851831632,4,ok,P12 · monoatomic ion transport
AMY,CS20230722_SUPT_0039,0039 L2/3 IT PIR-ENTl Glut_1,13,P13,protein kinase activity,GOTERM_MF_DIRECT,5.144266644277e-4,2.094706451570545,17,ok,P13 · protein kinase activity
AMY,CS20230722_SUPT_0039,0039 L2/3 IT PIR-ENTl Glut_1,14,P14,Extracellular matrix,UP_KW_CELLULAR_COMPONENT,0.00505855950964205,1.2787290438226848,7,ok,P14 · Extracellular matrix
AMY,CS20230722_SUPT_0039,0039 L2/3 IT PIR-ENTl Glut_1,15,P15,mmu04820:Cytoskeleton in muscle cells,KEGG_PATHWAY,0.00253708695899432,1.103221249693239,3,ok,P15 · mmu04820:Cytoskeleton in muscle cells
AMY,CS20230722_SUPT_0039,0039 L2/3 IT PIR-ENTl Glut_1,16,P16,CARBOHYD:N-linked (GlcNAc...) asparagine,UP_SEQ_FEATURE,8.617849714757846e-5,2.420492919414603,34,ok,P16 · CARBOHYD:N-linked (GlcNAc...) asparagine
AMY,CS20230722_SUPT_0039,0039 L2/3 IT PIR-ENTl Glut_1,17,P17,Cytoplasm,UP_KW_CELLULAR_COMPONENT,0.04336945528555556,0.7794659632924911,1,ok,P17 · Cytoplasm
AMY,CS20230722_SUPT_0039,0039 L2/3 IT PIR-ENTl Glut_1,18,P18,cytoskeleton,GOTERM_CC_DIRECT,7.021944920691129e-5,1.918185905411128,9,ok,P18 · cytoskeleton
AMY,CS20230722_SUPT_0039,0039 L2/3 IT PIR-ENTl Glut_1,19,P19,mmu04020:Calcium signaling pathway,KEGG_PATHWAY,7.766785689074582e-5,1.8820325821096713,13,ok,P19 · mmu04020:Calcium signaling pathway
AMY,CS20230722_SUPT_0040,0040 L2/3 IT PIR-ENTl Glut_2,0,P0,Heparin-binding,UP_KW_MOLECULAR_FUNCTION,0.00108696249310169,1.4484011428046264,5,ok,P0 · Heparin-binding
AMY,CS20230722_SUPT_0040,0040 L2/3 IT PIR-ENTl Glut_2,1,P1,enzyme binding,GOTERM_MF_DIRECT,0.00492476736273909,1.223545365338438,9,ok,P1 · enzyme binding
AMY,CS20230722_SUPT_0040,0040 L2/3 IT PIR-ENTl Glut_2,2,P2,membrane,GOTERM_CC_DIRECT,0.00210477879667882,1.159415570947926,4,ok,P2 · membrane
AMY,CS20230722_SUPT_0040,0040 L2/3 IT PIR-ENTl Glut_2,3,P3,COMPBIAS:Basic and acidic residues,UP_SEQ_FEATURE,0.1162849568324824,0.43243078672654783,0,ok,P3 · COMPBIAS:Basic and acidic residues
AMY,CS20230722_SUPT_0040,0040 L2/3 IT PIR-ENTl Glut_2,4,P4,CARBOHYD:N-linked (GlcNAc...) asparagine,UP_SEQ_FEATURE,0.00678677655038754,1.5687565607516416,7,ok,P4 · CARBOHYD:N-linked (GlcNAc...) asparagine
AMY,CS20230722_SUPT_0040,0040 L2/3 IT PIR-ENTl Glut_2,5,P5,CARBOHYD:N-linked (GlcNAc...) asparagine,UP_SEQ_FEATURE,0.0024649957452552,1.4125056877691489,15,ok,P5 · CARBOHYD:N-linked (GlcNAc...) asparagine
AMY,CS20230722_SUPT_0040,0040 L2/3 IT PIR-ENTl Glut_2,6,P6,TOPO_DOM:Cytoplasmic,UP_SEQ_FEATURE,0.04848712163507177,0.8225316920674017,1,ok,P6 · TOPO_DOM:Cytoplasmic
AMY,CS20230722_SUPT_0040,0040 L2/3 IT PIR-ENTl Glut_2,7,P7,DNA_BIND:Homeobox,UP_SEQ_FEATURE,0.02108457991033325,1.0138974813259842,4,ok,P7 · DNA_BIND:Homeobox
AMY,CS20230722_SUPT_0040,0040 L2/3 IT PIR-ENTl Glut_2,8,P8,DOMAIN:Fibronectin type-III,UP_SEQ_FEATURE,6.3910488196279e-4,1.7408204772125484,28,ok,P8 · DOMAIN:Fibronectin type-III
AMY,CS20230722_SUPT_0040,0040 L2/3 IT PIR-ENTl Glut_2,9,P9,nvs05202:Transcriptional misregulation in cancer,KEGG_PATHWAY,0.00295378226718425,1.0728662197722827,5,ok,P9 · nvs05202:Transcriptional misregulatio...
AMY,CS20230722_SUPT_0040,0040 L2/3 IT PIR-ENTl Glut_2,10,P10,protein kinase activity,GOTERM_MF_DIRECT,0.00242422992004912,1.6869928377471457,17,ok,P10 · protein kinase activity
AMY,CS20230722_SUPT_0040,0040 L2/3 IT PIR-ENTl Glut_2,11,P11,Cell membrane,UP_KW_CELLULAR_COMPONENT,0.036200029079724,0.42167094539944405,1,ok,P11 · Cell membrane
AMY,CS20230722_SUPT_0040,0040 L2/3 IT PIR-ENTl Glut_2,12,P12,NA,NA,NA,NA,0,no_terms,P12
AMY,CS20230722_SUPT_0040,0040 L2/3 IT PIR-ENTl Glut_2,13,P13,Calcium,UP_KW_LIGAND,0.1401305170184341,0.6128518521679698,0,ok,P13 · Calcium
AMY,CS20230722_SUPT_0040,0040 L2/3 IT PIR-ENTl Glut_2,14,P14,COMPBIAS:Gly residues,UP_SEQ_FEATURE,0.13182709018050368,0.3694621306064243,0,ok,P14 · COMPBIAS:Gly residues
AMY,CS20230722_SUPT_0040,0040 L2/3 IT PIR-ENTl Glut_2,15,P15,COMPBIAS:Polar residues,UP_SEQ_FEATURE,0.01515639274275878,1.0596456978094289,3,ok,P15 · COMPBIAS:Polar residues
AMY,CS20230722_SUPT_0040,0040 L2/3 IT PIR-ENTl Glut_2,16,P16,COMPBIAS:Polar residues,UP_SEQ_FEATURE,0.00321062582603836,1.815557144786392,6,ok,P16 · COMPBIAS:Polar residues
AMY,CS20230722_SUPT_0040,0040 L2/3 IT PIR-ENTl Glut_2,17,P17,COMPBIAS:Basic and acidic residues,UP_SEQ_FEATURE,0.00775173821828668,1.4199191722659046,5,ok,P17 · COMPBIAS:Basic and acidic residues
AMY,CS20230722_SUPT_0040,0040 L2/3 IT PIR-ENTl Glut_2,18,P18,Transmembrane helix,UP_KW_DOMAIN,0.00494514687249586,1.4384321397668398,16,ok,P18 · Transmembrane helix
AMY,CS20230722_SUPT_0040,0040 L2/3 IT PIR-ENTl Glut_2,19,P19,SM00181:EGF,SMART,0.00162764352722078,1.800582346074676,10,ok,P19 · SM00181:EGF
AMY,CS20230722_SUPT_0041,0041 L2/3 IT PIR-ENTl Glut_3,0,P0,ACT_SITE:Proton acceptor,UP_SEQ_FEATURE,1.4188798396339e-4,1.67485093085173,11,ok,P0 · ACT_SITE:Proton acceptor
AMY,CS20230722_SUPT_0041,0041 L2/3 IT PIR-ENTl Glut_3,1,P1,SM00181:EGF,SMART,0.02184039476434149,1.405111281871649,11,ok,P1 · SM00181:EGF
AMY,CS20230722_SUPT_0041,0041 L2/3 IT PIR-ENTl Glut_3,2,P2,neuronal cell body,GOTERM_CC_DIRECT,4.9568936633622e-4,2.8184156576979182,8,ok,P2 · neuronal cell body
AMY,CS20230722_SUPT_0041,0041 L2/3 IT PIR-ENTl Glut_3,3,P3,nucleus,GOTERM_CC_DIRECT,0.00458210290930516,1.557986309220526,3,ok,P3 · nucleus
AMY,CS20230722_SUPT_0041,0041 L2/3 IT PIR-ENTl Glut_3,4,P4,DNA binding,GOTERM_MF_DIRECT,0.07291052106728999,0.6561619528257249,0,ok,P4 · DNA binding
AMY,CS20230722_SUPT_0041,0041 L2/3 IT PIR-ENTl Glut_3,5,P5,Phosphoprotein,UP_KW_PTM,0.1804495434994945,0.44767900416680534,0,ok,P5 · Phosphoprotein
AMY,CS20230722_SUPT_0041,0041 L2/3 IT PIR-ENTl Glut_3,6,P6,mmu05020:Prion disease,KEGG_PATHWAY,7.4191012909534e-4,1.9664020172035703,15,ok,P6 · mmu05020:Prion disease
AMY,CS20230722_SUPT_0041,0041 L2/3 IT PIR-ENTl Glut_3,7,P7,CARBOHYD:N-linked (GlcNAc...) asparagine,UP_SEQ_FEATURE,6.5123855947438e-4,1.371722205780651,8,ok,P7 · CARBOHYD:N-linked (GlcNAc...) asparagine
AMY,CS20230722_SUPT_0041,0041 L2/3 IT PIR-ENTl Glut_3,8,P8,Golgi apparatus,UP_KW_CELLULAR_COMPONENT,0.00198158186017589,0.7209561561580357,4,ok,P8 · Golgi apparatus
AMY,CS20230722_SUPT_0041,0041 L2/3 IT PIR-ENTl Glut_3,9,P9,vasodilation,GOTERM_BP_DIRECT,0.00296312550014901,1.5620362630716529,7,ok,P9 · vasodilation
AMY,CS20230722_SUPT_0041,0041 L2/3 IT PIR-ENTl Glut_3,10,P10,Flagellum,UP_KW_CELLULAR_COMPONENT,2.3126952788319e-4,1.595855616973335,5,ok,P10 · Flagellum
AMY,CS20230722_SUPT_0041,0041 L2/3 IT PIR-ENTl Glut_3,11,P11,Methylation,UP_KW_PTM,0.00274082023506994,2.389136741489161,19,ok,P11 · Methylation
AMY,CS20230722_SUPT_0041,0041 L2/3 IT PIR-ENTl Glut_3,12,P12,phosphoric diester hydrolase activity,GOTERM_MF_DIRECT,9.1652304684517e-4,1.6227266771664903,9,ok,P12 · phosphoric diester hydrolase activity
AMY,CS20230722_SUPT_0041,0041 L2/3 IT PIR-ENTl Glut_3,13,P13,mmu05200:Pathways in cancer,KEGG_PATHWAY,0.0145592498688548,1.4875854585410528,3,ok,P13 · mmu05200:Pathways in cancer
AMY,CS20230722_SUPT_0041,0041 L2/3 IT PIR-ENTl Glut_3,14,P14,mmu04082:Neuroactive ligand signaling,KEGG_PATHWAY,0.00440115159076185,1.213532944964797,5,ok,P14 · mmu04082:Neuroactive ligand signaling
AMY,CS20230722_SUPT_0041,0041 L2/3 IT PIR-ENTl Glut_3,15,P15,intracellular signal transduction,GOTERM_BP_DIRECT,4.588307580241818e-5,1.897565794385192,6,ok,P15 · intracellular signal transduction
AMY,CS20230722_SUPT_0041,0041 L2/3 IT PIR-ENTl Glut_3,16,P16,biological_process,GOTERM_BP_DIRECT,0.00184176634389478,2.110664120779736,4,ok,P16 · biological_process
AMY,CS20230722_SUPT_0041,0041 L2/3 IT PIR-ENTl Glut_3,17,P17,DOMAIN:Ig-like C2-type 3,UP_SEQ_FEATURE,1.6005309736644e-4,2.4726116915524017,42,ok,P17 · DOMAIN:Ig-like C2-type 3
AMY,CS20230722_SUPT_0041,0041 L2/3 IT PIR-ENTl Glut_3,18,P18,synapse,GOTERM_CC_DIRECT,1.7741134455155e-4,1.3311075202770708,11,ok,P18 · synapse
AMY,CS20230722_SUPT_0041,0041 L2/3 IT PIR-ENTl Glut_3,19,P19,molecular_function,GOTERM_MF_DIRECT,0.0945982443185782,0.8153137904496399,0,ok,P19 · molecular_function
AMY,CS20230722_SUPT_0042,0042 L2/3 IT PIR-ENTl Glut_4,0,P0,signal transduction,GOTERM_BP_DIRECT,5.7398875968359e-4,1.635190233245808,1,ok,P0 · signal transduction
AMY,CS20230722_SUPT_0042,0042 L2/3 IT PIR-ENTl Glut_4,1,P1,TOPO_DOM:Cytoplasmic,UP_SEQ_FEATURE,0.00321638152340198,1.4732722468020565,12,ok,P1 · TOPO_DOM:Cytoplasmic
AMY,CS20230722_SUPT_0042,0042 L2/3 IT PIR-ENTl Glut_4,2,P2,glutamatergic synapse,GOTERM_CC_DIRECT,4.587509452587451e-7,2.338701409055372,56,ok,P2 · glutamatergic synapse
AMY,CS20230722_SUPT_0042,0042 L2/3 IT PIR-ENTl Glut_4,3,P3,cell surface,GOTERM_CC_DIRECT,0.00297300974206389,1.2093273455883642,10,ok,P3 · cell surface
AMY,CS20230722_SUPT_0042,0042 L2/3 IT PIR-ENTl Glut_4,4,P4,cellular_component,GOTERM_CC_DIRECT,0.04051383413700901,0.9798939037395362,1,ok,P4 · cellular_component
AMY,CS20230722_SUPT_0042,0042 L2/3 IT PIR-ENTl Glut_4,5,P5,Extracellular matrix,UP_KW_CELLULAR_COMPONENT,0.0155655035613375,1.313535705293344,6,ok,P5 · Extracellular matrix
AMY,CS20230722_SUPT_0042,0042 L2/3 IT PIR-ENTl Glut_4,6,P6,Cell membrane,UP_KW_CELLULAR_COMPONENT,0.0235739631720937,0.7211047802024577,2,ok,P6 · Cell membrane
AMY,CS20230722_SUPT_0042,0042 L2/3 IT PIR-ENTl Glut_4,7,P7,Secreted,UP_KW_CELLULAR_COMPONENT,0.05975008116426145,0.811429411551253,0,ok,P7 · Secreted
AMY,CS20230722_SUPT_0042,0042 L2/3 IT PIR-ENTl Glut_4,8,P8,TOPO_DOM:Cytoplasmic,UP_SEQ_FEATURE,1.0169980308393e-4,1.975951021436654,22,ok,P8 · TOPO_DOM:Cytoplasmic
AMY,CS20230722_SUPT_0042,0042 L2/3 IT PIR-ENTl Glut_4,9,P9,signaling receptor binding,GOTERM_MF_DIRECT,0.00164319266263683,1.7197085950660391,17,ok,P9 · signaling receptor binding
AMY,CS20230722_SUPT_0042,0042 L2/3 IT PIR-ENTl Glut_4,10,P10,mmu00630:Glyoxylate and dicarboxylate metabolism,KEGG_PATHWAY,3.0181443434103e-4,1.158547906486299,7,ok,P10 · mmu00630:Glyoxylate and dicarboxylate...
AMY,CS20230722_SUPT_0042,0042 L2/3 IT PIR-ENTl Glut_4,11,P11,CARBOHYD:N-linked (GlcNAc...) asparagine,UP_SEQ_FEATURE,0.00365488312697831,1.5229074746584306,17,ok,P11 · CARBOHYD:N-linked (GlcNAc...) asparagine
AMY,CS20230722_SUPT_0042,0042 L2/3 IT PIR-ENTl Glut_4,12,P12,COMPBIAS:Basic and acidic residues,UP_SEQ_FEATURE,3.8818274353624325e-5,2.874161606275046,7,ok,P12 · COMPBIAS:Basic and acidic residues
AMY,CS20230722_SUPT_0042,0042 L2/3 IT PIR-ENTl Glut_4,13,P13,COMPBIAS:Basic and acidic residues,UP_SEQ_FEATURE,0.31113725247575424,0.4093600288397299,0,ok,P13 · COMPBIAS:Basic and acidic residues
AMY,CS20230722_SUPT_0042,0042 L2/3 IT PIR-ENTl Glut_4,14,P14,CARBOHYD:N-linked (GlcNAc...) asparagine,UP_SEQ_FEATURE,0.07080692601389996,0.7189067053375087,0,ok,P14 · CARBOHYD:N-linked (GlcNAc...) asparagine
AMY,CS20230722_SUPT_0042,0042 L2/3 IT PIR-ENTl Glut_4,15,P15,cytoplasm,GOTERM_CC_DIRECT,0.04233245146023767,0.6575821916601936,1,ok,P15 · cytoplasm
AMY,CS20230722_SUPT_0042,0042 L2/3 IT PIR-ENTl Glut_4,16,P16,COMPBIAS:Low complexity,UP_SEQ_FEATURE,0.11200938112835689,0.656349903193446,0,ok,P16 · COMPBIAS:Low complexity
AMY,CS20230722_SUPT_0042,0042 L2/3 IT PIR-ENTl Glut_4,17,P17,COMPBIAS:Basic and acidic residues,UP_SEQ_FEATURE,0.0208853707756451,1.1376906805264555,1,ok,P17 · COMPBIAS:Basic and acidic residues
AMY,CS20230722_SUPT_0042,0042 L2/3 IT PIR-ENTl Glut_4,18,P18,CARBOHYD:N-linked (GlcNAc...) asparagine,UP_SEQ_FEATURE,0.00811478287801336,0.9338983233399828,7,ok,P18 · CARBOHYD:N-linked (GlcNAc...) asparagine
AMY,CS20230722_SUPT_0042,0042 L2/3 IT PIR-ENTl Glut_4,19,P19,Cilium,UP_KW_CELLULAR_COMPONENT,2.2233256218067e-4,1.9193022567392743,13,ok,P19 · Cilium
AMY,CS20230722_SUPT_0055,0055 MEA Slc17a7 Glut_1,0,P0,CARBOHYD:N-linked (GlcNAc...) asparagine,UP_SEQ_FEATURE,0.09695491613981733,0.4881260736484739,0,ok,P0 · CARBOHYD:N-linked (GlcNAc...) asparagine
AMY,CS20230722_SUPT_0055,0055 MEA Slc17a7 Glut_1,1,P1,IPR036465:vWFA_dom_sf,INTERPRO,1.3073199030992e-4,2.1567285271188212,35,ok,P1 · IPR036465:vWFA_dom_sf
AMY,CS20230722_SUPT_0055,0055 MEA Slc17a7 Glut_1,2,P2,mmu05200:Pathways in cancer,KEGG_PATHWAY,0.01098488682325748,1.299265808409269,4,ok,P2 · mmu05200:Pathways in cancer
AMY,CS20230722_SUPT_0055,0055 MEA Slc17a7 Glut_1,3,P3,COMPBIAS:Basic and acidic residues,UP_SEQ_FEATURE,0.1162849568324824,0.46698594318074815,0,ok,P3 · COMPBIAS:Basic and acidic residues
AMY,CS20230722_SUPT_0055,0055 MEA Slc17a7 Glut_1,4,P4,extracellular matrix organization,GOTERM_BP_DIRECT,0.00512319077065409,0.949738030131315,2,ok,P4 · extracellular matrix organization
AMY,CS20230722_SUPT_0055,0055 MEA Slc17a7 Glut_1,5,P5,Cell adhesion,UP_KW_BIOLOGICAL_PROCESS,5.0809277156748e-4,1.3889308756074346,5,ok,P5 · Cell adhesion
AMY,CS20230722_SUPT_0055,0055 MEA Slc17a7 Glut_1,6,P6,astrocyte projection,GOTERM_CC_DIRECT,4.5629472204341e-5,1.2747548153600177,6,ok,P6 · astrocyte projection
AMY,CS20230722_SUPT_0055,0055 MEA Slc17a7 Glut_1,7,P7,signaling receptor complex,GOTERM_CC_DIRECT,5.6057017984264e-4,1.5278820608395065,14,ok,P7 · signaling receptor complex
AMY,CS20230722_SUPT_0055,0055 MEA Slc17a7 Glut_1,8,P8,plasma membrane,GOTERM_CC_DIRECT,0.00139931562232516,1.2386786317306373,6,ok,P8 · plasma membrane
AMY,CS20230722_SUPT_0055,0055 MEA Slc17a7 Glut_1,9,P9,Extracellular matrix,UP_KW_CELLULAR_COMPONENT,0.00798265663050814,1.094857433828341,2,ok,P9 · Extracellular matrix
AMY,CS20230722_SUPT_0055,0055 MEA Slc17a7 Glut_1,10,P10,CARBOHYD:O-linked (Xyl...) (chondroitin sulfate) serine,UP_SEQ_FEATURE,7.780388523609e-4,2.37963406142344,12,ok,P10 · CARBOHYD:O-linked (Xyl...) (chondroit...
AMY,CS20230722_SUPT_0055,0055 MEA Slc17a7 Glut_1,11,P11,COMPBIAS:Polar residues,UP_SEQ_FEATURE,0.00236664782217853,1.3612199702174768,7,ok,P11 · COMPBIAS:Polar residues
AMY,CS20230722_SUPT_0055,0055 MEA Slc17a7 Glut_1,12,P12,cellular_component,GOTERM_CC_DIRECT,0.08178707304346822,0.8111290518044676,0,ok,P12 · cellular_component
AMY,CS20230722_SUPT_0055,0055 MEA Slc17a7 Glut_1,13,P13,REGION:Disordered,UP_SEQ_FEATURE,0.31894796283915294,0.4307239901164665,0,ok,P13 · REGION:Disordered
AMY,CS20230722_SUPT_0055,0055 MEA Slc17a7 Glut_1,14,P14,TOPO_DOM:Cytoplasmic,UP_SEQ_FEATURE,8.660920573194617e-5,1.7918268426486343,11,ok,P14 · TOPO_DOM:Cytoplasmic
AMY,CS20230722_SUPT_0055,0055 MEA Slc17a7 Glut_1,15,P15,IPR011993:PH-like_dom_sf,INTERPRO,8.844738653847593e-6,3.4128958073478444,13,ok,P15 · IPR011993:PH-like_dom_sf
AMY,CS20230722_SUPT_0055,0055 MEA Slc17a7 Glut_1,16,P16,Glycoprotein,UP_KW_PTM,0.41180252303333487,0.24995533498007208,0,ok,P16 · Glycoprotein
AMY,CS20230722_SUPT_0055,0055 MEA Slc17a7 Glut_1,17,P17,Cell membrane,UP_KW_CELLULAR_COMPONENT,0.01399840284720811,1.410089176900061,7,ok,P17 · Cell membrane
AMY,CS20230722_SUPT_0055,0055 MEA Slc17a7 Glut_1,18,P18,cell surface,GOTERM_CC_DIRECT,0.00167828086713508,1.1549715569014076,8,ok,P18 · cell surface
AMY,CS20230722_SUPT_0055,0055 MEA Slc17a7 Glut_1,19,P19,DOMAIN:Ricin B lectin,UP_SEQ_FEATURE,3.4011896211531e-4,2.039531925892144,25,ok,P19 · DOMAIN:Ricin B lectin
AMY,CS20230722_SUPT_0056,0056 MEA Slc17a7 Glut_2,0,P0,CARBOHYD:N-linked (GlcNAc...) asparagine,UP_SEQ_FEATURE,0.16022944211015494,0.36095306894352935,0,ok,P0 · CARBOHYD:N-linked (GlcNAc...) asparagine
AMY,CS20230722_SUPT_0056,0056 MEA Slc17a7 Glut_2,1,P1,regulation of synapse organization,GOTERM_BP_DIRECT,9.035810960905056e-7,1.6996725768425212,8,ok,P1 · regulation of synapse organization
AMY,CS20230722_SUPT_0056,0056 MEA Slc17a7 Glut_2,2,P2,TOPO_DOM:Extracellular,UP_SEQ_FEATURE,6.499272124151171e-5,2.4514049637370356,26,ok,P2 · TOPO_DOM:Extracellular
AMY,CS20230722_SUPT_0056,0056 MEA Slc17a7 Glut_2,3,P3,brain development,GOTERM_BP_DIRECT,4.103733466691e-4,1.824390376037752,25,ok,P3 · brain development
AMY,CS20230722_SUPT_0056,0056 MEA Slc17a7 Glut_2,4,P4,zinc ion binding,GOTERM_MF_DIRECT,0.08904252635800484,0.7393412119726789,0,ok,P4 · zinc ion binding
AMY,CS20230722_SUPT_0056,0056 MEA Slc17a7 Glut_2,5,P5,molecular_function,GOTERM_MF_DIRECT,0.0590416205176558,0.9019286929994874,0,ok,P5 · molecular_function
AMY,CS20230722_SUPT_0056,0056 MEA Slc17a7 Glut_2,6,P6,Cell membrane,UP_KW_CELLULAR_COMPONENT,0.06428315778735474,0.6081657853719132,0,ok,P6 · Cell membrane
AMY,CS20230722_SUPT_0056,0056 MEA Slc17a7 Glut_2,7,P7,Extracellular matrix,UP_KW_CELLULAR_COMPONENT,5.2594194436048e-4,1.196504761902926,18,ok,P7 · Extracellular matrix
AMY,CS20230722_SUPT_0056,0056 MEA Slc17a7 Glut_2,8,P8,COMPBIAS:Basic and acidic residues,UP_SEQ_FEATURE,0.02345988923304096,0.6633572760073039,1,ok,P8 · COMPBIAS:Basic and acidic residues
AMY,CS20230722_SUPT_0056,0056 MEA Slc17a7 Glut_2,9,P9,NA,NA,NA,NA,0,no_terms,P9
AMY,CS20230722_SUPT_0056,0056 MEA Slc17a7 Glut_2,10,P10,Inflammatory response,UP_KW_BIOLOGICAL_PROCESS,0.00433601005208287,1.6737358211834108,9,ok,P10 · Inflammatory response
AMY,CS20230722_SUPT_0056,0056 MEA Slc17a7 Glut_2,11,P11,nervous system development,GOTERM_BP_DIRECT,0.01751402214846756,0.7884207943384892,2,ok,P11 · nervous system development
AMY,CS20230722_SUPT_0056,0056 MEA Slc17a7 Glut_2,12,P12,Secreted,UP_KW_CELLULAR_COMPONENT,0.00992572255437974,1.1691992862334657,1,ok,P12 · Secreted
AMY,CS20230722_SUPT_0056,0056 MEA Slc17a7 Glut_2,13,P13,glial cell migration,GOTERM_BP_DIRECT,2.3533456615567148e-5,1.198749238533381,11,ok,P13 · glial cell migration
AMY,CS20230722_SUPT_0056,0056 MEA Slc17a7 Glut_2,14,P14,DOMAIN:C2 1,UP_SEQ_FEATURE,0.00116406826909308,2.0988992015607097,10,ok,P14 · DOMAIN:C2 1
AMY,CS20230722_SUPT_0056,0056 MEA Slc17a7 Glut_2,15,P15,mmu04723:Retrograde endocannabinoid signaling,KEGG_PATHWAY,3.9293100581938e-4,0.7982828948067746,4,ok,P15 · mmu04723:Retrograde endocannabinoid s...
AMY,CS20230722_SUPT_0056,0056 MEA Slc17a7 Glut_2,16,P16,CARBOHYD:N-linked (GlcNAc...) asparagine,UP_SEQ_FEATURE,1.7161217999265348e-5,1.5597747137979576,9,ok,P16 · CARBOHYD:N-linked (GlcNAc...) asparagine
AMY,CS20230722_SUPT_0056,0056 MEA Slc17a7 Glut_2,17,P17,cell surface,GOTERM_CC_DIRECT,1.9631706554178e-4,1.4934632592507764,9,ok,P17 · cell surface
AMY,CS20230722_SUPT_0056,0056 MEA Slc17a7 Glut_2,18,P18,CARBOHYD:N-linked (GlcNAc...) asparagine,UP_SEQ_FEATURE,0.07080692601389996,0.5530893132631387,0,ok,P18 · CARBOHYD:N-linked (GlcNAc...) asparagine
AMY,CS20230722_SUPT_0056,0056 MEA Slc17a7 Glut_2,19,P19,CARBOHYD:N-linked (GlcNAc...) asparagine,UP_SEQ_FEATURE,2.755131968396e-4,2.4493637883376396,12,ok,P19 · CARBOHYD:N-linked (GlcNAc...) asparagine
AMY,CS20230722_SUPT_0057,0057 MEA Slc17a7 Glut_3,0,P0,COMPBIAS:Low complexity,UP_SEQ_FEATURE,0.27965017086740307,0.3666239616731925,0,ok,P0 · COMPBIAS:Low complexity
AMY,CS20230722_SUPT_0057,0057 MEA Slc17a7 Glut_3,1,P1,Calcium,UP_KW_LIGAND,3.676753613692e-4,2.6617605037890897,9,ok,P1 · Calcium
AMY,CS20230722_SUPT_0057,0057 MEA Slc17a7 Glut_3,2,P2,IPR035706:AAA_9,INTERPRO,6.500678521210648e-5,2.7900971215625767,41,ok,P2 · IPR035706:AAA_9
AMY,CS20230722_SUPT_0057,0057 MEA Slc17a7 Glut_3,3,P3,cell adhesion,GOTERM_BP_DIRECT,1.4792461110142e-4,1.7521502643845754,61,ok,P3 · cell adhesion
AMY,CS20230722_SUPT_0057,0057 MEA Slc17a7 Glut_3,4,P4,protein autophosphorylation,GOTERM_BP_DIRECT,7.1929720428709e-4,1.600834954868556,10,ok,P4 · protein autophosphorylation
AMY,CS20230722_SUPT_0057,0057 MEA Slc17a7 Glut_3,5,P5,cell surface,GOTERM_CC_DIRECT,0.01383354126202707,0.9540614191902465,6,ok,P5 · cell surface
AMY,CS20230722_SUPT_0057,0057 MEA Slc17a7 Glut_3,6,P6,COMPBIAS:Low complexity,UP_SEQ_FEATURE,0.0089963482533757,1.069940654714609,6,ok,P6 · COMPBIAS:Low complexity
AMY,CS20230722_SUPT_0057,0057 MEA Slc17a7 Glut_3,7,P7,myelin sheath,GOTERM_CC_DIRECT,0.00279974274006191,0.8177350061795363,2,ok,P7 · myelin sheath
AMY,CS20230722_SUPT_0057,0057 MEA Slc17a7 Glut_3,8,P8,Membrane,UP_KW_CELLULAR_COMPONENT,0.09885803594874087,0.5387934966571225,0,ok,P8 · Membrane
AMY,CS20230722_SUPT_0057,0057 MEA Slc17a7 Glut_3,9,P9,CARBOHYD:N-linked (GlcNAc...) asparagine,UP_SEQ_FEATURE,5.6005173975089336e-5,2.2827535379894957,26,ok,P9 · CARBOHYD:N-linked (GlcNAc...) asparagine
AMY,CS20230722_SUPT_0057,0057 MEA Slc17a7 Glut_3,10,P10,plasma membrane,GOTERM_CC_DIRECT,0.00311032140520492,1.7949654170088596,12,ok,P10 · plasma membrane
AMY,CS20230722_SUPT_0057,0057 MEA Slc17a7 Glut_3,11,P11,integrin-mediated signaling pathway,GOTERM_BP_DIRECT,1.3361824552941768e-5,3.5320479505166804,17,ok,P11 · integrin-mediated signaling pathway
AMY,CS20230722_SUPT_0057,0057 MEA Slc17a7 Glut_3,12,P12,mmu04217:Necroptosis,KEGG_PATHWAY,0.00189102945950661,1.8953247170688816,12,ok,P12 · mmu04217:Necroptosis
AMY,CS20230722_SUPT_0057,0057 MEA Slc17a7 Glut_3,13,P13,TRANSMEM:Helical; Name=7,UP_SEQ_FEATURE,0.02704903953350859,0.8696072735637026,8,ok,P13 · TRANSMEM:Helical; Name=7
AMY,CS20230722_SUPT_0057,0057 MEA Slc17a7 Glut_3,14,P14,biological_process,GOTERM_BP_DIRECT,0.1520809740732304,0.5966625308452159,0,ok,P14 · biological_process
AMY,CS20230722_SUPT_0057,0057 MEA Slc17a7 Glut_3,15,P15,cellular_component,GOTERM_CC_DIRECT,0.01465712382787591,1.4288926673245264,2,ok,P15 · cellular_component
AMY,CS20230722_SUPT_0057,0057 MEA Slc17a7 Glut_3,16,P16,COMPBIAS:Acidic residues,UP_SEQ_FEATURE,0.00230446050169333,1.323848753945181,10,ok,P16 · COMPBIAS:Acidic residues
AMY,CS20230722_SUPT_0057,0057 MEA Slc17a7 Glut_3,17,P17,plasma membrane,GOTERM_CC_DIRECT,2.816710524796e-4,1.905222071058666,11,ok,P17 · plasma membrane
AMY,CS20230722_SUPT_0057,0057 MEA Slc17a7 Glut_3,18,P18,COMPBIAS:Basic and acidic residues,UP_SEQ_FEATURE,0.00485096552473111,1.2062792845668944,3,ok,P18 · COMPBIAS:Basic and acidic residues
AMY,CS20230722_SUPT_0057,0057 MEA Slc17a7 Glut_3,19,P19,zinc ion binding,GOTERM_MF_DIRECT,0.05372535349450402,0.7186070169791197,0,ok,P19 · zinc ion binding
AMY,CS20230722_SUPT_0058,0058 COAp Grxcr2 Glut_1,0,P0,motile cilium,GOTERM_CC_DIRECT,0.01226724739196478,1.3349736867357005,4,ok,P0 · motile cilium
AMY,CS20230722_SUPT_0058,0058 COAp Grxcr2 Glut_1,1,P1,cell adhesion,GOTERM_BP_DIRECT,2.5676699500508e-4,2.0154829871273705,19,ok,P1 · cell adhesion
AMY,CS20230722_SUPT_0058,0058 COAp Grxcr2 Glut_1,2,P2,Guanine-nucleotide releasing factor,UP_KW_MOLECULAR_FUNCTION,0.00358782073246225,1.8307737273699711,9,ok,P2 · Guanine-nucleotide releasing factor
AMY,CS20230722_SUPT_0058,0058 COAp Grxcr2 Glut_1,3,P3,COMPBIAS:Polar residues,UP_SEQ_FEATURE,1.255833307105062e-5,3.039506217794982,17,ok,P3 · COMPBIAS:Polar residues
AMY,CS20230722_SUPT_0058,0058 COAp Grxcr2 Glut_1,4,P4,Cell membrane,UP_KW_CELLULAR_COMPONENT,0.00786359448386788,0.8118184263179646,3,ok,P4 · Cell membrane
AMY,CS20230722_SUPT_0058,0058 COAp Grxcr2 Glut_1,5,P5,neuron projection,GOTERM_CC_DIRECT,0.01352721245839145,0.9587914380117882,3,ok,P5 · neuron projection
AMY,CS20230722_SUPT_0058,0058 COAp Grxcr2 Glut_1,6,P6,L-amino acid transmembrane transporter activity,GOTERM_MF_DIRECT,1.5085193383956e-4,1.3463017198882146,9,ok,P6 · L-amino acid transmembrane transporte...
AMY,CS20230722_SUPT_0058,0058 COAp Grxcr2 Glut_1,7,P7,NA,NA,NA,NA,0,no_terms,P7
AMY,CS20230722_SUPT_0058,0058 COAp Grxcr2 Glut_1,8,P8,Cell adhesion,UP_KW_BIOLOGICAL_PROCESS,5.900676211993929e-5,3.612562001680979,45,ok,P8 · Cell adhesion
AMY,CS20230722_SUPT_0058,0058 COAp Grxcr2 Glut_1,9,P9,Glycoprotein,UP_KW_PTM,0.03787797120693377,0.5885618460662146,1,ok,P9 · Glycoprotein
AMY,CS20230722_SUPT_0058,0058 COAp Grxcr2 Glut_1,10,P10,mmu04080:Neuroactive ligand-receptor interaction,KEGG_PATHWAY,0.00705602021315146,1.0807408627168804,7,ok,P10 · mmu04080:Neuroactive ligand-receptor ...
AMY,CS20230722_SUPT_0058,0058 COAp Grxcr2 Glut_1,11,P11,biological_process,GOTERM_BP_DIRECT,0.0058289722878074,1.6070043825674234,2,ok,P11 · biological_process
AMY,CS20230722_SUPT_0058,0058 COAp Grxcr2 Glut_1,12,P12,extracellular region,GOTERM_CC_DIRECT,0.11798452765171862,0.35558910647407965,0,ok,P12 · extracellular region
AMY,CS20230722_SUPT_0058,0058 COAp Grxcr2 Glut_1,13,P13,DOMAIN:C2 1,UP_SEQ_FEATURE,6.9740776074456e-4,1.4337829608990322,8,ok,P13 · DOMAIN:C2 1
AMY,CS20230722_SUPT_0058,0058 COAp Grxcr2 Glut_1,14,P14,Developmental protein,UP_KW_MOLECULAR_FUNCTION,0.00451217090375186,1.062630639496064,2,ok,P14 · Developmental protein
AMY,CS20230722_SUPT_0058,0058 COAp Grxcr2 Glut_1,15,P15,heart development,GOTERM_BP_DIRECT,0.00139774423665859,1.9772418693472873,3,ok,P15 · heart development
AMY,CS20230722_SUPT_0058,0058 COAp Grxcr2 Glut_1,16,P16,DOMAIN:Kazal-like,UP_SEQ_FEATURE,3.5727734741951e-4,2.016364627141399,20,ok,P16 · DOMAIN:Kazal-like
AMY,CS20230722_SUPT_0058,0058 COAp Grxcr2 Glut_1,17,P17,cellular_component,GOTERM_CC_DIRECT,0.20168264450810913,0.6120526392619623,0,ok,P17 · cellular_component
AMY,CS20230722_SUPT_0058,0058 COAp Grxcr2 Glut_1,18,P18,COMPBIAS:Low complexity,UP_SEQ_FEATURE,0.01692586461203197,1.4118459712193177,5,ok,P18 · COMPBIAS:Low complexity
AMY,CS20230722_SUPT_0058,0058 COAp Grxcr2 Glut_1,19,P19,Developmental protein,UP_KW_MOLECULAR_FUNCTION,0.00268542321788245,0.9967396818162656,7,ok,P19 · Developmental protein
AMY,CS20230722_SUPT_0061,0061 LA-BLA-BMA-PA Glut_2,0,P0,phosphatidylcholine floppase activity,GOTERM_MF_DIRECT,4.548113056774442e-5,2.004085409233228,16,ok,P0 · phosphatidylcholine floppase activity
AMY,CS20230722_SUPT_0061,0061 LA-BLA-BMA-PA Glut_2,1,P1,TOPO_DOM:Extracellular,UP_SEQ_FEATURE,0.00444732915914627,1.3436680539609709,14,ok,P1 · TOPO_DOM:Extracellular
AMY,CS20230722_SUPT_0061,0061 LA-BLA-BMA-PA Glut_2,2,P2,Cell membrane,UP_KW_CELLULAR_COMPONENT,0.10945059344131708,0.5075023131506161,0,ok,P2 · Cell membrane
AMY,CS20230722_SUPT_0061,0061 LA-BLA-BMA-PA Glut_2,3,P3,astrocyte projection,GOTERM_CC_DIRECT,8.470623553666592e-5,1.892140302370558,11,ok,P3 · astrocyte projection
AMY,CS20230722_SUPT_0061,0061 LA-BLA-BMA-PA Glut_2,4,P4,DOMAIN:Laminin G,UP_SEQ_FEATURE,5.5796419364981e-4,2.9742202485875313,31,ok,P4 · DOMAIN:Laminin G
AMY,CS20230722_SUPT_0061,0061 LA-BLA-BMA-PA Glut_2,5,P5,positive regulation of cell migration,GOTERM_BP_DIRECT,0.00253662529485937,1.100657728153933,2,ok,P5 · positive regulation of cell migration
AMY,CS20230722_SUPT_0061,0061 LA-BLA-BMA-PA Glut_2,6,P6,angiogenesis,GOTERM_BP_DIRECT,0.0152574355760867,1.0847954782043667,3,ok,P6 · angiogenesis
AMY,CS20230722_SUPT_0061,0061 LA-BLA-BMA-PA Glut_2,7,P7,Glycoprotein,UP_KW_PTM,0.16272193125543138,0.3306108381222706,0,ok,P7 · Glycoprotein
AMY,CS20230722_SUPT_0061,0061 LA-BLA-BMA-PA Glut_2,8,P8,Developmental protein,UP_KW_MOLECULAR_FUNCTION,6.6083628825047e-4,1.1432761539407506,3,ok,P8 · Developmental protein
AMY,CS20230722_SUPT_0061,0061 LA-BLA-BMA-PA Glut_2,9,P9,CARBOHYD:N-linked (GlcNAc...) asparagine,UP_SEQ_FEATURE,0.00697973552469727,1.7976599663206108,12,ok,P9 · CARBOHYD:N-linked (GlcNAc...) asparagine
AMY,CS20230722_SUPT_0061,0061 LA-BLA-BMA-PA Glut_2,10,P10,nucleus,GOTERM_CC_DIRECT,0.0041571329705264,1.4457442613697915,29,ok,P10 · nucleus
AMY,CS20230722_SUPT_0061,0061 LA-BLA-BMA-PA Glut_2,11,P11,extracellular region,GOTERM_CC_DIRECT,0.01319978715173313,0.7123885391819226,1,ok,P11 · extracellular region
AMY,CS20230722_SUPT_0061,0061 LA-BLA-BMA-PA Glut_2,12,P12,Cell adhesion,UP_KW_BIOLOGICAL_PROCESS,0.03154766769818404,0.6027282318704087,3,ok,P12 · Cell adhesion
AMY,CS20230722_SUPT_0061,0061 LA-BLA-BMA-PA Glut_2,13,P13,COMPBIAS:Basic and acidic residues,UP_SEQ_FEATURE,0.01747872044523961,0.9203766193341612,2,ok,P13 · COMPBIAS:Basic and acidic residues
AMY,CS20230722_SUPT_0061,0061 LA-BLA-BMA-PA Glut_2,14,P14,"DNA-binding transcription activator activity, RNA polymerase II-specific",GOTERM_MF_DIRECT,3.8456114328304e-4,1.802164704262045,6,ok,P14 · DNA-binding transcription activator a...
AMY,CS20230722_SUPT_0061,0061 LA-BLA-BMA-PA Glut_2,15,P15,zinc ion binding,GOTERM_MF_DIRECT,0.01777360875963893,1.4035761767263517,11,ok,P15 · zinc ion binding
AMY,CS20230722_SUPT_0061,0061 LA-BLA-BMA-PA Glut_2,16,P16,mmu05412:Arrhythmogenic right ventricular cardiomyopathy,KEGG_PATHWAY,0.00204337889699111,1.665847121058359,12,ok,P16 · mmu05412:Arrhythmogenic right ventric...
AMY,CS20230722_SUPT_0061,0061 LA-BLA-BMA-PA Glut_2,17,P17,biological_process,GOTERM_BP_DIRECT,0.05685577731881689,0.9185333579593706,0,ok,P17 · biological_process
AMY,CS20230722_SUPT_0061,0061 LA-BLA-BMA-PA Glut_2,18,P18,CARBOHYD:N-linked (GlcNAc...) asparagine,UP_SEQ_FEATURE,0.5185123494167936,0.2094619111536976,0,ok,P18 · CARBOHYD:N-linked (GlcNAc...) asparagine
AMY,CS20230722_SUPT_0061,0061 LA-BLA-BMA-PA Glut_2,19,P19,cell surface,GOTERM_CC_DIRECT,0.0034258290412873,1.5135733676062306,7,ok,P19 · cell surface
AMY,CS20230722_SUPT_0062,0062 LA-BLA-BMA-PA Glut_3,0,P0,DOMAIN:Fibronectin type-III,UP_SEQ_FEATURE,2.550172459731456e-5,2.7526230107852365,41,ok,P0 · DOMAIN:Fibronectin type-III
AMY,CS20230722_SUPT_0062,0062 LA-BLA-BMA-PA Glut_3,1,P1,IPR011993:PH-like_dom_sf,INTERPRO,0.00708628466351989,0.715138586307633,1,ok,P1 · IPR011993:PH-like_dom_sf
AMY,CS20230722_SUPT_0062,0062 LA-BLA-BMA-PA Glut_3,2,P2,Glycoprotein,UP_KW_PTM,6.0507848264503e-4,1.6320844231124303,21,ok,P2 · Glycoprotein
AMY,CS20230722_SUPT_0062,0062 LA-BLA-BMA-PA Glut_3,3,P3,"DNA-binding transcription activator activity, RNA polymerase II-specific",GOTERM_MF_DIRECT,0.03705654782281203,0.6958905178945161,1,ok,P3 · DNA-binding transcription activator a...
AMY,CS20230722_SUPT_0062,0062 LA-BLA-BMA-PA Glut_3,4,P4,dendritic spine,GOTERM_CC_DIRECT,0.00746333504829125,0.9618285933325058,1,ok,P4 · dendritic spine
AMY,CS20230722_SUPT_0062,0062 LA-BLA-BMA-PA Glut_3,5,P5,intracellular signal transduction,GOTERM_BP_DIRECT,1.3615972892320057e-5,3.231516953764945,50,ok,P5 · intracellular signal transduction
AMY,CS20230722_SUPT_0062,0062 LA-BLA-BMA-PA Glut_3,6,P6,COMPBIAS:Low complexity,UP_SEQ_FEATURE,0.02348370689252266,0.7374131194544468,2,ok,P6 · COMPBIAS:Low complexity
AMY,CS20230722_SUPT_0062,0062 LA-BLA-BMA-PA Glut_3,7,P7,CARBOHYD:N-linked (GlcNAc...) asparagine,UP_SEQ_FEATURE,3.5622772487633e-4,1.4833353740361426,13,ok,P7 · CARBOHYD:N-linked (GlcNAc...) asparagine
AMY,CS20230722_SUPT_0062,0062 LA-BLA-BMA-PA Glut_3,8,P8,COMPBIAS:Basic and acidic residues,UP_SEQ_FEATURE,0.10019728524791996,0.48921643497268175,0,ok,P8 · COMPBIAS:Basic and acidic residues
AMY,CS20230722_SUPT_0062,0062 LA-BLA-BMA-PA Glut_3,9,P9,Disulfide bond,UP_KW_PTM,0.00928549180815614,0.8446037379088915,3,ok,P9 · Disulfide bond
AMY,CS20230722_SUPT_0062,0062 LA-BLA-BMA-PA Glut_3,10,P10,LIPID:S-palmitoyl cysteine,UP_SEQ_FEATURE,3.6209472986571e-4,2.02573532663596,13,ok,P10 · LIPID:S-palmitoyl cysteine
AMY,CS20230722_SUPT_0062,0062 LA-BLA-BMA-PA Glut_3,11,P11,NA,NA,NA,NA,0,no_terms,P11
AMY,CS20230722_SUPT_0062,0062 LA-BLA-BMA-PA Glut_3,12,P12,ZN_FING:C2H2-type 4,UP_SEQ_FEATURE,0.00116299173966535,1.0957342467318598,16,ok,P12 · ZN_FING:C2H2-type 4
AMY,CS20230722_SUPT_0062,0062 LA-BLA-BMA-PA Glut_3,13,P13,CARBOHYD:N-linked (GlcNAc...) asparagine,UP_SEQ_FEATURE,0.00129664262106499,0.8954275916767717,2,ok,P13 · CARBOHYD:N-linked (GlcNAc...) asparagine
AMY,CS20230722_SUPT_0062,0062 LA-BLA-BMA-PA Glut_3,14,P14,cellular_component,GOTERM_CC_DIRECT,0.02998764857857683,1.2272584399647375,2,ok,P14 · cellular_component
AMY,CS20230722_SUPT_0062,0062 LA-BLA-BMA-PA Glut_3,15,P15,plasma membrane,GOTERM_CC_DIRECT,0.00363066036074819,1.81922160370379,16,ok,P15 · plasma membrane
AMY,CS20230722_SUPT_0062,0062 LA-BLA-BMA-PA Glut_3,16,P16,Glycoprotein,UP_KW_PTM,0.00601384034582675,0.9653474777879988,4,ok,P16 · Glycoprotein
AMY,CS20230722_SUPT_0062,0062 LA-BLA-BMA-PA Glut_3,17,P17,protein binding,GOTERM_MF_DIRECT,6.6749148714852e-4,0.9062890853684552,3,ok,P17 · protein binding
AMY,CS20230722_SUPT_0062,0062 LA-BLA-BMA-PA Glut_3,18,P18,biological_process,GOTERM_BP_DIRECT,0.10103452664520024,0.8207060790554175,0,ok,P18 · biological_process
AMY,CS20230722_SUPT_0062,0062 LA-BLA-BMA-PA Glut_3,19,P19,positive regulation of ERK1 and ERK2 cascade,GOTERM_BP_DIRECT,3.9178842759417e-4,1.4600943601946186,5,ok,P19 · positive regulation of ERK1 and ERK2 ...
AMY,CS20230722_SUPT_0063,0063 LA-BLA-BMA-PA Glut_4,0,P0,CARBOHYD:N-linked (GlcNAc...) asparagine,UP_SEQ_FEATURE,2.8654195044127e-4,1.6704877982973585,8,ok,P0 · CARBOHYD:N-linked (GlcNAc...) asparagine
AMY,CS20230722_SUPT_0063,0063 LA-BLA-BMA-PA Glut_4,1,P1,cell surface receptor protein tyrosine kinase signaling pathway,GOTERM_BP_DIRECT,0.00201080652206124,0.9507898801938404,4,ok,P1 · cell surface receptor protein tyrosin...
AMY,CS20230722_SUPT_0063,0063 LA-BLA-BMA-PA Glut_4,2,P2,heparan sulfate proteoglycan biosynthetic process,GOTERM_BP_DIRECT,3.797629641362611e-6,2.5358135705981217,19,ok,P2 · heparan sulfate proteoglycan biosynth...
AMY,CS20230722_SUPT_0063,0063 LA-BLA-BMA-PA Glut_4,3,P3,CARBOHYD:N-linked (GlcNAc...) asparagine,UP_SEQ_FEATURE,0.00221409170729576,0.9290571762603842,3,ok,P3 · CARBOHYD:N-linked (GlcNAc...) asparagine
AMY,CS20230722_SUPT_0063,0063 LA-BLA-BMA-PA Glut_4,4,P4,NA,NA,NA,NA,0,no_terms,P4
AMY,CS20230722_SUPT_0063,0063 LA-BLA-BMA-PA Glut_4,5,P5,Transmembrane helix,UP_KW_DOMAIN,0.03514726056068724,0.5687193186799157,1,ok,P5 · Transmembrane helix
AMY,CS20230722_SUPT_0063,0063 LA-BLA-BMA-PA Glut_4,6,P6,COMPBIAS:Low complexity,UP_SEQ_FEATURE,0.0016305925177858,2.0291063304935086,8,ok,P6 · COMPBIAS:Low complexity
AMY,CS20230722_SUPT_0063,0063 LA-BLA-BMA-PA Glut_4,7,P7,extracellular matrix,GOTERM_CC_DIRECT,0.02525647862180616,0.495212856595062,1,ok,P7 · extracellular matrix
AMY,CS20230722_SUPT_0063,0063 LA-BLA-BMA-PA Glut_4,8,P8,zinc ion binding,GOTERM_MF_DIRECT,0.01129780531658908,0.9042882958733464,4,ok,P8 · zinc ion binding
AMY,CS20230722_SUPT_0063,0063 LA-BLA-BMA-PA Glut_4,9,P9,CARBOHYD:N-linked (GlcNAc...) asparagine,UP_SEQ_FEATURE,0.1331228447305782,0.6984357738636837,0,ok,P9 · CARBOHYD:N-linked (GlcNAc...) asparagine
AMY,CS20230722_SUPT_0063,0063 LA-BLA-BMA-PA Glut_4,10,P10,positive regulation of cell migration,GOTERM_BP_DIRECT,5.7500866567637e-4,1.427673436017009,15,ok,P10 · positive regulation of cell migration
AMY,CS20230722_SUPT_0063,0063 LA-BLA-BMA-PA Glut_4,11,P11,CARBOHYD:N-linked (GlcNAc...) asparagine,UP_SEQ_FEATURE,1.3450484839411864e-6,1.9692542987144923,15,ok,P11 · CARBOHYD:N-linked (GlcNAc...) asparagine
AMY,CS20230722_SUPT_0063,0063 LA-BLA-BMA-PA Glut_4,12,P12,Cell projection,UP_KW_CELLULAR_COMPONENT,0.1483674869481149,0.5255876116061508,0,ok,P12 · Cell projection
AMY,CS20230722_SUPT_0063,0063 LA-BLA-BMA-PA Glut_4,13,P13,COMPBIAS:Basic and acidic residues,UP_SEQ_FEATURE,0.02025696571759479,1.2345386028515015,1,ok,P13 · COMPBIAS:Basic and acidic residues
AMY,CS20230722_SUPT_0063,0063 LA-BLA-BMA-PA Glut_4,14,P14,biological_process,GOTERM_BP_DIRECT,0.00255593166252595,1.7006118965254453,2,ok,P14 · biological_process
AMY,CS20230722_SUPT_0063,0063 LA-BLA-BMA-PA Glut_4,15,P15,postsynaptic density membrane,GOTERM_CC_DIRECT,0.01360238579809992,1.270183033271364,4,ok,P15 · postsynaptic density membrane
AMY,CS20230722_SUPT_0063,0063 LA-BLA-BMA-PA Glut_4,16,P16,basolateral plasma membrane,GOTERM_CC_DIRECT,3.1935059619743e-4,1.486494307758428,8,ok,P16 · basolateral plasma membrane
AMY,CS20230722_SUPT_0063,0063 LA-BLA-BMA-PA Glut_4,17,P17,Glycosyltransferase,UP_KW_MOLECULAR_FUNCTION,0.00128469935098477,1.316683825746817,5,ok,P17 · Glycosyltransferase
AMY,CS20230722_SUPT_0063,0063 LA-BLA-BMA-PA Glut_4,18,P18,cell surface,GOTERM_CC_DIRECT,8.4362949821562e-4,1.2206340236583122,11,ok,P18 · cell surface
AMY,CS20230722_SUPT_0063,0063 LA-BLA-BMA-PA Glut_4,19,P19,Phosphoprotein,UP_KW_PTM,0.2468581046334883,0.38405311131106007,0,ok,P19 · Phosphoprotein
AMY,CS20230722_SUPT_0064,0064 LA-BLA-BMA-PA Glut_5,0,P0,extracellular matrix,GOTERM_CC_DIRECT,0.02855073868426893,1.132306060454502,1,ok,P0 · extracellular matrix
AMY,CS20230722_SUPT_0064,0064 LA-BLA-BMA-PA Glut_5,1,P1,plasma membrane,GOTERM_CC_DIRECT,0.07269388284667316,0.550377174516436,0,ok,P1 · plasma membrane
AMY,CS20230722_SUPT_0064,0064 LA-BLA-BMA-PA Glut_5,2,P2,COMPBIAS:Polar residues,UP_SEQ_FEATURE,0.01515639274275878,1.0380140500684576,1,ok,P2 · COMPBIAS:Polar residues
AMY,CS20230722_SUPT_0064,0064 LA-BLA-BMA-PA Glut_5,3,P3,cell adhesion,GOTERM_BP_DIRECT,3.874787192553323e-5,2.1801756760805553,28,ok,P3 · cell adhesion
AMY,CS20230722_SUPT_0064,0064 LA-BLA-BMA-PA Glut_5,4,P4,TOPO_DOM:Cytoplasmic,UP_SEQ_FEATURE,2.9584714039546792e-5,2.362227643238311,25,ok,P4 · TOPO_DOM:Cytoplasmic
AMY,CS20230722_SUPT_0064,0064 LA-BLA-BMA-PA Glut_5,5,P5,metal ion binding,GOTERM_MF_DIRECT,0.06849935882044272,0.6350593891909901,0,ok,P5 · metal ion binding
AMY,CS20230722_SUPT_0064,0064 LA-BLA-BMA-PA Glut_5,6,P6,Disulfide bond,UP_KW_PTM,0.00123019694583417,0.8479946522520839,4,ok,P6 · Disulfide bond
AMY,CS20230722_SUPT_0064,0064 LA-BLA-BMA-PA Glut_5,7,P7,NA,NA,NA,NA,0,no_terms,P7
AMY,CS20230722_SUPT_0064,0064 LA-BLA-BMA-PA Glut_5,8,P8,IPR035892:C2_domain_sf,INTERPRO,4.4881830454175e-4,2.0242800434977593,8,ok,P8 · IPR035892:C2_domain_sf
AMY,CS20230722_SUPT_0064,0064 LA-BLA-BMA-PA Glut_5,9,P9,myelin sheath,GOTERM_CC_DIRECT,1.0655323724494e-4,2.5711464427598827,59,ok,P9 · myelin sheath
AMY,CS20230722_SUPT_0064,0064 LA-BLA-BMA-PA Glut_5,10,P10,extracellular matrix,GOTERM_CC_DIRECT,0.00116435772340973,1.570415118815466,5,ok,P10 · extracellular matrix
AMY,CS20230722_SUPT_0064,0064 LA-BLA-BMA-PA Glut_5,11,P11,cytosol,GOTERM_CC_DIRECT,0.01041298040984428,1.1838758013616626,5,ok,P11 · cytosol
AMY,CS20230722_SUPT_0064,0064 LA-BLA-BMA-PA Glut_5,12,P12,Cell membrane,UP_KW_CELLULAR_COMPONENT,0.13609484649908776,0.6122670135618432,0,ok,P12 · Cell membrane
AMY,CS20230722_SUPT_0064,0064 LA-BLA-BMA-PA Glut_5,13,P13,hormone activity,GOTERM_MF_DIRECT,0.00604102065936595,1.1988802721372107,4,ok,P13 · hormone activity
AMY,CS20230722_SUPT_0064,0064 LA-BLA-BMA-PA Glut_5,14,P14,CARBOHYD:N-linked (GlcNAc...) asparagine,UP_SEQ_FEATURE,3.156799002549293e-5,2.2412154094763803,17,ok,P14 · CARBOHYD:N-linked (GlcNAc...) asparagine
AMY,CS20230722_SUPT_0064,0064 LA-BLA-BMA-PA Glut_5,15,P15,Flagellum,UP_KW_CELLULAR_COMPONENT,2.6574995360001245e-8,2.6171688296590667,48,ok,P15 · Flagellum
AMY,CS20230722_SUPT_0064,0064 LA-BLA-BMA-PA Glut_5,16,P16,nucleus,GOTERM_CC_DIRECT,0.02286334109984391,1.1767760083652554,3,ok,P16 · nucleus
AMY,CS20230722_SUPT_0064,0064 LA-BLA-BMA-PA Glut_5,17,P17,Cell membrane,UP_KW_CELLULAR_COMPONENT,0.00111921029530232,1.4051646549140444,9,ok,P17 · Cell membrane
AMY,CS20230722_SUPT_0064,0064 LA-BLA-BMA-PA Glut_5,18,P18,Cytoplasm,UP_KW_CELLULAR_COMPONENT,0.0358322767504882,0.9223646713594597,1,ok,P18 · Cytoplasm
AMY,CS20230722_SUPT_0064,0064 LA-BLA-BMA-PA Glut_5,19,P19,Cleavage on pair of basic residues,UP_KW_PTM,0.00129215735419922,0.9756590499728334,4,ok,P19 · Cleavage on pair of basic residues
AMY,CS20230722_SUPT_0065,0065 LA-BLA-BMA-PA Glut_6,0,P0,negative regulation of transcription by RNA polymerase II,GOTERM_BP_DIRECT,0.13318623356455866,0.4383131466537367,0,ok,P0 · negative regulation of transcription ...
AMY,CS20230722_SUPT_0065,0065 LA-BLA-BMA-PA Glut_6,1,P1,Cell adhesion,UP_KW_BIOLOGICAL_PROCESS,4.5233915074235e-4,1.8526826711999809,31,ok,P1 · Cell adhesion
AMY,CS20230722_SUPT_0065,0065 LA-BLA-BMA-PA Glut_6,2,P2,mmu04151:PI3K-Akt signaling pathway,KEGG_PATHWAY,2.3365780459204585e-5,2.020540505484784,24,ok,P2 · mmu04151:PI3K-Akt signaling pathway
AMY,CS20230722_SUPT_0065,0065 LA-BLA-BMA-PA Glut_6,3,P3,CARBOHYD:N-linked (GlcNAc...) asparagine,UP_SEQ_FEATURE,5.884925060147454e-5,1.6218116037793924,13,ok,P3 · CARBOHYD:N-linked (GlcNAc...) asparagine
AMY,CS20230722_SUPT_0065,0065 LA-BLA-BMA-PA Glut_6,4,P4,"DNA-binding transcription activator activity, RNA polymerase II-specific",GOTERM_MF_DIRECT,0.03705654782281203,0.6259956096344222,1,ok,P4 · DNA-binding transcription activator a...
AMY,CS20230722_SUPT_0065,0065 LA-BLA-BMA-PA Glut_6,5,P5,hormone activity,GOTERM_MF_DIRECT,0.00268541133531996,1.3586258935778812,5,ok,P5 · hormone activity
AMY,CS20230722_SUPT_0065,0065 LA-BLA-BMA-PA Glut_6,6,P6,COMPBIAS:Polar residues,UP_SEQ_FEATURE,3.675140885349867e-7,4.0023974248837355,45,ok,P6 · COMPBIAS:Polar residues
AMY,CS20230722_SUPT_0065,0065 LA-BLA-BMA-PA Glut_6,7,P7,Disulfide bond,UP_KW_PTM,0.03204331174387498,0.8248269513378034,2,ok,P7 · Disulfide bond
AMY,CS20230722_SUPT_0065,0065 LA-BLA-BMA-PA Glut_6,8,P8,phosphatidylinositol metabolic process,GOTERM_BP_DIRECT,7.6242692156439e-4,1.058335047070678,7,ok,P8 · phosphatidylinositol metabolic process
AMY,CS20230722_SUPT_0065,0065 LA-BLA-BMA-PA Glut_6,9,P9,response to lipopolysaccharide,GOTERM_BP_DIRECT,0.00406932396735303,0.9455490866850804,6,ok,P9 · response to lipopolysaccharide
AMY,CS20230722_SUPT_0065,0065 LA-BLA-BMA-PA Glut_6,10,P10,collagen binding,GOTERM_MF_DIRECT,0.002036361489563,1.3266206220222827,6,ok,P10 · collagen binding
AMY,CS20230722_SUPT_0065,0065 LA-BLA-BMA-PA Glut_6,11,P11,IPR013098:Ig_I-set,INTERPRO,5.3538419565199615e-5,1.7560371418171,46,ok,P11 · IPR013098:Ig_I-set
AMY,CS20230722_SUPT_0065,0065 LA-BLA-BMA-PA Glut_6,12,P12,TRANSIT:Mitochondrion,UP_SEQ_FEATURE,0.1140427323356842,0.6889733645701552,0,ok,P12 · TRANSIT:Mitochondrion
AMY,CS20230722_SUPT_0065,0065 LA-BLA-BMA-PA Glut_6,13,P13,COMPBIAS:Basic and acidic residues,UP_SEQ_FEATURE,0.02345988923304096,0.7552431686597221,1,ok,P13 · COMPBIAS:Basic and acidic residues
AMY,CS20230722_SUPT_0065,0065 LA-BLA-BMA-PA Glut_6,14,P14,Inflammatory response,UP_KW_BIOLOGICAL_PROCESS,0.00292421142640573,1.9379816264274223,8,ok,P14 · Inflammatory response
AMY,CS20230722_SUPT_0065,0065 LA-BLA-BMA-PA Glut_6,15,P15,regulation of cell population proliferation,GOTERM_BP_DIRECT,0.00207454189041099,1.2150515998860798,14,ok,P15 · regulation of cell population prolife...
AMY,CS20230722_SUPT_0065,0065 LA-BLA-BMA-PA Glut_6,16,P16,Voltage-gated channel,UP_KW_MOLECULAR_FUNCTION,9.980595668331e-4,0.885246088154495,5,ok,P16 · Voltage-gated channel
AMY,CS20230722_SUPT_0065,0065 LA-BLA-BMA-PA Glut_6,17,P17,biological_process,GOTERM_BP_DIRECT,0.01923621296211183,1.2024028695369076,2,ok,P17 · biological_process
AMY,CS20230722_SUPT_0065,0065 LA-BLA-BMA-PA Glut_6,18,P18,cellular_component,GOTERM_CC_DIRECT,0.18020369213451928,0.5920879271435133,0,ok,P18 · cellular_component
AMY,CS20230722_SUPT_0065,0065 LA-BLA-BMA-PA Glut_6,19,P19,cellular_component,GOTERM_CC_DIRECT,8.9166891702451e-4,2.565256596696174,4,ok,P19 · cellular_component
AMY,CS20230722_SUPT_0105,0105 L6b EPd Glut_3,0,P0,mmu04082:Neuroactive ligand signaling,KEGG_PATHWAY,0.00134302193697772,1.5015812128254515,16,ok,P0 · mmu04082:Neuroactive ligand signaling
AMY,CS20230722_SUPT_0105,0105 L6b EPd Glut_3,1,P1,cytoskeleton,GOTERM_CC_DIRECT,0.00115431134499355,1.7352487249250403,12,ok,P1 · cytoskeleton
AMY,CS20230722_SUPT_0105,0105 L6b EPd Glut_3,2,P2,cellular_component,GOTERM_CC_DIRECT,0.05705030556398023,1.0276777792594172,0,ok,P2 · cellular_component
AMY,CS20230722_SUPT_0105,0105 L6b EPd Glut_3,3,P3,CARBOHYD:N-linked (GlcNAc...) asparagine,UP_SEQ_FEATURE,0.00270579331820692,1.8704504797686097,13,ok,P3 · CARBOHYD:N-linked (GlcNAc...) asparagine
AMY,CS20230722_SUPT_0105,0105 L6b EPd Glut_3,4,P4,axon guidance,GOTERM_BP_DIRECT,0.00558607330277955,1.621712547900391,5,ok,P4 · axon guidance
AMY,CS20230722_SUPT_0105,0105 L6b EPd Glut_3,5,P5,mmu04664:Fc epsilon RI signaling pathway,KEGG_PATHWAY,9.4416027662954e-4,1.605162136399789,12,ok,P5 · mmu04664:Fc epsilon RI signaling pathway
AMY,CS20230722_SUPT_0105,0105 L6b EPd Glut_3,6,P6,IPR035706:AAA_9,INTERPRO,3.8804269118575e-4,2.5309195727836804,51,ok,P6 · IPR035706:AAA_9
AMY,CS20230722_SUPT_0105,0105 L6b EPd Glut_3,7,P7,Transport,UP_KW_BIOLOGICAL_PROCESS,0.04057837644839689,0.5961307959460819,1,ok,P7 · Transport
AMY,CS20230722_SUPT_0105,0105 L6b EPd Glut_3,8,P8,Signal,UP_KW_DOMAIN,0.01012530034423724,0.927372320942026,3,ok,P8 · Signal
AMY,CS20230722_SUPT_0105,0105 L6b EPd Glut_3,9,P9,CARBOHYD:O-linked (Xyl...) (chondroitin sulfate) serine,UP_SEQ_FEATURE,7.0482177150077e-4,1.303144491776872,16,ok,P9 · CARBOHYD:O-linked (Xyl...) (chondroit...
AMY,CS20230722_SUPT_0105,0105 L6b EPd Glut_3,10,P10,Proteoglycan,UP_KW_PTM,0.00260865747047683,1.0831041442830938,6,ok,P10 · Proteoglycan
AMY,CS20230722_SUPT_0105,0105 L6b EPd Glut_3,11,P11,transcription coactivator binding,GOTERM_MF_DIRECT,1.7081035394008e-4,1.7968120485161567,22,ok,P11 · transcription coactivator binding
AMY,CS20230722_SUPT_0105,0105 L6b EPd Glut_3,12,P12,ATP binding,GOTERM_MF_DIRECT,8.1768791752014e-4,1.262257655957102,9,ok,P12 · ATP binding
AMY,CS20230722_SUPT_0105,0105 L6b EPd Glut_3,13,P13,NA,NA,NA,NA,0,no_terms,P13
AMY,CS20230722_SUPT_0105,0105 L6b EPd Glut_3,14,P14,SM00233:PH,SMART,0.00178880249015799,2.0892168957195185,8,ok,P14 · SM00233:PH
AMY,CS20230722_SUPT_0105,0105 L6b EPd Glut_3,15,P15,CARBOHYD:N-linked (GlcNAc...) asparagine,UP_SEQ_FEATURE,9.538734871597565e-8,2.8585035526761517,70,ok,P15 · CARBOHYD:N-linked (GlcNAc...) asparagine
AMY,CS20230722_SUPT_0105,0105 L6b EPd Glut_3,16,P16,CARBOHYD:N-linked (GlcNAc...) asparagine,UP_SEQ_FEATURE,0.01506170021241374,0.6201680776216023,1,ok,P16 · CARBOHYD:N-linked (GlcNAc...) asparagine
AMY,CS20230722_SUPT_0105,0105 L6b EPd Glut_3,17,P17,Differentiation,UP_KW_BIOLOGICAL_PROCESS,0.00528791863074672,0.9361104123778868,5,ok,P17 · Differentiation
AMY,CS20230722_SUPT_0105,0105 L6b EPd Glut_3,18,P18,IPR050122:RTK,INTERPRO,2.1441882066797e-4,1.5197514532530942,19,ok,P18 · IPR050122:RTK
AMY,CS20230722_SUPT_0105,0105 L6b EPd Glut_3,19,P19,bone development,GOTERM_BP_DIRECT,2.0286161992764e-4,1.9336550624354376,6,ok,P19 · bone development
AMY,CS20230722_SUPT_0136,0136 DG Glut_1,0,P0,TRANSMEM:Helical,UP_SEQ_FEATURE,0.00690366777439543,1.4363788410590628,13,ok,P0 · TRANSMEM:Helical
AMY,CS20230722_SUPT_0136,0136 DG Glut_1,1,P1,Transmembrane helix,UP_KW_DOMAIN,0.00255531387125185,1.4750415828019428,15,ok,P1 · Transmembrane helix
AMY,CS20230722_SUPT_0136,0136 DG Glut_1,2,P2,NA,NA,NA,NA,0,no_terms,P2
AMY,CS20230722_SUPT_0136,0136 DG Glut_1,3,P3,cell surface,GOTERM_CC_DIRECT,8.4362949821562e-4,2.0084273984838767,8,ok,P3 · cell surface
AMY,CS20230722_SUPT_0136,0136 DG Glut_1,4,P4,neuronal cell body,GOTERM_CC_DIRECT,4.691954360172489e-6,2.208211363954437,40,ok,P4 · neuronal cell body
AMY,CS20230722_SUPT_0136,0136 DG Glut_1,5,P5,IPR003593:AAA+_ATPase,INTERPRO,0.00174521852982938,1.6047972751949304,4,ok,P5 · IPR003593:AAA+_ATPase
AMY,CS20230722_SUPT_0136,0136 DG Glut_1,6,P6,FAD,UP_KW_LIGAND,0.00835233606715065,1.7222934140260375,2,ok,P6 · FAD
AMY,CS20230722_SUPT_0136,0136 DG Glut_1,7,P7,CARBOHYD:N-linked (GlcNAc...) asparagine,UP_SEQ_FEATURE,0.01295745756346784,1.0523517728315708,2,ok,P7 · CARBOHYD:N-linked (GlcNAc...) asparagine
AMY,CS20230722_SUPT_0136,0136 DG Glut_1,8,P8,IPR000372:LRRNT,INTERPRO,0.00386918199793854,1.3720973863684696,14,ok,P8 · IPR000372:LRRNT
AMY,CS20230722_SUPT_0136,0136 DG Glut_1,9,P9,REGION:Disordered,UP_SEQ_FEATURE,0.02582571350878303,0.908965711660022,2,ok,P9 · REGION:Disordered
AMY,CS20230722_SUPT_0136,0136 DG Glut_1,10,P10,SM00355:ZnF_C2H2,SMART,0.18098255081285908,0.32571566705279364,0,ok,P10 · SM00355:ZnF_C2H2
AMY,CS20230722_SUPT_0136,0136 DG Glut_1,11,P11,endoplasmic reticulum,GOTERM_CC_DIRECT,0.08579438492377119,0.5971062840955177,0,ok,P11 · endoplasmic reticulum
AMY,CS20230722_SUPT_0136,0136 DG Glut_1,12,P12,plasma membrane,GOTERM_CC_DIRECT,0.00651562555711172,1.090961413670743,1,ok,P12 · plasma membrane
AMY,CS20230722_SUPT_0136,0136 DG Glut_1,13,P13,Repeat,UP_KW_DOMAIN,0.00204482388380332,1.29565980426806,6,ok,P13 · Repeat
AMY,CS20230722_SUPT_0136,0136 DG Glut_1,14,P14,Glycoprotein,UP_KW_PTM,0.00934171978631031,1.4717957453352133,5,ok,P14 · Glycoprotein
AMY,CS20230722_SUPT_0136,0136 DG Glut_1,15,P15,transmembrane signaling receptor activity,GOTERM_MF_DIRECT,0.00528439298945234,0.8282105767507953,2,ok,P15 · transmembrane signaling receptor acti...
AMY,CS20230722_SUPT_0136,0136 DG Glut_1,16,P16,COMPBIAS:Polar residues,UP_SEQ_FEATURE,0.01529704373130666,0.8741413465605848,2,ok,P16 · COMPBIAS:Polar residues
AMY,CS20230722_SUPT_0136,0136 DG Glut_1,17,P17,CARBOHYD:N-linked (GlcNAc...) asparagine,UP_SEQ_FEATURE,2.0331708377161e-4,1.332365137890044,14,ok,P17 · CARBOHYD:N-linked (GlcNAc...) asparagine
AMY,CS20230722_SUPT_0136,0136 DG Glut_1,18,P18,Helicase,UP_KW_MOLECULAR_FUNCTION,5.8448357307743e-4,1.6105104085602588,8,ok,P18 · Helicase
AMY,CS20230722_SUPT_0136,0136 DG Glut_1,19,P19,COMPBIAS:Polar residues,UP_SEQ_FEATURE,0.17178235811993664,0.2944984288882479,0,ok,P19 · COMPBIAS:Polar residues
AMY,CS20230722_SUPT_0173,0173 Vip Gaba_1,0,P0,LIPID:S-palmitoyl cysteine,UP_SEQ_FEATURE,0.03460573904582133,1.0407587027602796,1,ok,P0 · LIPID:S-palmitoyl cysteine
AMY,CS20230722_SUPT_0173,0173 Vip Gaba_1,1,P1,COMPBIAS:Polar residues,UP_SEQ_FEATURE,0.00961835890372287,1.4181437942379025,5,ok,P1 · COMPBIAS:Polar residues
AMY,CS20230722_SUPT_0173,0173 Vip Gaba_1,2,P2,Phosphoprotein,UP_KW_PTM,0.17183547029917942,0.4772982331934229,0,ok,P2 · Phosphoprotein
AMY,CS20230722_SUPT_0173,0173 Vip Gaba_1,3,P3,Transmembrane helix,UP_KW_DOMAIN,8.5055330429384e-4,2.123914389158391,23,ok,P3 · Transmembrane helix
AMY,CS20230722_SUPT_0173,0173 Vip Gaba_1,4,P4,myelin sheath,GOTERM_CC_DIRECT,3.4188726222108e-4,2.15162859735887,9,ok,P4 · myelin sheath
AMY,CS20230722_SUPT_0173,0173 Vip Gaba_1,5,P5,DOMAIN:Fibronectin type-III,UP_SEQ_FEATURE,5.52524134704874e-7,3.406971666321581,51,ok,P5 · DOMAIN:Fibronectin type-III
AMY,CS20230722_SUPT_0173,0173 Vip Gaba_1,6,P6,DOMAIN:C2H2-type,UP_SEQ_FEATURE,0.01005804430740368,0.9750034632156056,5,ok,P6 · DOMAIN:C2H2-type
AMY,CS20230722_SUPT_0173,0173 Vip Gaba_1,7,P7,NADP,UP_KW_LIGAND,0.00580022639252981,1.6562769992830093,6,ok,P7 · NADP
AMY,CS20230722_SUPT_0173,0173 Vip Gaba_1,8,P8,nucleoplasm,GOTERM_CC_DIRECT,0.03263023530918604,0.8360382290853363,2,ok,P8 · nucleoplasm
AMY,CS20230722_SUPT_0173,0173 Vip Gaba_1,9,P9,plasma membrane,GOTERM_CC_DIRECT,0.01277837694185256,0.6874707685070558,1,ok,P9 · plasma membrane
AMY,CS20230722_SUPT_0173,0173 Vip Gaba_1,10,P10,RNA polymerase II cis-regulatory region sequence-specific DNA binding,GOTERM_MF_DIRECT,0.05622273569325923,0.8282675582968648,0,ok,P10 · RNA polymerase II cis-regulatory regi...
AMY,CS20230722_SUPT_0173,0173 Vip Gaba_1,11,P11,Transmembrane,UP_KW_DOMAIN,0.2801142041845459,0.3274206743184988,0,ok,P11 · Transmembrane
AMY,CS20230722_SUPT_0173,0173 Vip Gaba_1,12,P12,Metal-binding,UP_KW_LIGAND,0.0026272086548366,1.6468972971864813,15,ok,P12 · Metal-binding
AMY,CS20230722_SUPT_0173,0173 Vip Gaba_1,13,P13,mitochondrion,GOTERM_CC_DIRECT,0.00363297588168975,1.3113214418543335,4,ok,P13 · mitochondrion
AMY,CS20230722_SUPT_0173,0173 Vip Gaba_1,14,P14,Transferase,UP_KW_MOLECULAR_FUNCTION,8.7385624093724e-4,2.1722379059318855,17,ok,P14 · Transferase
AMY,CS20230722_SUPT_0173,0173 Vip Gaba_1,15,P15,Transmembrane helix,UP_KW_DOMAIN,0.05050597831916102,0.8461486513518355,0,ok,P15 · Transmembrane helix
AMY,CS20230722_SUPT_0173,0173 Vip Gaba_1,16,P16,biological_process,GOTERM_BP_DIRECT,0.00360211150011868,1.8695363914115624,6,ok,P16 · biological_process
AMY,CS20230722_SUPT_0173,0173 Vip Gaba_1,17,P17,nucleus,GOTERM_CC_DIRECT,0.06675528164651932,0.6111190999913834,0,ok,P17 · nucleus
AMY,CS20230722_SUPT_0173,0173 Vip Gaba_1,18,P18,nucleoplasm,GOTERM_CC_DIRECT,0.0225300631281161,0.5433033425135839,1,ok,P18 · nucleoplasm
AMY,CS20230722_SUPT_0173,0173 Vip Gaba_1,19,P19,endoplasmic reticulum membrane,GOTERM_CC_DIRECT,0.2197474733494606,0.3088582546877279,0,ok,P19 · endoplasmic reticulum membrane
AMY,CS20230722_SUPT_0174,0174 Vip Gaba_2,0,P0,IPR027417:P-loop_NTPase,INTERPRO,1.0809886313352e-4,1.1433164678490888,8,ok,P0 · IPR027417:P-loop_NTPase
AMY,CS20230722_SUPT_0174,0174 Vip Gaba_2,1,P1,Acetylation,UP_KW_PTM,0.03868574433438528,0.832575981394459,3,ok,P1 · Acetylation
AMY,CS20230722_SUPT_0174,0174 Vip Gaba_2,2,P2,cytoplasm,GOTERM_CC_DIRECT,0.01046304925007626,1.2155061717856066,5,ok,P2 · cytoplasm
AMY,CS20230722_SUPT_0174,0174 Vip Gaba_2,3,P3,metal ion binding,GOTERM_MF_DIRECT,0.02183561605720253,1.0471485148573323,1,ok,P3 · metal ion binding
AMY,CS20230722_SUPT_0174,0174 Vip Gaba_2,4,P4,SM00355:ZnF_C2H2,SMART,0.00171012736061182,1.4277235607185403,6,ok,P4 · SM00355:ZnF_C2H2
AMY,CS20230722_SUPT_0174,0174 Vip Gaba_2,5,P5,synapse,GOTERM_CC_DIRECT,2.792209909458802e-5,2.4373242813969176,36,ok,P5 · synapse
AMY,CS20230722_SUPT_0174,0174 Vip Gaba_2,6,P6,axon guidance,GOTERM_BP_DIRECT,3.0741802585639925e-5,2.160719820284679,50,ok,P6 · axon guidance
AMY,CS20230722_SUPT_0174,0174 Vip Gaba_2,7,P7,IPR050752:C2H2-ZF_domain,INTERPRO,0.00159262437818369,1.3071144957464886,13,ok,P7 · IPR050752:C2H2-ZF_domain
AMY,CS20230722_SUPT_0174,0174 Vip Gaba_2,8,P8,REPEAT:WD 6,UP_SEQ_FEATURE,0.00987171583688839,1.7239756618541269,12,ok,P8 · REPEAT:WD 6
AMY,CS20230722_SUPT_0174,0174 Vip Gaba_2,9,P9,mitochondrial inner membrane,GOTERM_CC_DIRECT,0.01458980270416632,0.9116641462208666,1,ok,P9 · mitochondrial inner membrane
AMY,CS20230722_SUPT_0174,0174 Vip Gaba_2,10,P10,DOMAIN:SH3,UP_SEQ_FEATURE,1.7422307804856e-4,3.6149026107059656,36,ok,P10 · DOMAIN:SH3
AMY,CS20230722_SUPT_0174,0174 Vip Gaba_2,11,P11,cytosol,GOTERM_CC_DIRECT,0.03871982848922735,0.8570732596130884,1,ok,P11 · cytosol
AMY,CS20230722_SUPT_0174,0174 Vip Gaba_2,12,P12,Mitosis,UP_KW_BIOLOGICAL_PROCESS,0.01485840707313542,1.365124448418476,4,ok,P12 · Mitosis
AMY,CS20230722_SUPT_0174,0174 Vip Gaba_2,13,P13,Activator,UP_KW_MOLECULAR_FUNCTION,0.1002259917940984,0.5135872105399913,0,ok,P13 · Activator
AMY,CS20230722_SUPT_0174,0174 Vip Gaba_2,14,P14,mmu04060:Cytokine-cytokine receptor interaction,KEGG_PATHWAY,0.02206634837261428,0.8855944534180893,1,ok,P14 · mmu04060:Cytokine-cytokine receptor i...
AMY,CS20230722_SUPT_0174,0174 Vip Gaba_2,15,P15,mmu05412:Arrhythmogenic right ventricular cardiomyopathy,KEGG_PATHWAY,3.9253208608966e-4,2.5219689381464185,11,ok,P15 · mmu05412:Arrhythmogenic right ventric...
AMY,CS20230722_SUPT_0174,0174 Vip Gaba_2,16,P16,neuron projection,GOTERM_CC_DIRECT,5.7294242789411e-4,1.9229571663013372,16,ok,P16 · neuron projection
AMY,CS20230722_SUPT_0174,0174 Vip Gaba_2,17,P17,ACT_SITE:Nucleophile,UP_SEQ_FEATURE,0.01723020429056042,0.7205281561729434,2,ok,P17 · ACT_SITE:Nucleophile
AMY,CS20230722_SUPT_0174,0174 Vip Gaba_2,18,P18,basolateral plasma membrane,GOTERM_CC_DIRECT,0.02241492250023772,0.6592409811744968,2,ok,P18 · basolateral plasma membrane
AMY,CS20230722_SUPT_0174,0174 Vip Gaba_2,19,P19,cGMP,UP_KW_LIGAND,6.8705665619337e-4,2.1770797516131584,13,ok,P19 · cGMP
AMY,CS20230722_SUPT_0175,0175 Vip Gaba_3,0,P0,synapse,GOTERM_CC_DIRECT,6.3055631529163e-4,1.820514548786189,16,ok,P0 · synapse
AMY,CS20230722_SUPT_0175,0175 Vip Gaba_3,1,P1,REPEAT:5,UP_SEQ_FEATURE,0.00682249301145864,1.902009227081744,10,ok,P1 · REPEAT:5
AMY,CS20230722_SUPT_0175,0175 Vip Gaba_3,2,P2,cell surface,GOTERM_CC_DIRECT,4.3934706361684e-4,1.5033849455888026,16,ok,P2 · cell surface
AMY,CS20230722_SUPT_0175,0175 Vip Gaba_3,3,P3,cell adhesion,GOTERM_BP_DIRECT,0.00514934670340509,1.505321382094067,6,ok,P3 · cell adhesion
AMY,CS20230722_SUPT_0175,0175 Vip Gaba_3,4,P4,axon extension involved in axon guidance,GOTERM_BP_DIRECT,2.1490422572627293e-5,2.0732350814284404,16,ok,P4 · axon extension involved in axon guidance
AMY,CS20230722_SUPT_0175,0175 Vip Gaba_3,5,P5,IPR013098:Ig_I-set,INTERPRO,5.4360621911483e-4,1.4224967730061857,13,ok,P5 · IPR013098:Ig_I-set
AMY,CS20230722_SUPT_0175,0175 Vip Gaba_3,6,P6,nuclear body,GOTERM_CC_DIRECT,3.2913944836598e-4,0.6762848504195547,1,ok,P6 · nuclear body
AMY,CS20230722_SUPT_0175,0175 Vip Gaba_3,7,P7,protein binding,GOTERM_MF_DIRECT,0.14161348093459436,0.34108417502418314,0,ok,P7 · protein binding
AMY,CS20230722_SUPT_0175,0175 Vip Gaba_3,8,P8,COMPBIAS:Basic and acidic residues,UP_SEQ_FEATURE,0.04304622417470498,0.7621464623962614,1,ok,P8 · COMPBIAS:Basic and acidic residues
AMY,CS20230722_SUPT_0175,0175 Vip Gaba_3,9,P9,transcription coactivator activity,GOTERM_MF_DIRECT,0.01838526481910397,0.8158990531914643,2,ok,P9 · transcription coactivator activity
AMY,CS20230722_SUPT_0175,0175 Vip Gaba_3,10,P10,nucleoplasm,GOTERM_CC_DIRECT,0.02444200979011411,0.8806348028277398,1,ok,P10 · nucleoplasm
AMY,CS20230722_SUPT_0175,0175 Vip Gaba_3,11,P11,positive regulation of cell population proliferation,GOTERM_BP_DIRECT,0.01628075142807364,0.5798307172778998,2,ok,P11 · positive regulation of cell populatio...
AMY,CS20230722_SUPT_0175,0175 Vip Gaba_3,12,P12,Lipid biosynthesis,UP_KW_BIOLOGICAL_PROCESS,0.00302032137893284,1.6101193249217869,2,ok,P12 · Lipid biosynthesis
AMY,CS20230722_SUPT_0175,0175 Vip Gaba_3,13,P13,hydrolase activity,GOTERM_MF_DIRECT,0.00106990020346019,1.243862844110382,3,ok,P13 · hydrolase activity
AMY,CS20230722_SUPT_0175,0175 Vip Gaba_3,14,P14,TOPO_DOM:Cytoplasmic,UP_SEQ_FEATURE,0.01649096565519083,0.7557549967514376,3,ok,P14 · TOPO_DOM:Cytoplasmic
AMY,CS20230722_SUPT_0175,0175 Vip Gaba_3,15,P15,neuronal cell body,GOTERM_CC_DIRECT,0.00137151972361511,2.476128387684946,18,ok,P15 · neuronal cell body
AMY,CS20230722_SUPT_0175,0175 Vip Gaba_3,16,P16,zinc ion binding,GOTERM_MF_DIRECT,0.01170853679189572,0.7092727800334576,1,ok,P16 · zinc ion binding
AMY,CS20230722_SUPT_0175,0175 Vip Gaba_3,17,P17,intracellular signal transduction,GOTERM_BP_DIRECT,0.00224893545795608,2.0837952583336756,17,ok,P17 · intracellular signal transduction
AMY,CS20230722_SUPT_0175,0175 Vip Gaba_3,18,P18,Nucleus,UP_KW_CELLULAR_COMPONENT,0.02748809993235839,1.1374094922956346,2,ok,P18 · Nucleus
AMY,CS20230722_SUPT_0175,0175 Vip Gaba_3,19,P19,blood vessel development,GOTERM_BP_DIRECT,0.02598794001354575,0.9932531706272854,3,ok,P19 · blood vessel development
AMY,CS20230722_SUPT_0194,0194 RHP-COA Ndnf Gaba_2,0,P0,CARBOHYD:N-linked (GlcNAc...) asparagine,UP_SEQ_FEATURE,0.00293369951889695,1.071355068058391,4,ok,P0 · CARBOHYD:N-linked (GlcNAc...) asparagine
AMY,CS20230722_SUPT_0194,0194 RHP-COA Ndnf Gaba_2,1,P1,angiogenesis,GOTERM_BP_DIRECT,7.6186641044458e-4,1.5364997119782622,27,ok,P1 · angiogenesis
AMY,CS20230722_SUPT_0194,0194 RHP-COA Ndnf Gaba_2,2,P2,IPR001881:EGF-like_Ca-bd_dom,INTERPRO,0.00200762892719657,1.5913812507237914,20,ok,P2 · IPR001881:EGF-like_Ca-bd_dom
AMY,CS20230722_SUPT_0194,0194 RHP-COA Ndnf Gaba_2,3,P3,Membrane,UP_KW_CELLULAR_COMPONENT,3.7497846833980255e-6,2.9302975407139433,19,ok,P3 · Membrane
AMY,CS20230722_SUPT_0194,0194 RHP-COA Ndnf Gaba_2,4,P4,heterophilic cell-cell adhesion,GOTERM_BP_DIRECT,0.00232594588739353,1.9323807887183968,21,ok,P4 · heterophilic cell-cell adhesion
AMY,CS20230722_SUPT_0194,0194 RHP-COA Ndnf Gaba_2,5,P5,CARBOHYD:N-linked (GlcNAc...) asparagine,UP_SEQ_FEATURE,0.00886502115989511,1.4001950535357244,9,ok,P5 · CARBOHYD:N-linked (GlcNAc...) asparagine
AMY,CS20230722_SUPT_0194,0194 RHP-COA Ndnf Gaba_2,6,P6,Mitochondrion inner membrane,UP_KW_CELLULAR_COMPONENT,0.03336688213763504,1.1328568050481702,1,ok,P6 · Mitochondrion inner membrane
AMY,CS20230722_SUPT_0194,0194 RHP-COA Ndnf Gaba_2,7,P7,DOMAIN:EF-hand,UP_SEQ_FEATURE,0.02169299233384174,0.973137181920466,4,ok,P7 · DOMAIN:EF-hand
AMY,CS20230722_SUPT_0194,0194 RHP-COA Ndnf Gaba_2,8,P8,Transmembrane helix,UP_KW_DOMAIN,0.25570823476336974,0.37313705492317856,0,ok,P8 · Transmembrane helix
AMY,CS20230722_SUPT_0194,0194 RHP-COA Ndnf Gaba_2,9,P9,nucleus,GOTERM_CC_DIRECT,0.3792562667289641,0.29700281929263933,0,ok,P9 · nucleus
AMY,CS20230722_SUPT_0194,0194 RHP-COA Ndnf Gaba_2,10,P10,ventricular septum morphogenesis,GOTERM_BP_DIRECT,0.00163887834223311,1.5380895539691024,9,ok,P10 · ventricular septum morphogenesis
AMY,CS20230722_SUPT_0194,0194 RHP-COA Ndnf Gaba_2,11,P11,Disulfide bond,UP_KW_PTM,0.00310813642323284,0.7673156835765237,2,ok,P11 · Disulfide bond
AMY,CS20230722_SUPT_0194,0194 RHP-COA Ndnf Gaba_2,12,P12,Nucleus,UP_KW_CELLULAR_COMPONENT,0.05350581075517694,0.8103769132328565,0,ok,P12 · Nucleus
AMY,CS20230722_SUPT_0194,0194 RHP-COA Ndnf Gaba_2,13,P13,TOPO_DOM:Extracellular,UP_SEQ_FEATURE,4.5721129112905e-4,2.448860715729407,16,ok,P13 · TOPO_DOM:Extracellular
AMY,CS20230722_SUPT_0194,0194 RHP-COA Ndnf Gaba_2,14,P14,membrane,GOTERM_CC_DIRECT,0.402314811424927,0.28355060308193497,0,ok,P14 · membrane
AMY,CS20230722_SUPT_0194,0194 RHP-COA Ndnf Gaba_2,15,P15,Repeat,UP_KW_DOMAIN,0.33962783271881625,0.36018866068202915,0,ok,P15 · Repeat
AMY,CS20230722_SUPT_0194,0194 RHP-COA Ndnf Gaba_2,16,P16,mitotic cell cycle,GOTERM_BP_DIRECT,0.02088006914792954,1.3459588051596338,7,ok,P16 · mitotic cell cycle
AMY,CS20230722_SUPT_0194,0194 RHP-COA Ndnf Gaba_2,17,P17,CARBOHYD:N-linked (GlcNAc...) asparagine,UP_SEQ_FEATURE,1.316979935854798e-5,1.8383743465600015,13,ok,P17 · CARBOHYD:N-linked (GlcNAc...) asparagine
AMY,CS20230722_SUPT_0194,0194 RHP-COA Ndnf Gaba_2,18,P18,negative regulation of endothelial cell proliferation,GOTERM_BP_DIRECT,1.4709039453102e-4,1.2288797291794251,5,ok,P18 · negative regulation of endothelial ce...
AMY,CS20230722_SUPT_0194,0194 RHP-COA Ndnf Gaba_2,19,P19,plasma membrane,GOTERM_CC_DIRECT,0.21316325132813577,0.5077026436281689,0,ok,P19 · plasma membrane
AMY,CS20230722_SUPT_0199,0199 Lamp5 Gaba_1,0,P0,Cell projection,UP_KW_CELLULAR_COMPONENT,0.05931428069840504,0.6434936667931657,0,ok,P0 · Cell projection
AMY,CS20230722_SUPT_0199,0199 Lamp5 Gaba_1,1,P1,Glycoprotein,UP_KW_PTM,0.02308085006475023,1.1402045568280723,3,ok,P1 · Glycoprotein
AMY,CS20230722_SUPT_0199,0199 Lamp5 Gaba_1,2,P2,plasma membrane,GOTERM_CC_DIRECT,0.02188892034624618,0.8534707969124399,4,ok,P2 · plasma membrane
AMY,CS20230722_SUPT_0199,0199 Lamp5 Gaba_1,3,P3,calcium ion binding,GOTERM_MF_DIRECT,0.02769914446477555,0.8011800710542776,1,ok,P3 · calcium ion binding
AMY,CS20230722_SUPT_0199,0199 Lamp5 Gaba_1,4,P4,TRANSMEM:Helical,UP_SEQ_FEATURE,0.40402522139869623,0.30216620889429385,0,ok,P4 · TRANSMEM:Helical
AMY,CS20230722_SUPT_0199,0199 Lamp5 Gaba_1,5,P5,cell surface,GOTERM_CC_DIRECT,0.00421209482482768,1.0192977205226703,6,ok,P5 · cell surface
AMY,CS20230722_SUPT_0199,0199 Lamp5 Gaba_1,6,P6,CARBOHYD:N-linked (GlcNAc...) asparagine,UP_SEQ_FEATURE,6.2039003019873e-4,1.451989128545868,9,ok,P6 · CARBOHYD:N-linked (GlcNAc...) asparagine
AMY,CS20230722_SUPT_0199,0199 Lamp5 Gaba_1,7,P7,calcium ion binding,GOTERM_MF_DIRECT,3.9738197870269e-4,2.0855466669141594,13,ok,P7 · calcium ion binding
AMY,CS20230722_SUPT_0199,0199 Lamp5 Gaba_1,8,P8,COMPBIAS:Acidic residues,UP_SEQ_FEATURE,0.04728330319786032,1.0345017419082094,2,ok,P8 · COMPBIAS:Acidic residues
AMY,CS20230722_SUPT_0199,0199 Lamp5 Gaba_1,9,P9,Glycoprotein,UP_KW_PTM,0.00715958759208794,1.199948821024897,7,ok,P9 · Glycoprotein
AMY,CS20230722_SUPT_0199,0199 Lamp5 Gaba_1,10,P10,plasma membrane,GOTERM_CC_DIRECT,3.598209490038e-4,2.2926469048061713,19,ok,P10 · plasma membrane
AMY,CS20230722_SUPT_0199,0199 Lamp5 Gaba_1,11,P11,Ubl conjugation,UP_KW_PTM,0.04964459565178956,0.6042671104981555,1,ok,P11 · Ubl conjugation
AMY,CS20230722_SUPT_0199,0199 Lamp5 Gaba_1,12,P12,negative regulation of DNA-templated transcription,GOTERM_BP_DIRECT,0.00302591753166229,1.2449472939765005,14,ok,P12 · negative regulation of DNA-templated ...
AMY,CS20230722_SUPT_0199,0199 Lamp5 Gaba_1,13,P13,CARBOHYD:N-linked (GlcNAc...) asparagine,UP_SEQ_FEATURE,0.00811478287801336,1.12985964919852,7,ok,P13 · CARBOHYD:N-linked (GlcNAc...) asparagine
AMY,CS20230722_SUPT_0199,0199 Lamp5 Gaba_1,14,P14,Differentiation,UP_KW_BIOLOGICAL_PROCESS,0.02503375910644187,1.1013005691505162,1,ok,P14 · Differentiation
AMY,CS20230722_SUPT_0199,0199 Lamp5 Gaba_1,15,P15,response to bacterium,GOTERM_BP_DIRECT,0.01373748874566025,0.7511737823078737,2,ok,P15 · response to bacterium
AMY,CS20230722_SUPT_0199,0199 Lamp5 Gaba_1,16,P16,CARBOHYD:N-linked (GlcNAc...) asparagine,UP_SEQ_FEATURE,0.00918735492285205,1.0215643925949636,4,ok,P16 · CARBOHYD:N-linked (GlcNAc...) asparagine
AMY,CS20230722_SUPT_0199,0199 Lamp5 Gaba_1,17,P17,TOPO_DOM:Cytoplasmic,UP_SEQ_FEATURE,0.01120580327860062,1.271847593096574,6,ok,P17 · TOPO_DOM:Cytoplasmic
AMY,CS20230722_SUPT_0199,0199 Lamp5 Gaba_1,18,P18,CARBOHYD:N-linked (GlcNAc...) asparagine,UP_SEQ_FEATURE,5.795515377161356e-5,1.951996094274215,24,ok,P18 · CARBOHYD:N-linked (GlcNAc...) asparagine
AMY,CS20230722_SUPT_0199,0199 Lamp5 Gaba_1,19,P19,transmembrane signaling receptor activity,GOTERM_MF_DIRECT,4.2604350303069e-4,2.4021768257801224,13,ok,P19 · transmembrane signaling receptor acti...
AMY,CS20230722_SUPT_0203,0203 Lamp5 Lhx6 Gaba_1,0,P0,external side of plasma membrane,GOTERM_CC_DIRECT,0.00866309270643008,0.6346577882809685,3,ok,P0 · external side of plasma membrane
AMY,CS20230722_SUPT_0203,0203 Lamp5 Lhx6 Gaba_1,1,P1,TOPO_DOM:Cytoplasmic,UP_SEQ_FEATURE,2.6579600213086e-4,2.1397106330389613,34,ok,P1 · TOPO_DOM:Cytoplasmic
AMY,CS20230722_SUPT_0203,0203 Lamp5 Lhx6 Gaba_1,2,P2,plasma membrane,GOTERM_CC_DIRECT,0.03466094145873754,0.501770286461983,1,ok,P2 · plasma membrane
AMY,CS20230722_SUPT_0203,0203 Lamp5 Lhx6 Gaba_1,3,P3,mmu04518:Integrin signaling,KEGG_PATHWAY,0.02745113044210836,1.0443825326786444,7,ok,P3 · mmu04518:Integrin signaling
AMY,CS20230722_SUPT_0203,0203 Lamp5 Lhx6 Gaba_1,4,P4,IPR000152:EGF-type_Asp/Asn_hydroxyl_site,INTERPRO,1.756748933426239e-5,1.903605182739985,20,ok,P4 · IPR000152:EGF-type_Asp/Asn_hydroxyl_site
AMY,CS20230722_SUPT_0203,0203 Lamp5 Lhx6 Gaba_1,5,P5,modulation of chemical synaptic transmission,GOTERM_BP_DIRECT,1.6555903198255e-4,2.002211962640778,13,ok,P5 · modulation of chemical synaptic trans...
AMY,CS20230722_SUPT_0203,0203 Lamp5 Lhx6 Gaba_1,6,P6,positive regulation of cell migration,GOTERM_BP_DIRECT,3.6749518690782e-4,2.074892823801297,12,ok,P6 · positive regulation of cell migration
AMY,CS20230722_SUPT_0203,0203 Lamp5 Lhx6 Gaba_1,7,P7,CARBOHYD:N-linked (GlcNAc...) asparagine,UP_SEQ_FEATURE,0.01295745756346784,0.8913233226237508,2,ok,P7 · CARBOHYD:N-linked (GlcNAc...) asparagine
AMY,CS20230722_SUPT_0203,0203 Lamp5 Lhx6 Gaba_1,8,P8,IPR001007:VWF_dom,INTERPRO,2.7854609273688e-4,1.1360760681804092,3,ok,P8 · IPR001007:VWF_dom
AMY,CS20230722_SUPT_0203,0203 Lamp5 Lhx6 Gaba_1,9,P9,Hydrolase,UP_KW_MOLECULAR_FUNCTION,0.03422643876463573,0.9232979262207748,1,ok,P9 · Hydrolase
AMY,CS20230722_SUPT_0203,0203 Lamp5 Lhx6 Gaba_1,10,P10,DNA-binding,UP_KW_MOLECULAR_FUNCTION,0.04951588345388732,0.683024349108517,1,ok,P10 · DNA-binding
AMY,CS20230722_SUPT_0203,0203 Lamp5 Lhx6 Gaba_1,11,P11,ATP-binding,UP_KW_LIGAND,0.00803750990269716,1.2268186884264418,4,ok,P11 · ATP-binding
AMY,CS20230722_SUPT_0203,0203 Lamp5 Lhx6 Gaba_1,12,P12,gene expression,GOTERM_BP_DIRECT,0.009781531944052,0.8112043186840328,2,ok,P12 · gene expression
AMY,CS20230722_SUPT_0203,0203 Lamp5 Lhx6 Gaba_1,13,P13,calcium ion binding,GOTERM_MF_DIRECT,3.1784211401205e-4,1.038607990392962,3,ok,P13 · calcium ion binding
AMY,CS20230722_SUPT_0203,0203 Lamp5 Lhx6 Gaba_1,14,P14,IPR000742:EGF,INTERPRO,6.6449312105959e-4,2.001042737571408,16,ok,P14 · IPR000742:EGF
AMY,CS20230722_SUPT_0203,0203 Lamp5 Lhx6 Gaba_1,15,P15,CARBOHYD:N-linked (GlcNAc...) asparagine,UP_SEQ_FEATURE,0.1269588054114067,0.2588891259640766,0,ok,P15 · CARBOHYD:N-linked (GlcNAc...) asparagine
AMY,CS20230722_SUPT_0203,0203 Lamp5 Lhx6 Gaba_1,16,P16,mitochondrial matrix,GOTERM_CC_DIRECT,0.00554246279396886,0.8494891234699532,2,ok,P16 · mitochondrial matrix
AMY,CS20230722_SUPT_0203,0203 Lamp5 Lhx6 Gaba_1,17,P17,spermatogenesis,GOTERM_BP_DIRECT,0.02874575700431107,0.7373585953098434,3,ok,P17 · spermatogenesis
AMY,CS20230722_SUPT_0203,0203 Lamp5 Lhx6 Gaba_1,18,P18,metal ion binding,GOTERM_MF_DIRECT,0.16577690017126614,0.42768298654724907,0,ok,P18 · metal ion binding
AMY,CS20230722_SUPT_0203,0203 Lamp5 Lhx6 Gaba_1,19,P19,CARBOHYD:N-linked (GlcNAc...) asparagine,UP_SEQ_FEATURE,9.484912994911196e-5,1.980753668072557,28,ok,P19 · CARBOHYD:N-linked (GlcNAc...) asparagine
AMY,CS20230722_SUPT_0204,0204 Pvalb chandelier Gaba_1,0,P0,Developmental protein,UP_KW_MOLECULAR_FUNCTION,6.0103590853786e-4,1.257456555065796,4,ok,P0 · Developmental protein
AMY,CS20230722_SUPT_0204,0204 Pvalb chandelier Gaba_1,1,P1,presynaptic membrane,GOTERM_CC_DIRECT,0.00235678393821598,1.6275259548673953,17,ok,P1 · presynaptic membrane
AMY,CS20230722_SUPT_0204,0204 Pvalb chandelier Gaba_1,2,P2,IPR001245:Ser-Thr/Tyr_kinase_cat_dom,INTERPRO,9.06511294778326e-5,1.501195341929722,12,ok,P2 · IPR001245:Ser-Thr/Tyr_kinase_cat_dom
AMY,CS20230722_SUPT_0204,0204 Pvalb chandelier Gaba_1,3,P3,Transferase,UP_KW_MOLECULAR_FUNCTION,0.00675724704989419,1.171552503076989,9,ok,P3 · Transferase
AMY,CS20230722_SUPT_0204,0204 Pvalb chandelier Gaba_1,4,P4,Calcium,UP_KW_LIGAND,0.02039835189374531,1.171552503076989,4,ok,P4 · Calcium
AMY,CS20230722_SUPT_0204,0204 Pvalb chandelier Gaba_1,5,P5,"synaptic transmission, glutamatergic",GOTERM_BP_DIRECT,4.284449301660723e-8,3.317305496758999,37,ok,"P5 · synaptic transmission, glutamatergic"
AMY,CS20230722_SUPT_0204,0204 Pvalb chandelier Gaba_1,6,P6,TRANSMEM:Helical,UP_SEQ_FEATURE,0.05820900039386526,0.6462955790405336,0,ok,P6 · TRANSMEM:Helical
AMY,CS20230722_SUPT_0204,0204 Pvalb chandelier Gaba_1,7,P7,IPR001356:HD,INTERPRO,0.00118696878903415,1.605297725391093,3,ok,P7 · IPR001356:HD
AMY,CS20230722_SUPT_0204,0204 Pvalb chandelier Gaba_1,8,P8,protein binding,GOTERM_MF_DIRECT,0.05856115140099442,0.48565675082572496,0,ok,P8 · protein binding
AMY,CS20230722_SUPT_0204,0204 Pvalb chandelier Gaba_1,9,P9,GTP binding,GOTERM_MF_DIRECT,0.02051965464131167,1.217509439124166,2,ok,P9 · GTP binding
AMY,CS20230722_SUPT_0204,0204 Pvalb chandelier Gaba_1,10,P10,TOPO_DOM:Extracellular,UP_SEQ_FEATURE,0.03369129570060668,0.7361487383985543,3,ok,P10 · TOPO_DOM:Extracellular
AMY,CS20230722_SUPT_0204,0204 Pvalb chandelier Gaba_1,11,P11,DOMAIN:C2H2-type,UP_SEQ_FEATURE,0.00108293069685749,1.6534034625619878,17,ok,P11 · DOMAIN:C2H2-type
AMY,CS20230722_SUPT_0204,0204 Pvalb chandelier Gaba_1,12,P12,TOPO_DOM:Cytoplasmic,UP_SEQ_FEATURE,2.1805292275598498e-5,2.115765338957495,15,ok,P12 · TOPO_DOM:Cytoplasmic
AMY,CS20230722_SUPT_0204,0204 Pvalb chandelier Gaba_1,13,P13,IPR001849:PH_domain,INTERPRO,0.01144686282588172,1.7447174937181855,7,ok,P13 · IPR001849:PH_domain
AMY,CS20230722_SUPT_0204,0204 Pvalb chandelier Gaba_1,14,P14,CROSSLNK:Glycyl lysine isopeptide (Lys-Gly) (interchain with G-Cter in SUMO2),UP_SEQ_FEATURE,0.00707656271347807,0.6371434100817055,2,ok,P14 · CROSSLNK:Glycyl lysine isopeptide (Ly...
AMY,CS20230722_SUPT_0204,0204 Pvalb chandelier Gaba_1,15,P15,DOMAIN:IQ 1,UP_SEQ_FEATURE,8.3858425134907e-4,1.8180553581582977,24,ok,P15 · DOMAIN:IQ 1
AMY,CS20230722_SUPT_0204,0204 Pvalb chandelier Gaba_1,16,P16,TRANSMEM:Helical; Signal-anchor for type II membrane protein,UP_SEQ_FEATURE,0.02782612254633783,1.0938177941515683,8,ok,P16 · TRANSMEM:Helical; Signal-anchor for t...
AMY,CS20230722_SUPT_0204,0204 Pvalb chandelier Gaba_1,17,P17,angiogenesis,GOTERM_BP_DIRECT,0.0119543741008326,1.1228084926373467,5,ok,P17 · angiogenesis
AMY,CS20230722_SUPT_0204,0204 Pvalb chandelier Gaba_1,18,P18,zinc ion binding,GOTERM_MF_DIRECT,0.01449082415780018,0.6689566428604667,1,ok,P18 · zinc ion binding
AMY,CS20230722_SUPT_0204,0204 Pvalb chandelier Gaba_1,19,P19,Synapse,UP_KW_CELLULAR_COMPONENT,1.800584662762456e-5,2.1214241834172167,39,ok,P19 · Synapse
AMY,CS20230722_SUPT_0206,0206 Pvalb Gaba_2,0,P0,kinase activity,GOTERM_MF_DIRECT,0.03988294692779454,0.9571536576192402,2,ok,P0 · kinase activity
AMY,CS20230722_SUPT_0206,0206 Pvalb Gaba_2,1,P1,Secreted,UP_KW_CELLULAR_COMPONENT,5.9311891682666e-4,2.0822720606758955,13,ok,P1 · Secreted
AMY,CS20230722_SUPT_0206,0206 Pvalb Gaba_2,2,P2,neuronal cell body,GOTERM_CC_DIRECT,0.00309215401054921,1.7233279119785228,29,ok,P2 · neuronal cell body
AMY,CS20230722_SUPT_0206,0206 Pvalb Gaba_2,3,P3,extracellular region,GOTERM_CC_DIRECT,0.01008849224304328,0.8484774224187771,2,ok,P3 · extracellular region
AMY,CS20230722_SUPT_0206,0206 Pvalb Gaba_2,4,P4,Signal,UP_KW_DOMAIN,0.08500158520498062,0.7643259752994763,0,ok,P4 · Signal
AMY,CS20230722_SUPT_0206,0206 Pvalb Gaba_2,5,P5,mmu00630:Glyoxylate and dicarboxylate metabolism,KEGG_PATHWAY,3.7656951868948e-4,1.153324585929444,5,ok,P5 · mmu00630:Glyoxylate and dicarboxylate...
AMY,CS20230722_SUPT_0206,0206 Pvalb Gaba_2,6,P6,TOPO_DOM:Cytoplasmic,UP_SEQ_FEATURE,0.00287654624061948,1.3538089694491386,9,ok,P6 · TOPO_DOM:Cytoplasmic
AMY,CS20230722_SUPT_0206,0206 Pvalb Gaba_2,7,P7,plasma membrane,GOTERM_CC_DIRECT,0.00115545020343635,1.8186944795218931,14,ok,P7 · plasma membrane
AMY,CS20230722_SUPT_0206,0206 Pvalb Gaba_2,8,P8,Glycoprotein,UP_KW_PTM,0.04158447334140557,0.7219162545728531,1,ok,P8 · Glycoprotein
AMY,CS20230722_SUPT_0206,0206 Pvalb Gaba_2,9,P9,mmu03083:Polycomb repressive complex,KEGG_PATHWAY,0.00126023060970102,0.9631491490106472,2,ok,P9 · mmu03083:Polycomb repressive complex
AMY,CS20230722_SUPT_0206,0206 Pvalb Gaba_2,10,P10,DOMAIN:SH3,UP_SEQ_FEATURE,0.00383919081836256,1.6640649716361982,9,ok,P10 · DOMAIN:SH3
AMY,CS20230722_SUPT_0206,0206 Pvalb Gaba_2,11,P11,Cell membrane,UP_KW_CELLULAR_COMPONENT,0.05893615421548442,0.4624314192906533,0,ok,P11 · Cell membrane
AMY,CS20230722_SUPT_0206,0206 Pvalb Gaba_2,12,P12,Glycoprotein,UP_KW_PTM,1.261635184978e-4,2.170683184556748,19,ok,P12 · Glycoprotein
AMY,CS20230722_SUPT_0206,0206 Pvalb Gaba_2,13,P13,Developmental protein,UP_KW_MOLECULAR_FUNCTION,0.06000175299372579,0.6426842089154815,0,ok,P13 · Developmental protein
AMY,CS20230722_SUPT_0206,0206 Pvalb Gaba_2,14,P14,cell surface,GOTERM_CC_DIRECT,0.00287156097465372,1.475291173934885,9,ok,P14 · cell surface
AMY,CS20230722_SUPT_0206,0206 Pvalb Gaba_2,15,P15,Repeat,UP_KW_DOMAIN,0.0327940533366813,1.142078593798754,2,ok,P15 · Repeat
AMY,CS20230722_SUPT_0206,0206 Pvalb Gaba_2,16,P16,Repressor,UP_KW_MOLECULAR_FUNCTION,0.01973190003807996,0.754519255787214,1,ok,P16 · Repressor
AMY,CS20230722_SUPT_0206,0206 Pvalb Gaba_2,17,P17,DOMAIN:Ig-like C2-type 2,UP_SEQ_FEATURE,6.0365307117447e-4,1.8020481212583708,34,ok,P17 · DOMAIN:Ig-like C2-type 2
AMY,CS20230722_SUPT_0206,0206 Pvalb Gaba_2,18,P18,Calcium,UP_KW_LIGAND,0.02039835189374531,1.223482905198936,3,ok,P18 · Calcium
AMY,CS20230722_SUPT_0206,0206 Pvalb Gaba_2,19,P19,CARBOHYD:N-linked (GlcNAc...) asparagine,UP_SEQ_FEATURE,0.00811478287801336,1.284108622116011,2,ok,P19 · CARBOHYD:N-linked (GlcNAc...) asparagine
AMY,CS20230722_SUPT_0209,0209 Pvalb Gaba_5,0,P0,cell surface,GOTERM_CC_DIRECT,0.08328931257745922,0.5350636656737596,0,ok,P0 · cell surface
AMY,CS20230722_SUPT_0209,0209 Pvalb Gaba_5,1,P1,COMPBIAS:Basic residues,UP_SEQ_FEATURE,0.09737331631672386,0.6801208404768867,0,ok,P1 · COMPBIAS:Basic residues
AMY,CS20230722_SUPT_0209,0209 Pvalb Gaba_5,2,P2,plasma membrane,GOTERM_CC_DIRECT,2.8178769985019565e-5,3.776866174337984,22,ok,P2 · plasma membrane
AMY,CS20230722_SUPT_0209,0209 Pvalb Gaba_5,3,P3,TOPO_DOM:Cytoplasmic,UP_SEQ_FEATURE,0.00585530074594214,1.1451676598621556,6,ok,P3 · TOPO_DOM:Cytoplasmic
AMY,CS20230722_SUPT_0209,0209 Pvalb Gaba_5,4,P4,IPR013320:ConA-like_dom_sf,INTERPRO,0.00182446596820532,1.303303712435272,5,ok,P4 · IPR013320:ConA-like_dom_sf
AMY,CS20230722_SUPT_0209,0209 Pvalb Gaba_5,5,P5,Cell membrane,UP_KW_CELLULAR_COMPONENT,0.00884355294782669,0.924452596887689,3,ok,P5 · Cell membrane
AMY,CS20230722_SUPT_0209,0209 Pvalb Gaba_5,6,P6,Secreted,UP_KW_CELLULAR_COMPONENT,0.00906871325433098,0.7957685013275687,6,ok,P6 · Secreted
AMY,CS20230722_SUPT_0209,0209 Pvalb Gaba_5,7,P7,plasma membrane,GOTERM_CC_DIRECT,0.00185867011458395,1.9472423446689768,18,ok,P7 · plasma membrane
AMY,CS20230722_SUPT_0209,0209 Pvalb Gaba_5,8,P8,astrocyte projection,GOTERM_CC_DIRECT,1.4528494180429e-4,1.4773571703611497,11,ok,P8 · astrocyte projection
AMY,CS20230722_SUPT_0209,0209 Pvalb Gaba_5,9,P9,NA,NA,NA,NA,0,no_terms,P9
AMY,CS20230722_SUPT_0209,0209 Pvalb Gaba_5,10,P10,Secreted,UP_KW_CELLULAR_COMPONENT,0.00424953510873647,1.4487502226770954,3,ok,P10 · Secreted
AMY,CS20230722_SUPT_0209,0209 Pvalb Gaba_5,11,P11,COMPBIAS:Basic and acidic residues,UP_SEQ_FEATURE,0.00249828519527161,0.7649881073810166,1,ok,P11 · COMPBIAS:Basic and acidic residues
AMY,CS20230722_SUPT_0209,0209 Pvalb Gaba_5,12,P12,IPR013098:Ig_I-set,INTERPRO,4.2984676503595846e-5,1.5724777097587703,16,ok,P12 · IPR013098:Ig_I-set
AMY,CS20230722_SUPT_0209,0209 Pvalb Gaba_5,13,P13,Cell adhesion,UP_KW_BIOLOGICAL_PROCESS,0.00130170013807011,1.3245903623800337,8,ok,P13 · Cell adhesion
AMY,CS20230722_SUPT_0209,0209 Pvalb Gaba_5,14,P14,IPR000742:EGF,INTERPRO,0.00965531492817305,1.3952333893692883,9,ok,P14 · IPR000742:EGF
AMY,CS20230722_SUPT_0209,0209 Pvalb Gaba_5,15,P15,"DNA-binding transcription activator activity, RNA polymerase II-specific",GOTERM_MF_DIRECT,0.00984762184664173,1.0493694098066635,1,ok,P15 · DNA-binding transcription activator a...
AMY,CS20230722_SUPT_0209,0209 Pvalb Gaba_5,16,P16,basolateral plasma membrane,GOTERM_CC_DIRECT,0.00154433581944566,1.585179945615624,7,ok,P16 · basolateral plasma membrane
AMY,CS20230722_SUPT_0209,0209 Pvalb Gaba_5,17,P17,TOPO_DOM:Lumenal,UP_SEQ_FEATURE,0.03391201072959449,0.46136084017546813,1,ok,P17 · TOPO_DOM:Lumenal
AMY,CS20230722_SUPT_0209,0209 Pvalb Gaba_5,18,P18,motile cilium,GOTERM_CC_DIRECT,0.01851910820765461,1.2048229029602002,5,ok,P18 · motile cilium
AMY,CS20230722_SUPT_0209,0209 Pvalb Gaba_5,19,P19,negative regulation of gene expression,GOTERM_BP_DIRECT,0.00426497180655625,1.44752646157047,11,ok,P19 · negative regulation of gene expression
AMY,CS20230722_SUPT_0215,0215 Sst Gaba_2,0,P0,CARBOHYD:N-linked (GlcNAc...) asparagine,UP_SEQ_FEATURE,9.538734871597565e-8,4.709296097482623,76,ok,P0 · CARBOHYD:N-linked (GlcNAc...) asparagine
AMY,CS20230722_SUPT_0215,0215 Sst Gaba_2,1,P1,neuronal cell body,GOTERM_CC_DIRECT,2.8918648745749e-4,1.967571987136979,12,ok,P1 · neuronal cell body
AMY,CS20230722_SUPT_0215,0215 Sst Gaba_2,2,P2,Cell membrane,UP_KW_CELLULAR_COMPONENT,0.04342581811524023,0.6915314932305312,1,ok,P2 · Cell membrane
AMY,CS20230722_SUPT_0215,0215 Sst Gaba_2,3,P3,mmu00630:Glyoxylate and dicarboxylate metabolism,KEGG_PATHWAY,3.0181443434103e-4,1.341984891268987,8,ok,P3 · mmu00630:Glyoxylate and dicarboxylate...
AMY,CS20230722_SUPT_0215,0215 Sst Gaba_2,4,P4,IPR000742:EGF,INTERPRO,0.03068048250958245,1.339600341034267,4,ok,P4 · IPR000742:EGF
AMY,CS20230722_SUPT_0215,0215 Sst Gaba_2,5,P5,cell surface,GOTERM_CC_DIRECT,0.01441160998084548,1.1673674768641171,2,ok,P5 · cell surface
AMY,CS20230722_SUPT_0215,0215 Sst Gaba_2,6,P6,plasma membrane,GOTERM_CC_DIRECT,0.01277837694185256,0.84423538875681,3,ok,P6 · plasma membrane
AMY,CS20230722_SUPT_0215,0215 Sst Gaba_2,7,P7,Cell membrane,UP_KW_CELLULAR_COMPONENT,0.0235739631720937,0.6696571864366178,2,ok,P7 · Cell membrane
AMY,CS20230722_SUPT_0215,0215 Sst Gaba_2,8,P8,glutamatergic synapse,GOTERM_CC_DIRECT,2.7894747223278e-4,1.070284420309606,11,ok,P8 · glutamatergic synapse
AMY,CS20230722_SUPT_0215,0215 Sst Gaba_2,9,P9,zinc ion binding,GOTERM_MF_DIRECT,0.1351686934012063,0.4433469434962777,0,ok,P9 · zinc ion binding
AMY,CS20230722_SUPT_0215,0215 Sst Gaba_2,10,P10,IPR008160:Collagen,INTERPRO,0.00168717744241403,1.515824835311207,9,ok,P10 · IPR008160:Collagen
AMY,CS20230722_SUPT_0215,0215 Sst Gaba_2,11,P11,TRANSMEM:Helical; Signal-anchor for type II membrane protein,UP_SEQ_FEATURE,0.02387026522522782,0.7672007989248405,3,ok,P11 · TRANSMEM:Helical; Signal-anchor for t...
AMY,CS20230722_SUPT_0215,0215 Sst Gaba_2,12,P12,mmu04666:Fc gamma R-mediated phagocytosis,KEGG_PATHWAY,1.9814336278242483e-5,2.1343147394176363,25,ok,P12 · mmu04666:Fc gamma R-mediated phagocyt...
AMY,CS20230722_SUPT_0215,0215 Sst Gaba_2,13,P13,IPR003961:FN3_dom,INTERPRO,5.379380090478326e-6,2.5765271341636864,40,ok,P13 · IPR003961:FN3_dom
AMY,CS20230722_SUPT_0215,0215 Sst Gaba_2,14,P14,mmu05020:Prion disease,KEGG_PATHWAY,0.00253708312889778,1.7331459509314997,9,ok,P14 · mmu05020:Prion disease
AMY,CS20230722_SUPT_0215,0215 Sst Gaba_2,15,P15,Motor protein,UP_KW_MOLECULAR_FUNCTION,0.002228105027743,1.595734225945274,5,ok,P15 · Motor protein
AMY,CS20230722_SUPT_0215,0215 Sst Gaba_2,16,P16,Developmental protein,UP_KW_MOLECULAR_FUNCTION,0.00451217090375186,1.2143536322161028,7,ok,P16 · Developmental protein
AMY,CS20230722_SUPT_0215,0215 Sst Gaba_2,17,P17,IPR003598:Ig_sub2,INTERPRO,0.05026559998940377,0.8252137157302297,0,ok,P17 · IPR003598:Ig_sub2
AMY,CS20230722_SUPT_0215,0215 Sst Gaba_2,18,P18,CARBOHYD:N-linked (GlcNAc...) asparagine,UP_SEQ_FEATURE,0.00422094811066288,1.5913908212103345,11,ok,P18 · CARBOHYD:N-linked (GlcNAc...) asparagine
AMY,CS20230722_SUPT_0215,0215 Sst Gaba_2,19,P19,negative regulation of epithelial cell proliferation,GOTERM_BP_DIRECT,1.1536110178428153e-6,1.4495942161998017,9,ok,P19 · negative regulation of epithelial cel...
AMY,CS20230722_SUPT_0230,0230 Sst Gaba_17,0,P0,IPR013320:ConA-like_dom_sf,INTERPRO,7.2997794736136e-4,2.2171118014064004,20,ok,P0 · IPR013320:ConA-like_dom_sf
AMY,CS20230722_SUPT_0230,0230 Sst Gaba_17,1,P1,CARBOHYD:N-linked (GlcNAc...) asparagine,UP_SEQ_FEATURE,0.0015712609055119,1.1384253290108377,5,ok,P1 · CARBOHYD:N-linked (GlcNAc...) asparagine
AMY,CS20230722_SUPT_0230,0230 Sst Gaba_17,2,P2,Disulfide bond,UP_KW_PTM,0.01196288567419084,1.0574058617672144,3,ok,P2 · Disulfide bond
AMY,CS20230722_SUPT_0230,0230 Sst Gaba_17,3,P3,DOMAIN:Ig-like V-type,UP_SEQ_FEATURE,0.00662167982627377,0.7412188875677415,3,ok,P3 · DOMAIN:Ig-like V-type
AMY,CS20230722_SUPT_0230,0230 Sst Gaba_17,4,P4,Transmembrane helix,UP_KW_DOMAIN,0.00947328492207419,1.4732556252111717,20,ok,P4 · Transmembrane helix
AMY,CS20230722_SUPT_0230,0230 Sst Gaba_17,5,P5,TOPO_DOM:Cytoplasmic,UP_SEQ_FEATURE,1.7208431395923e-4,1.378380060592396,12,ok,P5 · TOPO_DOM:Cytoplasmic
AMY,CS20230722_SUPT_0230,0230 Sst Gaba_17,6,P6,Cell membrane,UP_KW_CELLULAR_COMPONENT,0.00496962749128152,0.9367996165048184,3,ok,P6 · Cell membrane
AMY,CS20230722_SUPT_0230,0230 Sst Gaba_17,7,P7,CARBOHYD:N-linked (GlcNAc...) asparagine,UP_SEQ_FEATURE,0.1364257786846233,0.4762501340465445,0,ok,P7 · CARBOHYD:N-linked (GlcNAc...) asparagine
AMY,CS20230722_SUPT_0230,0230 Sst Gaba_17,8,P8,signaling receptor complex,GOTERM_CC_DIRECT,0.00832243246101639,0.8274898983399068,2,ok,P8 · signaling receptor complex
AMY,CS20230722_SUPT_0230,0230 Sst Gaba_17,9,P9,Transmembrane helix,UP_KW_DOMAIN,0.00987833355834659,0.9276854427225948,5,ok,P9 · Transmembrane helix
AMY,CS20230722_SUPT_0230,0230 Sst Gaba_17,10,P10,CARBOHYD:N-linked (GlcNAc...) asparagine,UP_SEQ_FEATURE,5.6005173975089336e-5,2.7886392484647784,24,ok,P10 · CARBOHYD:N-linked (GlcNAc...) asparagine
AMY,CS20230722_SUPT_0230,0230 Sst Gaba_17,11,P11,protein binding,GOTERM_MF_DIRECT,0.00480601930307414,1.2483898148484045,3,ok,P11 · protein binding
AMY,CS20230722_SUPT_0230,0230 Sst Gaba_17,12,P12,Cytoplasm,UP_KW_CELLULAR_COMPONENT,0.01619372077229354,0.716218467875779,2,ok,P12 · Cytoplasm
AMY,CS20230722_SUPT_0230,0230 Sst Gaba_17,13,P13,protein serine kinase activity,GOTERM_MF_DIRECT,0.03943703795599176,0.8971568003487025,3,ok,P13 · protein serine kinase activity
AMY,CS20230722_SUPT_0230,0230 Sst Gaba_17,14,P14,IPR001356:HD,INTERPRO,0.00165187761253195,1.4793333845092185,5,ok,P14 · IPR001356:HD
AMY,CS20230722_SUPT_0230,0230 Sst Gaba_17,15,P15,cytosol,GOTERM_CC_DIRECT,0.02875918809930943,0.8204745552655378,1,ok,P15 · cytosol
AMY,CS20230722_SUPT_0230,0230 Sst Gaba_17,16,P16,mmu04151:PI3K-Akt signaling pathway,KEGG_PATHWAY,6.6200343423673e-4,1.1833942847811088,11,ok,P16 · mmu04151:PI3K-Akt signaling pathway
AMY,CS20230722_SUPT_0230,0230 Sst Gaba_17,17,P17,membrane,GOTERM_CC_DIRECT,4.5023939205282e-4,1.2929217676553548,4,ok,P17 · membrane
AMY,CS20230722_SUPT_0230,0230 Sst Gaba_17,18,P18,transcription coregulator activity,GOTERM_MF_DIRECT,5.0304411362371e-4,1.0127173429929153,8,ok,P18 · transcription coregulator activity
AMY,CS20230722_SUPT_0230,0230 Sst Gaba_17,19,P19,DOMAIN:C2,UP_SEQ_FEATURE,0.00259183324699001,2.021904146582668,5,ok,P19 · DOMAIN:C2
AMY,CS20230722_SUPT_0233,0233 STR Prox1 Lhx6 Gaba_1,0,P0,cellular_component,GOTERM_CC_DIRECT,0.20168264450810913,0.6050265202366294,0,ok,P0 · cellular_component
AMY,CS20230722_SUPT_0233,0233 STR Prox1 Lhx6 Gaba_1,1,P1,Glycoprotein,UP_KW_PTM,0.00740762826490706,1.028877354576027,7,ok,P1 · Glycoprotein
AMY,CS20230722_SUPT_0233,0233 STR Prox1 Lhx6 Gaba_1,2,P2,membrane,GOTERM_CC_DIRECT,5.8732721544715e-4,2.0266764172148224,26,ok,P2 · membrane
AMY,CS20230722_SUPT_0233,0233 STR Prox1 Lhx6 Gaba_1,3,P3,SM00233:PH,SMART,2.3641974160086e-4,2.050494415117712,8,ok,P3 · SM00233:PH
AMY,CS20230722_SUPT_0233,0233 STR Prox1 Lhx6 Gaba_1,4,P4,glutamatergic synapse,GOTERM_CC_DIRECT,7.950504940120854e-5,2.3567730624146024,33,ok,P4 · glutamatergic synapse
AMY,CS20230722_SUPT_0233,0233 STR Prox1 Lhx6 Gaba_1,5,P5,CARBOHYD:N-linked (GlcNAc...) asparagine,UP_SEQ_FEATURE,3.166066630244e-4,1.734867596991809,19,ok,P5 · CARBOHYD:N-linked (GlcNAc...) asparagine
AMY,CS20230722_SUPT_0233,0233 STR Prox1 Lhx6 Gaba_1,6,P6,CARBOHYD:N-linked (GlcNAc...) asparagine,UP_SEQ_FEATURE,0.00437846814176306,1.6743371436608976,11,ok,P6 · CARBOHYD:N-linked (GlcNAc...) asparagine
AMY,CS20230722_SUPT_0233,0233 STR Prox1 Lhx6 Gaba_1,7,P7,positive regulation of cell migration,GOTERM_BP_DIRECT,5.7500866567637e-4,2.148237257060027,17,ok,P7 · positive regulation of cell migration
AMY,CS20230722_SUPT_0233,0233 STR Prox1 Lhx6 Gaba_1,8,P8,CARBOHYD:N-linked (GlcNAc...) asparagine,UP_SEQ_FEATURE,0.00116519411290424,1.3745857563495,17,ok,P8 · CARBOHYD:N-linked (GlcNAc...) asparagine
AMY,CS20230722_SUPT_0233,0233 STR Prox1 Lhx6 Gaba_1,9,P9,Extracellular matrix,UP_KW_CELLULAR_COMPONENT,8.457520430680925e-5,2.133425861035068,14,ok,P9 · Extracellular matrix
AMY,CS20230722_SUPT_0233,0233 STR Prox1 Lhx6 Gaba_1,10,P10,plasma membrane,GOTERM_CC_DIRECT,0.02188892034624618,0.4094481025269841,1,ok,P10 · plasma membrane
AMY,CS20230722_SUPT_0233,0233 STR Prox1 Lhx6 Gaba_1,11,P11,RNA binding,GOTERM_MF_DIRECT,0.1880193150880567,0.4835350697025513,0,ok,P11 · RNA binding
AMY,CS20230722_SUPT_0233,0233 STR Prox1 Lhx6 Gaba_1,12,P12,cytosol,GOTERM_CC_DIRECT,0.03910918411892056,0.5993488120180761,1,ok,P12 · cytosol
AMY,CS20230722_SUPT_0233,0233 STR Prox1 Lhx6 Gaba_1,13,P13,Transmembrane helix,UP_KW_DOMAIN,0.06904324704382074,0.7342954043593098,0,ok,P13 · Transmembrane helix
AMY,CS20230722_SUPT_0233,0233 STR Prox1 Lhx6 Gaba_1,14,P14,DOMAIN:Ig-like C2-type 3,UP_SEQ_FEATURE,1.4617733939374103e-5,2.27129786504035,33,ok,P14 · DOMAIN:Ig-like C2-type 3
AMY,CS20230722_SUPT_0233,0233 STR Prox1 Lhx6 Gaba_1,15,P15,mitochondrial inner membrane,GOTERM_CC_DIRECT,0.0110949466980426,1.348183375302674,1,ok,P15 · mitochondrial inner membrane
AMY,CS20230722_SUPT_0233,0233 STR Prox1 Lhx6 Gaba_1,16,P16,molecular_function,GOTERM_MF_DIRECT,0.5676572787352465,0.22123376945498857,0,ok,P16 · molecular_function
AMY,CS20230722_SUPT_0233,0233 STR Prox1 Lhx6 Gaba_1,17,P17,DOMAIN:KRAB,UP_SEQ_FEATURE,0.00352378653894471,1.4176054800231344,17,ok,P17 · DOMAIN:KRAB
AMY,CS20230722_SUPT_0233,0233 STR Prox1 Lhx6 Gaba_1,18,P18,NA,NA,NA,NA,0,no_terms,P18
AMY,CS20230722_SUPT_0233,0233 STR Prox1 Lhx6 Gaba_1,19,P19,molecular_function,GOTERM_MF_DIRECT,0.17413345379456824,0.5397157554057544,0,ok,P19 · molecular_function
AMY,CS20230722_SUPT_0274,0274 STR D2 Gaba_1,0,P0,CARBOHYD:N-linked (GlcNAc...) asparagine,UP_SEQ_FEATURE,0.00549489388143471,0.9681269801326136,4,ok,P0 · CARBOHYD:N-linked (GlcNAc...) asparagine
AMY,CS20230722_SUPT_0274,0274 STR D2 Gaba_1,1,P1,DOMAIN:Phorbol-ester/DAG-type,UP_SEQ_FEATURE,3.5926339674362e-4,1.455659499461608,7,ok,P1 · DOMAIN:Phorbol-ester/DAG-type
AMY,CS20230722_SUPT_0274,0274 STR D2 Gaba_1,2,P2,Signal,UP_KW_DOMAIN,0.00244139906694283,1.2936327380261623,11,ok,P2 · Signal
AMY,CS20230722_SUPT_0274,0274 STR D2 Gaba_1,3,P3,Hydrolase,UP_KW_MOLECULAR_FUNCTION,0.00123471703641237,0.8530358967404998,1,ok,P3 · Hydrolase
AMY,CS20230722_SUPT_0274,0274 STR D2 Gaba_1,4,P4,DOMAIN:Fibronectin type-III 1,UP_SEQ_FEATURE,1.103125243971662e-5,2.358329682509475,33,ok,P4 · DOMAIN:Fibronectin type-III 1
AMY,CS20230722_SUPT_0274,0274 STR D2 Gaba_1,5,P5,TOPO_DOM:Extracellular,UP_SEQ_FEATURE,5.3822254096888e-4,2.267490359312129,26,ok,P5 · TOPO_DOM:Extracellular
AMY,CS20230722_SUPT_0274,0274 STR D2 Gaba_1,6,P6,mmu00630:Glyoxylate and dicarboxylate metabolism,KEGG_PATHWAY,0.00206681816909317,1.6462774476454691,9,ok,P6 · mmu00630:Glyoxylate and dicarboxylate...
AMY,CS20230722_SUPT_0274,0274 STR D2 Gaba_1,7,P7,protein binding,GOTERM_MF_DIRECT,0.00164063980478172,2.0424495823027597,15,ok,P7 · protein binding
AMY,CS20230722_SUPT_0274,0274 STR D2 Gaba_1,8,P8,Cytoplasm,UP_KW_CELLULAR_COMPONENT,0.03493652182886386,0.874735572281399,2,ok,P8 · Cytoplasm
AMY,CS20230722_SUPT_0274,0274 STR D2 Gaba_1,9,P9,Developmental protein,UP_KW_MOLECULAR_FUNCTION,0.01623183037514072,1.325921958143466,2,ok,P9 · Developmental protein
AMY,CS20230722_SUPT_0274,0274 STR D2 Gaba_1,10,P10,mmu04512:ECM-receptor interaction,KEGG_PATHWAY,0.00125151558161679,1.852104628941061,14,ok,P10 · mmu04512:ECM-receptor interaction
AMY,CS20230722_SUPT_0274,0274 STR D2 Gaba_1,11,P11,NA,NA,NA,NA,0,no_terms,P11
AMY,CS20230722_SUPT_0274,0274 STR D2 Gaba_1,12,P12,Developmental protein,UP_KW_MOLECULAR_FUNCTION,0.008447703825879,0.6400821566452948,2,ok,P12 · Developmental protein
AMY,CS20230722_SUPT_0274,0274 STR D2 Gaba_1,13,P13,Cilium,UP_KW_CELLULAR_COMPONENT,5.5615258930241e-4,1.879849545316188,14,ok,P13 · Cilium
AMY,CS20230722_SUPT_0274,0274 STR D2 Gaba_1,14,P14,TOPO_DOM:Extracellular,UP_SEQ_FEATURE,0.1787662874137116,0.4731668895867147,0,ok,P14 · TOPO_DOM:Extracellular
AMY,CS20230722_SUPT_0274,0274 STR D2 Gaba_1,15,P15,transmembrane transport,GOTERM_BP_DIRECT,0.0226616457423981,1.0205267963398543,3,ok,P15 · transmembrane transport
AMY,CS20230722_SUPT_0274,0274 STR D2 Gaba_1,16,P16,Membrane,UP_KW_CELLULAR_COMPONENT,0.08895582322556105,0.6408632886912569,0,ok,P16 · Membrane
AMY,CS20230722_SUPT_0274,0274 STR D2 Gaba_1,17,P17,CARBOHYD:N-linked (GlcNAc...) asparagine,UP_SEQ_FEATURE,0.00221409170729576,1.196668261375006,6,ok,P17 · CARBOHYD:N-linked (GlcNAc...) asparagine
AMY,CS20230722_SUPT_0274,0274 STR D2 Gaba_1,18,P18,COMPBIAS:Low complexity,UP_SEQ_FEATURE,0.2214495110422593,0.41186846662703974,0,ok,P18 · COMPBIAS:Low complexity
AMY,CS20230722_SUPT_0274,0274 STR D2 Gaba_1,19,P19,CARBOHYD:N-linked (GlcNAc...) asparagine,UP_SEQ_FEATURE,0.00811478287801336,0.8106618266419306,5,ok,P19 · CARBOHYD:N-linked (GlcNAc...) asparagine
AMY,CS20230722_SUPT_0285,0285 STR-PAL Chst9 Gaba_1,0,P0,"synaptic transmission, glutamatergic",GOTERM_BP_DIRECT,3.6044977809725462e-6,2.7068383887327805,61,ok,"P0 · synaptic transmission, glutamatergic"
AMY,CS20230722_SUPT_0285,0285 STR-PAL Chst9 Gaba_1,1,P1,nucleus,GOTERM_CC_DIRECT,0.04744076575883428,0.7146090573945316,1,ok,P1 · nucleus
AMY,CS20230722_SUPT_0285,0285 STR-PAL Chst9 Gaba_1,2,P2,double-stranded DNA binding,GOTERM_MF_DIRECT,0.01328355315503073,0.7445091011082993,3,ok,P2 · double-stranded DNA binding
AMY,CS20230722_SUPT_0285,0285 STR-PAL Chst9 Gaba_1,3,P3,small GTPase-mediated signal transduction,GOTERM_BP_DIRECT,9.2470980206925e-4,0.9772269464650885,2,ok,P3 · small GTPase-mediated signal transduc...
AMY,CS20230722_SUPT_0285,0285 STR-PAL Chst9 Gaba_1,4,P4,centrosome,GOTERM_CC_DIRECT,0.05040293683716657,0.6281279170617893,0,ok,P4 · centrosome
AMY,CS20230722_SUPT_0285,0285 STR-PAL Chst9 Gaba_1,5,P5,cellular response to hypoxia,GOTERM_BP_DIRECT,0.00453530635862555,1.2533369065809228,7,ok,P5 · cellular response to hypoxia
AMY,CS20230722_SUPT_0285,0285 STR-PAL Chst9 Gaba_1,6,P6,IPR013320:ConA-like_dom_sf,INTERPRO,7.2826688964834e-4,2.5128877944589334,13,ok,P6 · IPR013320:ConA-like_dom_sf
AMY,CS20230722_SUPT_0285,0285 STR-PAL Chst9 Gaba_1,7,P7,biological_process,GOTERM_BP_DIRECT,0.01050372756326192,1.3393353624045206,1,ok,P7 · biological_process
AMY,CS20230722_SUPT_0285,0285 STR-PAL Chst9 Gaba_1,8,P8,CARBOHYD:N-linked (GlcNAc...) asparagine,UP_SEQ_FEATURE,0.00129664262106499,1.114565815172645,6,ok,P8 · CARBOHYD:N-linked (GlcNAc...) asparagine
AMY,CS20230722_SUPT_0285,0285 STR-PAL Chst9 Gaba_1,9,P9,"DNA-binding transcription factor activity, RNA polymerase II-specific",GOTERM_MF_DIRECT,0.01064678986891004,1.3352762442180577,5,ok,P9 · DNA-binding transcription factor acti...
AMY,CS20230722_SUPT_0285,0285 STR-PAL Chst9 Gaba_1,10,P10,plasma membrane,GOTERM_CC_DIRECT,0.138103010999787,0.36001082509034615,0,ok,P10 · plasma membrane
AMY,CS20230722_SUPT_0285,0285 STR-PAL Chst9 Gaba_1,11,P11,Repeat,UP_KW_DOMAIN,0.25656926282569603,0.3669550792135079,0,ok,P11 · Repeat
AMY,CS20230722_SUPT_0285,0285 STR-PAL Chst9 Gaba_1,12,P12,TRANSIT:Mitochondrion,UP_SEQ_FEATURE,0.03292521369815423,1.0195268049926156,2,ok,P12 · TRANSIT:Mitochondrion
AMY,CS20230722_SUPT_0285,0285 STR-PAL Chst9 Gaba_1,13,P13,presynaptic membrane,GOTERM_CC_DIRECT,8.320120762716673e-5,2.1039478587894376,32,ok,P13 · presynaptic membrane
AMY,CS20230722_SUPT_0285,0285 STR-PAL Chst9 Gaba_1,14,P14,COMPBIAS:Basic and acidic residues,UP_SEQ_FEATURE,0.03292559059538547,0.627462696941675,1,ok,P14 · COMPBIAS:Basic and acidic residues
AMY,CS20230722_SUPT_0285,0285 STR-PAL Chst9 Gaba_1,15,P15,extracellular region,GOTERM_CC_DIRECT,0.02097671235232388,1.228097926676374,3,ok,P15 · extracellular region
AMY,CS20230722_SUPT_0285,0285 STR-PAL Chst9 Gaba_1,16,P16,extracellular matrix,GOTERM_CC_DIRECT,0.00146364326703275,1.702509018676099,6,ok,P16 · extracellular matrix
AMY,CS20230722_SUPT_0285,0285 STR-PAL Chst9 Gaba_1,17,P17,DOMAIN:Laminin G-like,UP_SEQ_FEATURE,6.8929643267285e-4,1.5336055024217747,6,ok,P17 · DOMAIN:Laminin G-like
AMY,CS20230722_SUPT_0285,0285 STR-PAL Chst9 Gaba_1,18,P18,ATP binding,GOTERM_MF_DIRECT,0.10817940929864492,0.6327313309409717,0,ok,P18 · ATP binding
AMY,CS20230722_SUPT_0285,0285 STR-PAL Chst9 Gaba_1,19,P19,cytosol,GOTERM_CC_DIRECT,0.04672210585562156,0.7177281095343674,1,ok,P19 · cytosol
AMY,CS20230722_SUPT_0286,0286 STR-PAL Chst9 Gaba_2,0,P0,COMPBIAS:Low complexity,UP_SEQ_FEATURE,0.00393726750144382,1.7683618543925348,22,ok,P0 · COMPBIAS:Low complexity
AMY,CS20230722_SUPT_0286,0286 STR-PAL Chst9 Gaba_2,1,P1,COMPBIAS:Acidic residues,UP_SEQ_FEATURE,0.01589435697101303,0.6365481803455874,2,ok,P1 · COMPBIAS:Acidic residues
AMY,CS20230722_SUPT_0286,0286 STR-PAL Chst9 Gaba_2,2,P2,nucleoplasm,GOTERM_CC_DIRECT,0.04769598121302021,0.7863832780511762,1,ok,P2 · nucleoplasm
AMY,CS20230722_SUPT_0286,0286 STR-PAL Chst9 Gaba_2,3,P3,IPR002035:VWF_A,INTERPRO,0.00170488243035782,2.6628243715537496,5,ok,P3 · IPR002035:VWF_A
AMY,CS20230722_SUPT_0286,0286 STR-PAL Chst9 Gaba_2,4,P4,neuronal cell body,GOTERM_CC_DIRECT,0.05300422855596091,0.49976118130463937,0,ok,P4 · neuronal cell body
AMY,CS20230722_SUPT_0286,0286 STR-PAL Chst9 Gaba_2,5,P5,Disulfide bond,UP_KW_PTM,0.07614936132777912,0.6202322924732088,0,ok,P5 · Disulfide bond
AMY,CS20230722_SUPT_0286,0286 STR-PAL Chst9 Gaba_2,6,P6,angiogenesis,GOTERM_BP_DIRECT,0.00122600337425134,1.1280201452931533,2,ok,P6 · angiogenesis
AMY,CS20230722_SUPT_0286,0286 STR-PAL Chst9 Gaba_2,7,P7,endoplasmic reticulum,GOTERM_CC_DIRECT,0.00319540905597523,1.1562065813978624,6,ok,P7 · endoplasmic reticulum
AMY,CS20230722_SUPT_0286,0286 STR-PAL Chst9 Gaba_2,8,P8,LIPID:S-palmitoyl cysteine,UP_SEQ_FEATURE,4.7801727502409e-4,2.8244238452169186,11,ok,P8 · LIPID:S-palmitoyl cysteine
AMY,CS20230722_SUPT_0286,0286 STR-PAL Chst9 Gaba_2,9,P9,Transmembrane helix,UP_KW_DOMAIN,0.13596022703126223,0.5797191096649446,0,ok,P9 · Transmembrane helix
AMY,CS20230722_SUPT_0286,0286 STR-PAL Chst9 Gaba_2,10,P10,cell surface,GOTERM_CC_DIRECT,0.00943451104120889,0.8831148589568153,3,ok,P10 · cell surface
AMY,CS20230722_SUPT_0286,0286 STR-PAL Chst9 Gaba_2,11,P11,CARBOHYD:N-linked (GlcNAc...) asparagine,UP_SEQ_FEATURE,0.00811466379609858,1.507963796666831,3,ok,P11 · CARBOHYD:N-linked (GlcNAc...) asparagine
AMY,CS20230722_SUPT_0286,0286 STR-PAL Chst9 Gaba_2,12,P12,neuron projection,GOTERM_CC_DIRECT,5.7294242789411e-4,2.260217478222035,12,ok,P12 · neuron projection
AMY,CS20230722_SUPT_0286,0286 STR-PAL Chst9 Gaba_2,13,P13,CARBOHYD:N-linked (GlcNAc...) asparagine,UP_SEQ_FEATURE,0.02113428474672467,1.0477432801709363,3,ok,P13 · CARBOHYD:N-linked (GlcNAc...) asparagine
AMY,CS20230722_SUPT_0286,0286 STR-PAL Chst9 Gaba_2,14,P14,ATP binding,GOTERM_MF_DIRECT,1.430759793832148e-6,2.8759342129445944,41,ok,P14 · ATP binding
AMY,CS20230722_SUPT_0286,0286 STR-PAL Chst9 Gaba_2,15,P15,DOMAIN:Fibronectin type-III 3,UP_SEQ_FEATURE,0.00927025980798924,1.144239475058047,12,ok,P15 · DOMAIN:Fibronectin type-III 3
AMY,CS20230722_SUPT_0286,0286 STR-PAL Chst9 Gaba_2,16,P16,axoneme,GOTERM_CC_DIRECT,0.012384248646988,1.33623742601495,4,ok,P16 · axoneme
AMY,CS20230722_SUPT_0286,0286 STR-PAL Chst9 Gaba_2,17,P17,CARBOHYD:N-linked (GlcNAc...) asparagine,UP_SEQ_FEATURE,4.489132447786995e-7,2.9342092476082513,33,ok,P17 · CARBOHYD:N-linked (GlcNAc...) asparagine
AMY,CS20230722_SUPT_0286,0286 STR-PAL Chst9 Gaba_2,18,P18,TOPO_DOM:Cytoplasmic,UP_SEQ_FEATURE,0.18342455749542752,0.4177817439687555,0,ok,P18 · TOPO_DOM:Cytoplasmic
AMY,CS20230722_SUPT_0286,0286 STR-PAL Chst9 Gaba_2,19,P19,negative regulation of cell migration,GOTERM_BP_DIRECT,1.5148058109808e-4,1.636143073066194,13,ok,P19 · negative regulation of cell migration
AMY,CS20230722_SUPT_0287,0287 STR-PAL Chst9 Gaba_3,0,P0,COMPBIAS:Basic residues,UP_SEQ_FEATURE,0.0423128129467069,0.7355261136626449,1,ok,P0 · COMPBIAS:Basic residues
AMY,CS20230722_SUPT_0287,0287 STR-PAL Chst9 Gaba_3,1,P1,Ubl conjugation,UP_KW_PTM,0.1519704314417335,0.5321273643297982,0,ok,P1 · Ubl conjugation
AMY,CS20230722_SUPT_0287,0287 STR-PAL Chst9 Gaba_3,2,P2,protein homodimerization activity,GOTERM_MF_DIRECT,0.09133736741229238,0.8620819213039472,0,ok,P2 · protein homodimerization activity
AMY,CS20230722_SUPT_0287,0287 STR-PAL Chst9 Gaba_3,3,P3,plasma membrane,GOTERM_CC_DIRECT,0.05153278039068567,0.7747868624552032,0,ok,P3 · plasma membrane
AMY,CS20230722_SUPT_0287,0287 STR-PAL Chst9 Gaba_3,4,P4,caveola,GOTERM_CC_DIRECT,0.00495833759242312,1.7890663221060246,3,ok,P4 · caveola
AMY,CS20230722_SUPT_0287,0287 STR-PAL Chst9 Gaba_3,5,P5,dendrite,GOTERM_CC_DIRECT,4.9568936633622e-4,2.275595792824426,29,ok,P5 · dendrite
AMY,CS20230722_SUPT_0287,0287 STR-PAL Chst9 Gaba_3,6,P6,nucleolus,GOTERM_CC_DIRECT,0.26659430138598394,0.3855088656169991,0,ok,P6 · nucleolus
AMY,CS20230722_SUPT_0287,0287 STR-PAL Chst9 Gaba_3,7,P7,ATP binding,GOTERM_MF_DIRECT,0.0455121965261116,0.8002832311948476,1,ok,P7 · ATP binding
AMY,CS20230722_SUPT_0287,0287 STR-PAL Chst9 Gaba_3,8,P8,axon,GOTERM_CC_DIRECT,2.063317968046407e-5,1.8487476009198405,49,ok,P8 · axon
AMY,CS20230722_SUPT_0287,0287 STR-PAL Chst9 Gaba_3,9,P9,Cell cycle,UP_KW_BIOLOGICAL_PROCESS,0.05496673797843657,0.6432497149672337,0,ok,P9 · Cell cycle
AMY,CS20230722_SUPT_0287,0287 STR-PAL Chst9 Gaba_3,10,P10,intracellular signal transduction,GOTERM_BP_DIRECT,0.00677620269786195,1.1255751760673371,4,ok,P10 · intracellular signal transduction
AMY,CS20230722_SUPT_0287,0287 STR-PAL Chst9 Gaba_3,11,P11,Phosphoprotein,UP_KW_PTM,0.03735645883602223,0.9073994197916704,1,ok,P11 · Phosphoprotein
AMY,CS20230722_SUPT_0287,0287 STR-PAL Chst9 Gaba_3,12,P12,membrane,GOTERM_CC_DIRECT,0.03268493903220192,0.791211703357679,3,ok,P12 · membrane
AMY,CS20230722_SUPT_0287,0287 STR-PAL Chst9 Gaba_3,13,P13,zinc ion binding,GOTERM_MF_DIRECT,0.08904252635800484,0.41308240109163863,0,ok,P13 · zinc ion binding
AMY,CS20230722_SUPT_0287,0287 STR-PAL Chst9 Gaba_3,14,P14,presynaptic active zone membrane,GOTERM_CC_DIRECT,1.235041926676198e-5,3.604484236387241,49,ok,P14 · presynaptic active zone membrane
AMY,CS20230722_SUPT_0287,0287 STR-PAL Chst9 Gaba_3,15,P15,mmu01232:Nucleotide metabolism,KEGG_PATHWAY,0.00195053156313979,0.7855601185672558,2,ok,P15 · mmu01232:Nucleotide metabolism
AMY,CS20230722_SUPT_0287,0287 STR-PAL Chst9 Gaba_3,16,P16,basement membrane,GOTERM_CC_DIRECT,0.00580970208114923,1.0213906971611144,2,ok,P16 · basement membrane
AMY,CS20230722_SUPT_0287,0287 STR-PAL Chst9 Gaba_3,17,P17,cytoskeleton,GOTERM_CC_DIRECT,0.06126958297966194,0.8192268969506616,0,ok,P17 · cytoskeleton
AMY,CS20230722_SUPT_0287,0287 STR-PAL Chst9 Gaba_3,18,P18,REPEAT:ANK 5,UP_SEQ_FEATURE,0.0401635525202085,1.019115289420905,1,ok,P18 · REPEAT:ANK 5
AMY,CS20230722_SUPT_0287,0287 STR-PAL Chst9 Gaba_3,19,P19,"DNA-binding transcription factor activity, RNA polymerase II-specific",GOTERM_MF_DIRECT,0.06422063661929679,0.641070718453026,0,ok,P19 · DNA-binding transcription factor acti...
AMY,CS20230722_SUPT_0288,0288 STR-PAL Chst9 Gaba_4,0,P0,CARBOHYD:N-linked (GlcNAc...) asparagine,UP_SEQ_FEATURE,2.0331708377161e-4,1.3965949609242858,14,ok,P0 · CARBOHYD:N-linked (GlcNAc...) asparagine
AMY,CS20230722_SUPT_0288,0288 STR-PAL Chst9 Gaba_4,1,P1,COMPBIAS:Basic and acidic residues,UP_SEQ_FEATURE,0.07488061016206293,0.6695556538669235,0,ok,P1 · COMPBIAS:Basic and acidic residues
AMY,CS20230722_SUPT_0288,0288 STR-PAL Chst9 Gaba_4,2,P2,signal transduction,GOTERM_BP_DIRECT,2.5063861084239e-4,2.1219603520442023,22,ok,P2 · signal transduction
AMY,CS20230722_SUPT_0288,0288 STR-PAL Chst9 Gaba_4,3,P3,GABA-ergic synapse,GOTERM_CC_DIRECT,8.651646234333662e-6,3.594688939650282,14,ok,P3 · GABA-ergic synapse
AMY,CS20230722_SUPT_0288,0288 STR-PAL Chst9 Gaba_4,4,P4,Cleavage on pair of basic residues,UP_KW_PTM,0.02417128194165478,1.1090465279292845,7,ok,P4 · Cleavage on pair of basic residues
AMY,CS20230722_SUPT_0288,0288 STR-PAL Chst9 Gaba_4,5,P5,transcription regulator complex,GOTERM_CC_DIRECT,7.0960684814174e-4,1.3006299454378327,4,ok,P5 · transcription regulator complex
AMY,CS20230722_SUPT_0288,0288 STR-PAL Chst9 Gaba_4,6,P6,COMPBIAS:Basic and acidic residues,UP_SEQ_FEATURE,0.04304622417470498,1.1357330512770178,2,ok,P6 · COMPBIAS:Basic and acidic residues
AMY,CS20230722_SUPT_0288,0288 STR-PAL Chst9 Gaba_4,7,P7,cell surface,GOTERM_CC_DIRECT,0.00598394128420787,0.7170081039876396,6,ok,P7 · cell surface
AMY,CS20230722_SUPT_0288,0288 STR-PAL Chst9 Gaba_4,8,P8,CARBOHYD:N-linked (GlcNAc...) asparagine,UP_SEQ_FEATURE,0.07477833558573069,0.7843327074373914,0,ok,P8 · CARBOHYD:N-linked (GlcNAc...) asparagine
AMY,CS20230722_SUPT_0288,0288 STR-PAL Chst9 Gaba_4,9,P9,CARBOHYD:N-linked (GlcNAc...) asparagine,UP_SEQ_FEATURE,2.8768555943594132e-5,3.62168198568078,21,ok,P9 · CARBOHYD:N-linked (GlcNAc...) asparagine
AMY,CS20230722_SUPT_0288,0288 STR-PAL Chst9 Gaba_4,10,P10,cell adhesion,GOTERM_BP_DIRECT,0.02325611421881206,0.993530428626735,3,ok,P10 · cell adhesion
AMY,CS20230722_SUPT_0288,0288 STR-PAL Chst9 Gaba_4,11,P11,vasculogenesis,GOTERM_BP_DIRECT,1.9430860707014428e-5,2.2142311490264195,20,ok,P11 · vasculogenesis
AMY,CS20230722_SUPT_0288,0288 STR-PAL Chst9 Gaba_4,12,P12,extracellular matrix,GOTERM_CC_DIRECT,0.01917756416183617,1.0429979927098223,5,ok,P12 · extracellular matrix
AMY,CS20230722_SUPT_0288,0288 STR-PAL Chst9 Gaba_4,13,P13,DOMAIN:SH3,UP_SEQ_FEATURE,0.00309062760861508,2.4449810335114748,7,ok,P13 · DOMAIN:SH3
AMY,CS20230722_SUPT_0288,0288 STR-PAL Chst9 Gaba_4,14,P14,NA,NA,NA,NA,0,no_terms,P14
AMY,CS20230722_SUPT_0288,0288 STR-PAL Chst9 Gaba_4,15,P15,IPR013098:Ig_I-set,INTERPRO,0.00820185364830945,1.1527769091584976,8,ok,P15 · IPR013098:Ig_I-set
AMY,CS20230722_SUPT_0288,0288 STR-PAL Chst9 Gaba_4,16,P16,Glycosyltransferase,UP_KW_MOLECULAR_FUNCTION,0.00590720186511945,0.6365520275121455,1,ok,P16 · Glycosyltransferase
AMY,CS20230722_SUPT_0288,0288 STR-PAL Chst9 Gaba_4,17,P17,TRANSMEM:Helical,UP_SEQ_FEATURE,0.3462979317658355,0.3082830115061002,0,ok,P17 · TRANSMEM:Helical
AMY,CS20230722_SUPT_0288,0288 STR-PAL Chst9 Gaba_4,18,P18,TRANSMEM:Helical; Signal-anchor for type II membrane protein,UP_SEQ_FEATURE,0.07950652238879193,0.6608801460777876,0,ok,P18 · TRANSMEM:Helical; Signal-anchor for t...
AMY,CS20230722_SUPT_0288,0288 STR-PAL Chst9 Gaba_4,19,P19,extracellular region,GOTERM_CC_DIRECT,0.09156145743462583,0.7319218699610656,0,ok,P19 · extracellular region
AMY,CS20230722_SUPT_0289,0289 STR-PAL Chst9 Gaba_5,0,P0,Developmental protein,UP_KW_MOLECULAR_FUNCTION,2.1191736930903e-4,1.9295463060617288,14,ok,P0 · Developmental protein
AMY,CS20230722_SUPT_0289,0289 STR-PAL Chst9 Gaba_5,1,P1,DOMAIN:Fibronectin type-III 4,UP_SEQ_FEATURE,2.661194205955e-4,1.1605098538306111,19,ok,P1 · DOMAIN:Fibronectin type-III 4
AMY,CS20230722_SUPT_0289,0289 STR-PAL Chst9 Gaba_5,2,P2,Developmental protein,UP_KW_MOLECULAR_FUNCTION,0.00527638311266294,1.227489196600842,12,ok,P2 · Developmental protein
AMY,CS20230722_SUPT_0289,0289 STR-PAL Chst9 Gaba_5,3,P3,IPR000719:Prot_kinase_dom,INTERPRO,5.7893350423268225e-5,1.923773765266332,41,ok,P3 · IPR000719:Prot_kinase_dom
AMY,CS20230722_SUPT_0289,0289 STR-PAL Chst9 Gaba_5,4,P4,COMPBIAS:Low complexity,UP_SEQ_FEATURE,0.00873614658624356,1.0779089179605357,12,ok,P4 · COMPBIAS:Low complexity
AMY,CS20230722_SUPT_0289,0289 STR-PAL Chst9 Gaba_5,5,P5,Cell membrane,UP_KW_CELLULAR_COMPONENT,0.01454020718931809,0.5176283186303713,2,ok,P5 · Cell membrane
AMY,CS20230722_SUPT_0289,0289 STR-PAL Chst9 Gaba_5,6,P6,Secreted,UP_KW_CELLULAR_COMPONENT,0.00219448287833474,1.540462476504331,10,ok,P6 · Secreted
AMY,CS20230722_SUPT_0289,0289 STR-PAL Chst9 Gaba_5,7,P7,ATP binding,GOTERM_MF_DIRECT,0.17748497855507522,0.46886350129294574,0,ok,P7 · ATP binding
AMY,CS20230722_SUPT_0289,0289 STR-PAL Chst9 Gaba_5,8,P8,intracellular signal transduction,GOTERM_BP_DIRECT,8.604616716959e-4,1.5405546064818452,21,ok,P8 · intracellular signal transduction
AMY,CS20230722_SUPT_0289,0289 STR-PAL Chst9 Gaba_5,9,P9,Amino-acid transport,UP_KW_BIOLOGICAL_PROCESS,4.8057816889133e-4,0.74582962201633,5,ok,P9 · Amino-acid transport
AMY,CS20230722_SUPT_0289,0289 STR-PAL Chst9 Gaba_5,10,P10,sulfotransferase activity,GOTERM_MF_DIRECT,9.9138667147838e-4,1.3570340634163531,5,ok,P10 · sulfotransferase activity
AMY,CS20230722_SUPT_0289,0289 STR-PAL Chst9 Gaba_5,11,P11,positive regulation of gene expression,GOTERM_BP_DIRECT,0.02446469439430272,0.8917920282379157,4,ok,P11 · positive regulation of gene expression
AMY,CS20230722_SUPT_0289,0289 STR-PAL Chst9 Gaba_5,12,P12,glutamatergic synapse,GOTERM_CC_DIRECT,0.01359763911235605,0.7362063048850358,1,ok,P12 · glutamatergic synapse
AMY,CS20230722_SUPT_0289,0289 STR-PAL Chst9 Gaba_5,13,P13,Cell projection,UP_KW_CELLULAR_COMPONENT,0.0201345782789121,0.9076514301308364,1,ok,P13 · Cell projection
AMY,CS20230722_SUPT_0289,0289 STR-PAL Chst9 Gaba_5,14,P14,IPR008979:Galactose-bd-like_sf,INTERPRO,4.4253498985061e-4,1.825957260563125,30,ok,P14 · IPR008979:Galactose-bd-like_sf
AMY,CS20230722_SUPT_0289,0289 STR-PAL Chst9 Gaba_5,15,P15,mmu04080:Neuroactive ligand-receptor interaction,KEGG_PATHWAY,0.00705602021315146,0.7519206657893401,1,ok,P15 · mmu04080:Neuroactive ligand-receptor ...
AMY,CS20230722_SUPT_0289,0289 STR-PAL Chst9 Gaba_5,16,P16,IPR003598:Ig_sub2,INTERPRO,6.4891937722428e-4,1.818302740775428,21,ok,P16 · IPR003598:Ig_sub2
AMY,CS20230722_SUPT_0289,0289 STR-PAL Chst9 Gaba_5,17,P17,chloride channel activity,GOTERM_MF_DIRECT,0.00238191466607742,1.4632329249034666,11,ok,P17 · chloride channel activity
AMY,CS20230722_SUPT_0289,0289 STR-PAL Chst9 Gaba_5,18,P18,CARBOHYD:N-linked (GlcNAc...) asparagine,UP_SEQ_FEATURE,0.00830987086759759,1.485829802971156,7,ok,P18 · CARBOHYD:N-linked (GlcNAc...) asparagine
AMY,CS20230722_SUPT_0289,0289 STR-PAL Chst9 Gaba_5,19,P19,NA,NA,NA,NA,0,no_terms,P19
AMY,CS20230722_SUPT_0338,0338 MEA-BST Sox6 Gaba_2,0,P0,SM00355:ZnF_C2H2,SMART,0.00270450781944196,1.6244859928432545,12,ok,P0 · SM00355:ZnF_C2H2
AMY,CS20230722_SUPT_0338,0338 MEA-BST Sox6 Gaba_2,1,P1,transforming growth factor beta receptor signaling pathway,GOTERM_BP_DIRECT,3.4077827957878e-4,2.428289991344444,17,ok,P1 · transforming growth factor beta recep...
AMY,CS20230722_SUPT_0338,0338 MEA-BST Sox6 Gaba_2,2,P2,extracellular matrix,GOTERM_CC_DIRECT,0.0026345748365662,1.2461276979847422,8,ok,P2 · extracellular matrix
AMY,CS20230722_SUPT_0338,0338 MEA-BST Sox6 Gaba_2,3,P3,CARBOHYD:N-linked (GlcNAc...) asparagine,UP_SEQ_FEATURE,1.9474357271762e-4,2.1615588046478,10,ok,P3 · CARBOHYD:N-linked (GlcNAc...) asparagine
AMY,CS20230722_SUPT_0338,0338 MEA-BST Sox6 Gaba_2,4,P4,Glycoprotein,UP_KW_PTM,0.13333940600126348,0.5876386899578029,0,ok,P4 · Glycoprotein
AMY,CS20230722_SUPT_0338,0338 MEA-BST Sox6 Gaba_2,5,P5,intracellular signal transduction,GOTERM_BP_DIRECT,0.00281260213146095,1.729079681174871,15,ok,P5 · intracellular signal transduction
AMY,CS20230722_SUPT_0338,0338 MEA-BST Sox6 Gaba_2,6,P6,nucleus,GOTERM_CC_DIRECT,0.03280151185050917,0.695750507591517,1,ok,P6 · nucleus
AMY,CS20230722_SUPT_0338,0338 MEA-BST Sox6 Gaba_2,7,P7,Repeat,UP_KW_DOMAIN,0.1522496263156962,0.4383430501136887,0,ok,P7 · Repeat
AMY,CS20230722_SUPT_0338,0338 MEA-BST Sox6 Gaba_2,8,P8,Cytoplasm,UP_KW_CELLULAR_COMPONENT,3.745503631572e-4,1.2313309391441214,3,ok,P8 · Cytoplasm
AMY,CS20230722_SUPT_0338,0338 MEA-BST Sox6 Gaba_2,9,P9,cell differentiation,GOTERM_BP_DIRECT,0.00110322462720835,1.69114937768054,31,ok,P9 · cell differentiation
AMY,CS20230722_SUPT_0338,0338 MEA-BST Sox6 Gaba_2,10,P10,CARBOHYD:N-linked (GlcNAc...) asparagine,UP_SEQ_FEATURE,5.6278671488471e-4,1.5551732970884438,15,ok,P10 · CARBOHYD:N-linked (GlcNAc...) asparagine
AMY,CS20230722_SUPT_0338,0338 MEA-BST Sox6 Gaba_2,11,P11,nucleoplasm,GOTERM_CC_DIRECT,0.10054060209140102,0.6348371305740819,0,ok,P11 · nucleoplasm
AMY,CS20230722_SUPT_0338,0338 MEA-BST Sox6 Gaba_2,12,P12,cell projection,GOTERM_CC_DIRECT,0.00234549464633066,2.024525741343366,15,ok,P12 · cell projection
AMY,CS20230722_SUPT_0338,0338 MEA-BST Sox6 Gaba_2,13,P13,membrane,GOTERM_CC_DIRECT,0.03117606370488023,0.703103988412403,1,ok,P13 · membrane
AMY,CS20230722_SUPT_0338,0338 MEA-BST Sox6 Gaba_2,14,P14,IPR011701:MFS,INTERPRO,5.0796545082174e-4,1.143853943161433,5,ok,P14 · IPR011701:MFS
AMY,CS20230722_SUPT_0338,0338 MEA-BST Sox6 Gaba_2,15,P15,ATP binding,GOTERM_MF_DIRECT,0.02016888057791855,1.0204510923900951,7,ok,P15 · ATP binding
AMY,CS20230722_SUPT_0338,0338 MEA-BST Sox6 Gaba_2,16,P16,IPR003598:Ig_sub2,INTERPRO,6.2622167675269e-4,2.3697086323558363,31,ok,P16 · IPR003598:Ig_sub2
AMY,CS20230722_SUPT_0338,0338 MEA-BST Sox6 Gaba_2,17,P17,Zinc-finger,UP_KW_DOMAIN,0.04734554391017231,0.5457338216425781,1,ok,P17 · Zinc-finger
AMY,CS20230722_SUPT_0338,0338 MEA-BST Sox6 Gaba_2,18,P18,MOTIF:Cell attachment site,UP_SEQ_FEATURE,9.8669160072764e-4,0.954367578832856,2,ok,P18 · MOTIF:Cell attachment site
AMY,CS20230722_SUPT_0338,0338 MEA-BST Sox6 Gaba_2,19,P19,Secreted,UP_KW_CELLULAR_COMPONENT,0.01261596255931831,0.7713601155454853,2,ok,P19 · Secreted
AMY,CS20230722_SUPT_0340,0340 MEA-BST Sox6 Gaba_4,0,P0,Phosphoprotein,UP_KW_PTM,0.2793690656216999,0.21852596690775097,0,ok,P0 · Phosphoprotein
AMY,CS20230722_SUPT_0340,0340 MEA-BST Sox6 Gaba_4,1,P1,cilium movement involved in cell motility,GOTERM_BP_DIRECT,0.00152824015507568,1.7442909573183665,13,ok,P1 · cilium movement involved in cell moti...
AMY,CS20230722_SUPT_0340,0340 MEA-BST Sox6 Gaba_4,2,P2,negative regulation of cell population proliferation,GOTERM_BP_DIRECT,0.00367037459600446,1.046143375416883,3,ok,P2 · negative regulation of cell populatio...
AMY,CS20230722_SUPT_0340,0340 MEA-BST Sox6 Gaba_4,3,P3,myelin sheath,GOTERM_CC_DIRECT,0.00524319789699973,0.996772774841902,4,ok,P3 · myelin sheath
AMY,CS20230722_SUPT_0340,0340 MEA-BST Sox6 Gaba_4,4,P4,IPR003593:AAA+_ATPase,INTERPRO,0.01851107622335994,1.2751954459858366,6,ok,P4 · IPR003593:AAA+_ATPase
AMY,CS20230722_SUPT_0340,0340 MEA-BST Sox6 Gaba_4,5,P5,mmu00630:Glyoxylate and dicarboxylate metabolism,KEGG_PATHWAY,3.0181443434103e-4,1.903355915431453,8,ok,P5 · mmu00630:Glyoxylate and dicarboxylate...
AMY,CS20230722_SUPT_0340,0340 MEA-BST Sox6 Gaba_4,6,P6,Cell projection,UP_KW_CELLULAR_COMPONENT,0.05276826352269102,1.011805202463159,0,ok,P6 · Cell projection
AMY,CS20230722_SUPT_0340,0340 MEA-BST Sox6 Gaba_4,7,P7,molecular_function,GOTERM_MF_DIRECT,0.07223961180034022,0.8841357920865528,0,ok,P7 · molecular_function
AMY,CS20230722_SUPT_0340,0340 MEA-BST Sox6 Gaba_4,8,P8,plasma membrane,GOTERM_CC_DIRECT,0.03135903545155005,1.0203982207705888,1,ok,P8 · plasma membrane
AMY,CS20230722_SUPT_0340,0340 MEA-BST Sox6 Gaba_4,9,P9,Extracellular matrix,UP_KW_CELLULAR_COMPONENT,1.62791153239596e-5,2.3486773015644817,28,ok,P9 · Extracellular matrix
AMY,CS20230722_SUPT_0340,0340 MEA-BST Sox6 Gaba_4,10,P10,transmembrane transport,GOTERM_BP_DIRECT,0.0226616457423981,0.6625655343393965,2,ok,P10 · transmembrane transport
AMY,CS20230722_SUPT_0340,0340 MEA-BST Sox6 Gaba_4,11,P11,axon guidance,GOTERM_BP_DIRECT,7.479152644110927e-7,3.052509072731378,69,ok,P11 · axon guidance
AMY,CS20230722_SUPT_0340,0340 MEA-BST Sox6 Gaba_4,12,P12,COMPBIAS:Basic and acidic residues,UP_SEQ_FEATURE,0.00323820192699258,2.0559263293338903,11,ok,P12 · COMPBIAS:Basic and acidic residues
AMY,CS20230722_SUPT_0340,0340 MEA-BST Sox6 Gaba_4,13,P13,COMPBIAS:Low complexity,UP_SEQ_FEATURE,7.8029633783971e-4,2.1146785328623183,19,ok,P13 · COMPBIAS:Low complexity
AMY,CS20230722_SUPT_0340,0340 MEA-BST Sox6 Gaba_4,14,P14,cell junction,GOTERM_CC_DIRECT,5.989389702985362e-5,2.464501419264991,29,ok,P14 · cell junction
AMY,CS20230722_SUPT_0340,0340 MEA-BST Sox6 Gaba_4,15,P15,molecular_function,GOTERM_MF_DIRECT,0.0964000690427296,0.5856498137766769,0,ok,P15 · molecular_function
AMY,CS20230722_SUPT_0340,0340 MEA-BST Sox6 Gaba_4,16,P16,synapse,GOTERM_CC_DIRECT,0.0573981960389937,0.5018556923655041,0,ok,P16 · synapse
AMY,CS20230722_SUPT_0340,0340 MEA-BST Sox6 Gaba_4,17,P17,ventricular septum morphogenesis,GOTERM_BP_DIRECT,1.372337074936e-4,2.412678218713209,30,ok,P17 · ventricular septum morphogenesis
AMY,CS20230722_SUPT_0340,0340 MEA-BST Sox6 Gaba_4,18,P18,cytosol,GOTERM_CC_DIRECT,0.01432851261548759,0.9695418789171284,1,ok,P18 · cytosol
AMY,CS20230722_SUPT_0340,0340 MEA-BST Sox6 Gaba_4,19,P19,Chromosome,UP_KW_CELLULAR_COMPONENT,5.7303977275572e-4,1.3048665172721463,3,ok,P19 · Chromosome
AMY,CS20230722_SUPT_0342,0342 MEA-BST Sox6 Gaba_6,0,P0,COMPBIAS:Basic and acidic residues,UP_SEQ_FEATURE,0.05655555569744687,0.5195960507253118,0,ok,P0 · COMPBIAS:Basic and acidic residues
AMY,CS20230722_SUPT_0342,0342 MEA-BST Sox6 Gaba_6,1,P1,regulation of postsynaptic membrane potential,GOTERM_BP_DIRECT,3.71828895907605e-7,2.760463514999842,97,ok,P1 · regulation of postsynaptic membrane p...
AMY,CS20230722_SUPT_0342,0342 MEA-BST Sox6 Gaba_6,2,P2,cytosol,GOTERM_CC_DIRECT,0.03816653465230274,0.5935981561306304,1,ok,P2 · cytosol
AMY,CS20230722_SUPT_0342,0342 MEA-BST Sox6 Gaba_6,3,P3,extracellular region,GOTERM_CC_DIRECT,0.04542924885217499,0.8119177751700632,2,ok,P3 · extracellular region
AMY,CS20230722_SUPT_0342,0342 MEA-BST Sox6 Gaba_6,4,P4,Glycoprotein,UP_KW_PTM,2.6107353822197e-4,2.231819812403641,19,ok,P4 · Glycoprotein
AMY,CS20230722_SUPT_0342,0342 MEA-BST Sox6 Gaba_6,5,P5,plasma membrane,GOTERM_CC_DIRECT,0.0010339854649354,1.6186575004771977,8,ok,P5 · plasma membrane
AMY,CS20230722_SUPT_0342,0342 MEA-BST Sox6 Gaba_6,6,P6,IPR001660:SAM,INTERPRO,0.00315615088308581,2.1341228443582474,12,ok,P6 · IPR001660:SAM
AMY,CS20230722_SUPT_0342,0342 MEA-BST Sox6 Gaba_6,7,P7,Cell adhesion,UP_KW_BIOLOGICAL_PROCESS,0.03154766769818404,0.8182317197752281,2,ok,P7 · Cell adhesion
AMY,CS20230722_SUPT_0342,0342 MEA-BST Sox6 Gaba_6,8,P8,plasma membrane,GOTERM_CC_DIRECT,3.9858609433441e-4,1.9450038701124075,14,ok,P8 · plasma membrane
AMY,CS20230722_SUPT_0342,0342 MEA-BST Sox6 Gaba_6,9,P9,mmu04080:Neuroactive ligand-receptor interaction,KEGG_PATHWAY,0.01683278176288937,0.6181222517930521,1,ok,P9 · mmu04080:Neuroactive ligand-receptor ...
AMY,CS20230722_SUPT_0342,0342 MEA-BST Sox6 Gaba_6,10,P10,cell surface,GOTERM_CC_DIRECT,2.1236971940876e-4,1.157817115781545,8,ok,P10 · cell surface
AMY,CS20230722_SUPT_0342,0342 MEA-BST Sox6 Gaba_6,11,P11,CARBOHYD:N-linked (GlcNAc...) asparagine,UP_SEQ_FEATURE,0.00379002513081632,0.8883832067107301,4,ok,P11 · CARBOHYD:N-linked (GlcNAc...) asparagine
AMY,CS20230722_SUPT_0342,0342 MEA-BST Sox6 Gaba_6,12,P12,positive regulation of synapse assembly,GOTERM_BP_DIRECT,8.523845666104824e-5,2.7898958368823092,61,ok,P12 · positive regulation of synapse assembly
AMY,CS20230722_SUPT_0342,0342 MEA-BST Sox6 Gaba_6,13,P13,CARBOHYD:N-linked (GlcNAc...) asparagine,UP_SEQ_FEATURE,0.01950983965247535,0.92622030811567,4,ok,P13 · CARBOHYD:N-linked (GlcNAc...) asparagine
AMY,CS20230722_SUPT_0342,0342 MEA-BST Sox6 Gaba_6,14,P14,ATP binding,GOTERM_MF_DIRECT,0.07741820020705133,0.8102545917419549,0,ok,P14 · ATP binding
AMY,CS20230722_SUPT_0342,0342 MEA-BST Sox6 Gaba_6,15,P15,RNA polymerase II cis-regulatory region sequence-specific DNA binding,GOTERM_MF_DIRECT,0.15618445137581058,0.6224257478247127,0,ok,P15 · RNA polymerase II cis-regulatory regi...
AMY,CS20230722_SUPT_0342,0342 MEA-BST Sox6 Gaba_6,16,P16,nucleus,GOTERM_CC_DIRECT,0.01446708432491541,0.8390335812676797,4,ok,P16 · nucleus
AMY,CS20230722_SUPT_0342,0342 MEA-BST Sox6 Gaba_6,17,P17,endoplasmic reticulum membrane,GOTERM_CC_DIRECT,0.00337591063651052,1.0884515085199231,1,ok,P17 · endoplasmic reticulum membrane
AMY,CS20230722_SUPT_0342,0342 MEA-BST Sox6 Gaba_6,18,P18,IPR002035:VWF_A,INTERPRO,0.00312718068846313,2.032124498987336,13,ok,P18 · IPR002035:VWF_A
AMY,CS20230722_SUPT_0342,0342 MEA-BST Sox6 Gaba_6,19,P19,microtubule motor activity,GOTERM_MF_DIRECT,0.00113728082658138,1.268387674963101,7,ok,P19 · microtubule motor activity
AMY,CS20230722_SUPT_0347,0347 MEA-BST Lhx6 Sp9 Gaba_1,0,P0,CARBOHYD:N-linked (GlcNAc...) asparagine,UP_SEQ_FEATURE,0.03859608898824186,0.6617601371177508,2,ok,P0 · CARBOHYD:N-linked (GlcNAc...) asparagine
AMY,CS20230722_SUPT_0347,0347 MEA-BST Lhx6 Sp9 Gaba_1,1,P1,mmu04518:Integrin signaling,KEGG_PATHWAY,0.00212101760321976,1.7887950020646586,34,ok,P1 · mmu04518:Integrin signaling
AMY,CS20230722_SUPT_0347,0347 MEA-BST Lhx6 Sp9 Gaba_1,2,P2,LIPID:S-palmitoyl cysteine,UP_SEQ_FEATURE,3.6209472986571e-4,2.0971990056449057,14,ok,P2 · LIPID:S-palmitoyl cysteine
AMY,CS20230722_SUPT_0347,0347 MEA-BST Lhx6 Sp9 Gaba_1,3,P3,signal transduction,GOTERM_BP_DIRECT,0.01295866767102364,0.8351940897511564,2,ok,P3 · signal transduction
AMY,CS20230722_SUPT_0347,0347 MEA-BST Lhx6 Sp9 Gaba_1,4,P4,CARBOHYD:N-linked (GlcNAc...) asparagine,UP_SEQ_FEATURE,1.948940438753e-4,1.706062326950201,9,ok,P4 · CARBOHYD:N-linked (GlcNAc...) asparagine
AMY,CS20230722_SUPT_0347,0347 MEA-BST Lhx6 Sp9 Gaba_1,5,P5,axon guidance,GOTERM_BP_DIRECT,5.544708081792767e-7,2.0793221761393124,34,ok,P5 · axon guidance
AMY,CS20230722_SUPT_0347,0347 MEA-BST Lhx6 Sp9 Gaba_1,6,P6,Golgi apparatus,GOTERM_CC_DIRECT,9.0472733608171e-4,1.1211439185642338,19,ok,P6 · Golgi apparatus
AMY,CS20230722_SUPT_0347,0347 MEA-BST Lhx6 Sp9 Gaba_1,7,P7,glutamatergic synapse,GOTERM_CC_DIRECT,2.523045352235e-4,2.242459478180304,15,ok,P7 · glutamatergic synapse
AMY,CS20230722_SUPT_0347,0347 MEA-BST Lhx6 Sp9 Gaba_1,8,P8,axon extension involved in axon guidance,GOTERM_BP_DIRECT,2.822962265512479e-5,3.3990610287213765,27,ok,P8 · axon extension involved in axon guidance
AMY,CS20230722_SUPT_0347,0347 MEA-BST Lhx6 Sp9 Gaba_1,9,P9,extracellular matrix,GOTERM_CC_DIRECT,0.00924940493085581,0.91480110153338,4,ok,P9 · extracellular matrix
AMY,CS20230722_SUPT_0347,0347 MEA-BST Lhx6 Sp9 Gaba_1,10,P10,mmu04518:Integrin signaling,KEGG_PATHWAY,0.00182029438748,1.2575779893984615,8,ok,P10 · mmu04518:Integrin signaling
AMY,CS20230722_SUPT_0347,0347 MEA-BST Lhx6 Sp9 Gaba_1,11,P11,Transcription,UP_KW_BIOLOGICAL_PROCESS,0.06636170643982175,0.6021984156917037,0,ok,P11 · Transcription
AMY,CS20230722_SUPT_0347,0347 MEA-BST Lhx6 Sp9 Gaba_1,12,P12,extracellular region,GOTERM_CC_DIRECT,0.04542924885217499,0.6392062112882367,1,ok,P12 · extracellular region
AMY,CS20230722_SUPT_0347,0347 MEA-BST Lhx6 Sp9 Gaba_1,13,P13,positive regulation of DNA-templated transcription,GOTERM_BP_DIRECT,0.04308929214241558,0.7116578577551282,1,ok,P13 · positive regulation of DNA-templated ...
AMY,CS20230722_SUPT_0347,0347 MEA-BST Lhx6 Sp9 Gaba_1,14,P14,IPR001849:PH_domain,INTERPRO,1.6576730691488e-4,2.611296609669509,10,ok,P14 · IPR001849:PH_domain
AMY,CS20230722_SUPT_0347,0347 MEA-BST Lhx6 Sp9 Gaba_1,15,P15,Cell membrane,UP_KW_CELLULAR_COMPONENT,0.0025234271104929,0.8378052205366476,3,ok,P15 · Cell membrane
AMY,CS20230722_SUPT_0347,0347 MEA-BST Lhx6 Sp9 Gaba_1,16,P16,Transmembrane helix,UP_KW_DOMAIN,0.11871212476139643,0.5283344784456823,0,ok,P16 · Transmembrane helix
AMY,CS20230722_SUPT_0347,0347 MEA-BST Lhx6 Sp9 Gaba_1,17,P17,biological_process,GOTERM_BP_DIRECT,0.13464075736363862,0.5754673050933814,0,ok,P17 · biological_process
AMY,CS20230722_SUPT_0347,0347 MEA-BST Lhx6 Sp9 Gaba_1,18,P18,CARBOHYD:N-linked (GlcNAc...) asparagine,UP_SEQ_FEATURE,0.00129664262106499,1.7472365107523642,5,ok,P18 · CARBOHYD:N-linked (GlcNAc...) asparagine
AMY,CS20230722_SUPT_0347,0347 MEA-BST Lhx6 Sp9 Gaba_1,19,P19,Cytoskeleton,UP_KW_CELLULAR_COMPONENT,0.02345322634148845,0.7750735564867315,1,ok,P19 · Cytoskeleton
AMY,CS20230722_SUPT_0355,0355 MEA-BST Lhx6 Nr2e1 Gaba_2,0,P0,mmu01100:Metabolic pathways,KEGG_PATHWAY,0.01185248353053268,0.8033394502097171,1,ok,P0 · mmu01100:Metabolic pathways
AMY,CS20230722_SUPT_0355,0355 MEA-BST Lhx6 Nr2e1 Gaba_2,1,P1,CARBOHYD:O-linked (Xyl...) (chondroitin sulfate) serine,UP_SEQ_FEATURE,2.9189607123299e-4,3.033766352727516,12,ok,P1 · CARBOHYD:O-linked (Xyl...) (chondroit...
AMY,CS20230722_SUPT_0355,0355 MEA-BST Lhx6 Nr2e1 Gaba_2,2,P2,neuronal cell body,GOTERM_CC_DIRECT,0.01297285574654103,0.8156324066651863,2,ok,P2 · neuronal cell body
AMY,CS20230722_SUPT_0355,0355 MEA-BST Lhx6 Nr2e1 Gaba_2,3,P3,Nucleus,UP_KW_CELLULAR_COMPONENT,0.08810028382283047,0.4890400898664613,0,ok,P3 · Nucleus
AMY,CS20230722_SUPT_0355,0355 MEA-BST Lhx6 Nr2e1 Gaba_2,4,P4,negative regulation of epithelial cell proliferation,GOTERM_BP_DIRECT,0.0084013867164787,1.3381049095298616,8,ok,P4 · negative regulation of epithelial cel...
AMY,CS20230722_SUPT_0355,0355 MEA-BST Lhx6 Nr2e1 Gaba_2,5,P5,COMPBIAS:Low complexity,UP_SEQ_FEATURE,0.00625340440982825,1.1993304138176235,4,ok,P5 · COMPBIAS:Low complexity
AMY,CS20230722_SUPT_0355,0355 MEA-BST Lhx6 Nr2e1 Gaba_2,6,P6,transcription regulator complex,GOTERM_CC_DIRECT,5.612681536914083e-5,1.9011790134062383,19,ok,P6 · transcription regulator complex
AMY,CS20230722_SUPT_0355,0355 MEA-BST Lhx6 Nr2e1 Gaba_2,7,P7,REGION:Disordered,UP_SEQ_FEATURE,0.03351678112590102,1.195555162120043,1,ok,P7 · REGION:Disordered
AMY,CS20230722_SUPT_0355,0355 MEA-BST Lhx6 Nr2e1 Gaba_2,8,P8,TOPO_DOM:Cytoplasmic,UP_SEQ_FEATURE,0.00869170814134439,1.075699836188244,6,ok,P8 · TOPO_DOM:Cytoplasmic
AMY,CS20230722_SUPT_0355,0355 MEA-BST Lhx6 Nr2e1 Gaba_2,9,P9,Transmembrane helix,UP_KW_DOMAIN,0.06904324704382074,0.9156362026360778,0,ok,P9 · Transmembrane helix
AMY,CS20230722_SUPT_0355,0355 MEA-BST Lhx6 Nr2e1 Gaba_2,10,P10,COMPBIAS:Acidic residues,UP_SEQ_FEATURE,0.01844945097756946,0.5762235219043611,2,ok,P10 · COMPBIAS:Acidic residues
AMY,CS20230722_SUPT_0355,0355 MEA-BST Lhx6 Nr2e1 Gaba_2,11,P11,LIPID:S-palmitoyl cysteine,UP_SEQ_FEATURE,9.5961540267963e-4,1.686890115940732,16,ok,P11 · LIPID:S-palmitoyl cysteine
AMY,CS20230722_SUPT_0355,0355 MEA-BST Lhx6 Nr2e1 Gaba_2,12,P12,metal ion binding,GOTERM_MF_DIRECT,0.0351444869706095,0.9622183895299136,2,ok,P12 · metal ion binding
AMY,CS20230722_SUPT_0355,0355 MEA-BST Lhx6 Nr2e1 Gaba_2,13,P13,Cytoskeleton,UP_KW_CELLULAR_COMPONENT,0.00542565995224633,1.6707430538276455,5,ok,P13 · Cytoskeleton
AMY,CS20230722_SUPT_0355,0355 MEA-BST Lhx6 Nr2e1 Gaba_2,14,P14,CARBOHYD:N-linked (GlcNAc...) asparagine,UP_SEQ_FEATURE,1.7682998134264e-4,1.514839379720966,10,ok,P14 · CARBOHYD:N-linked (GlcNAc...) asparagine
AMY,CS20230722_SUPT_0355,0355 MEA-BST Lhx6 Nr2e1 Gaba_2,15,P15,plasma membrane,GOTERM_CC_DIRECT,0.1942550585846124,0.2829675342574648,0,ok,P15 · plasma membrane
AMY,CS20230722_SUPT_0355,0355 MEA-BST Lhx6 Nr2e1 Gaba_2,16,P16,Transmembrane helix,UP_KW_DOMAIN,0.03490857263484324,0.7691866254719439,1,ok,P16 · Transmembrane helix
AMY,CS20230722_SUPT_0355,0355 MEA-BST Lhx6 Nr2e1 Gaba_2,17,P17,molecular_function,GOTERM_MF_DIRECT,0.02657818195663633,1.2342595530740288,2,ok,P17 · molecular_function
AMY,CS20230722_SUPT_0355,0355 MEA-BST Lhx6 Nr2e1 Gaba_2,18,P18,mmu04080:Neuroactive ligand-receptor interaction,KEGG_PATHWAY,0.00211595938624172,1.033200826289346,5,ok,P18 · mmu04080:Neuroactive ligand-receptor ...
AMY,CS20230722_SUPT_0355,0355 MEA-BST Lhx6 Nr2e1 Gaba_2,19,P19,GABA-ergic synapse,GOTERM_CC_DIRECT,3.9261348350372e-4,2.028667110780611,29,ok,P19 · GABA-ergic synapse
AMY,CS20230722_SUPT_0358,0358 MEA-BST Lhx6 Nfib Gaba_2,0,P0,actin filament,GOTERM_CC_DIRECT,8.4011718563087e-4,1.8157308311280185,14,ok,P0 · actin filament
AMY,CS20230722_SUPT_0358,0358 MEA-BST Lhx6 Nfib Gaba_2,1,P1,Golgi apparatus,GOTERM_CC_DIRECT,0.00267639636736366,1.1348345248116165,4,ok,P1 · Golgi apparatus
AMY,CS20230722_SUPT_0358,0358 MEA-BST Lhx6 Nfib Gaba_2,2,P2,extracellular matrix,GOTERM_CC_DIRECT,0.00116435772340973,1.8255582600547375,6,ok,P2 · extracellular matrix
AMY,CS20230722_SUPT_0358,0358 MEA-BST Lhx6 Nfib Gaba_2,3,P3,astrocyte projection,GOTERM_CC_DIRECT,7.035873745234694e-5,0.7946152694609446,5,ok,P3 · astrocyte projection
AMY,CS20230722_SUPT_0358,0358 MEA-BST Lhx6 Nfib Gaba_2,4,P4,Glycoprotein,UP_KW_PTM,0.00331864128376402,1.5467078103019234,7,ok,P4 · Glycoprotein
AMY,CS20230722_SUPT_0358,0358 MEA-BST Lhx6 Nfib Gaba_2,5,P5,nuclear matrix,GOTERM_CC_DIRECT,0.00441050669301887,1.113819243468118,10,ok,P5 · nuclear matrix
AMY,CS20230722_SUPT_0358,0358 MEA-BST Lhx6 Nfib Gaba_2,6,P6,presynaptic membrane,GOTERM_CC_DIRECT,0.00223305793723433,1.4319495822567103,11,ok,P6 · presynaptic membrane
AMY,CS20230722_SUPT_0358,0358 MEA-BST Lhx6 Nfib Gaba_2,7,P7,biological_process,GOTERM_BP_DIRECT,0.00457971669906279,1.9883213284778896,8,ok,P7 · biological_process
AMY,CS20230722_SUPT_0358,0358 MEA-BST Lhx6 Nfib Gaba_2,8,P8,DOMAIN:VWFA,UP_SEQ_FEATURE,0.00185802674841252,1.420718526615078,2,ok,P8 · DOMAIN:VWFA
AMY,CS20230722_SUPT_0358,0358 MEA-BST Lhx6 Nfib Gaba_2,9,P9,COMPBIAS:Low complexity,UP_SEQ_FEATURE,0.17977800245596298,0.35224476923473663,0,ok,P9 · COMPBIAS:Low complexity
AMY,CS20230722_SUPT_0358,0358 MEA-BST Lhx6 Nfib Gaba_2,10,P10,nucleus,GOTERM_CC_DIRECT,0.2288494495501912,0.41506515658651544,0,ok,P10 · nucleus
AMY,CS20230722_SUPT_0358,0358 MEA-BST Lhx6 Nfib Gaba_2,11,P11,Disulfide bond,UP_KW_PTM,1.0589253291891e-4,1.939957005387416,10,ok,P11 · Disulfide bond
AMY,CS20230722_SUPT_0358,0358 MEA-BST Lhx6 Nfib Gaba_2,12,P12,cytosol,GOTERM_CC_DIRECT,0.08516989072482471,0.5461145663509827,0,ok,P12 · cytosol
AMY,CS20230722_SUPT_0358,0358 MEA-BST Lhx6 Nfib Gaba_2,13,P13,Membrane,UP_KW_CELLULAR_COMPONENT,0.17332973194476484,0.3573609978408576,0,ok,P13 · Membrane
AMY,CS20230722_SUPT_0358,0358 MEA-BST Lhx6 Nfib Gaba_2,14,P14,COMPBIAS:Low complexity,UP_SEQ_FEATURE,0.08394442466096116,0.6958784771534109,0,ok,P14 · COMPBIAS:Low complexity
AMY,CS20230722_SUPT_0358,0358 MEA-BST Lhx6 Nfib Gaba_2,15,P15,mmu04360:Axon guidance,KEGG_PATHWAY,8.115674749102083e-5,3.4963873300276824,24,ok,P15 · mmu04360:Axon guidance
AMY,CS20230722_SUPT_0358,0358 MEA-BST Lhx6 Nfib Gaba_2,16,P16,axon guidance,GOTERM_BP_DIRECT,6.3112035015740255e-6,3.1998932797150483,51,ok,P16 · axon guidance
AMY,CS20230722_SUPT_0358,0358 MEA-BST Lhx6 Nfib Gaba_2,17,P17,metal ion binding,GOTERM_MF_DIRECT,0.08173033275505796,0.5970847883524475,0,ok,P17 · metal ion binding
AMY,CS20230722_SUPT_0358,0358 MEA-BST Lhx6 Nfib Gaba_2,18,P18,COMPBIAS:Polar residues,UP_SEQ_FEATURE,2.5247790582279e-4,2.4077991692560636,12,ok,P18 · COMPBIAS:Polar residues
AMY,CS20230722_SUPT_0358,0358 MEA-BST Lhx6 Nfib Gaba_2,19,P19,Golgi apparatus,GOTERM_CC_DIRECT,0.01032645452959601,1.0262919159194828,2,ok,P19 · Golgi apparatus
AMY,CS20230722_SUPT_0359,0359 MEA-BST Lhx6 Nfib Gaba_3,0,P0,CARBOHYD:N-linked (GlcNAc...) asparagine,UP_SEQ_FEATURE,0.0119508272786574,0.962638517072962,3,ok,P0 · CARBOHYD:N-linked (GlcNAc...) asparagine
AMY,CS20230722_SUPT_0359,0359 MEA-BST Lhx6 Nfib Gaba_3,1,P1,REGION:Modulating,UP_SEQ_FEATURE,4.9384313918948e-4,1.6763821955233562,27,ok,P1 · REGION:Modulating
AMY,CS20230722_SUPT_0359,0359 MEA-BST Lhx6 Nfib Gaba_3,2,P2,extracellular matrix,GOTERM_CC_DIRECT,0.01143498266675958,0.9135490797018464,3,ok,P2 · extracellular matrix
AMY,CS20230722_SUPT_0359,0359 MEA-BST Lhx6 Nfib Gaba_3,3,P3,membrane raft,GOTERM_CC_DIRECT,4.9019396309668e-4,2.01026859968253,15,ok,P3 · membrane raft
AMY,CS20230722_SUPT_0359,0359 MEA-BST Lhx6 Nfib Gaba_3,4,P4,cellular_component,GOTERM_CC_DIRECT,0.02156961918126558,1.2091024072329666,4,ok,P4 · cellular_component
AMY,CS20230722_SUPT_0359,0359 MEA-BST Lhx6 Nfib Gaba_3,5,P5,plasma membrane,GOTERM_CC_DIRECT,4.3415599516071e-4,1.304875761340571,13,ok,P5 · plasma membrane
AMY,CS20230722_SUPT_0359,0359 MEA-BST Lhx6 Nfib Gaba_3,6,P6,signal transduction,GOTERM_BP_DIRECT,0.02741651982195965,0.9212478422369996,3,ok,P6 · signal transduction
AMY,CS20230722_SUPT_0359,0359 MEA-BST Lhx6 Nfib Gaba_3,7,P7,myelin sheath,GOTERM_CC_DIRECT,0.0023017499651582,0.6713139648550095,2,ok,P7 · myelin sheath
AMY,CS20230722_SUPT_0359,0359 MEA-BST Lhx6 Nfib Gaba_3,8,P8,synaptic vesicle membrane,GOTERM_CC_DIRECT,0.00946089380307102,1.5293525699422292,5,ok,P8 · synaptic vesicle membrane
AMY,CS20230722_SUPT_0359,0359 MEA-BST Lhx6 Nfib Gaba_3,9,P9,nucleoplasm,GOTERM_CC_DIRECT,0.3112441713984926,0.21650655152615217,0,ok,P9 · nucleoplasm
AMY,CS20230722_SUPT_0359,0359 MEA-BST Lhx6 Nfib Gaba_3,10,P10,LIPID:S-palmitoyl cysteine,UP_SEQ_FEATURE,0.02128395377407276,1.2004607842042214,5,ok,P10 · LIPID:S-palmitoyl cysteine
AMY,CS20230722_SUPT_0359,0359 MEA-BST Lhx6 Nfib Gaba_3,11,P11,cell adhesion,GOTERM_BP_DIRECT,5.3361974339016e-4,1.5954644736056218,17,ok,P11 · cell adhesion
AMY,CS20230722_SUPT_0359,0359 MEA-BST Lhx6 Nfib Gaba_3,12,P12,Zinc-finger,UP_KW_DOMAIN,0.04734554391017231,0.8865349259095315,1,ok,P12 · Zinc-finger
AMY,CS20230722_SUPT_0359,0359 MEA-BST Lhx6 Nfib Gaba_3,13,P13,Developmental protein,UP_KW_MOLECULAR_FUNCTION,0.00702154535650415,1.284127380373522,6,ok,P13 · Developmental protein
AMY,CS20230722_SUPT_0359,0359 MEA-BST Lhx6 Nfib Gaba_3,14,P14,CARBOHYD:N-linked (GlcNAc...) asparagine,UP_SEQ_FEATURE,0.0103307560747866,0.7861874883748878,3,ok,P14 · CARBOHYD:N-linked (GlcNAc...) asparagine
AMY,CS20230722_SUPT_0359,0359 MEA-BST Lhx6 Nfib Gaba_3,15,P15,cytosol,GOTERM_CC_DIRECT,6.056984980355751e-5,3.0543694116793048,31,ok,P15 · cytosol
AMY,CS20230722_SUPT_0359,0359 MEA-BST Lhx6 Nfib Gaba_3,16,P16,cytoplasm,GOTERM_CC_DIRECT,0.10945730830921266,0.6086941134012673,0,ok,P16 · cytoplasm
AMY,CS20230722_SUPT_0359,0359 MEA-BST Lhx6 Nfib Gaba_3,17,P17,Transmembrane helix,UP_KW_DOMAIN,0.00135325658736483,1.3054758506568551,16,ok,P17 · Transmembrane helix
AMY,CS20230722_SUPT_0359,0359 MEA-BST Lhx6 Nfib Gaba_3,18,P18,cilium movement,GOTERM_BP_DIRECT,1.9034788175469e-4,1.694490928508852,8,ok,P18 · cilium movement
AMY,CS20230722_SUPT_0359,0359 MEA-BST Lhx6 Nfib Gaba_3,19,P19,extracellular region,GOTERM_CC_DIRECT,0.18971702014073843,0.3789195902333306,0,ok,P19 · extracellular region
AMY,CS20230722_SUPT_0362,0362 MEA-BST Lhx6 Nfib Gaba_6,0,P0,DOMAIN:EF-hand 1,UP_SEQ_FEATURE,2.4623619320715e-4,1.9421500328131416,9,ok,P0 · DOMAIN:EF-hand 1
AMY,CS20230722_SUPT_0362,0362 MEA-BST Lhx6 Nfib Gaba_6,1,P1,IPR001849:PH_domain,INTERPRO,0.01144686282588172,1.0842369671687846,4,ok,P1 · IPR001849:PH_domain
AMY,CS20230722_SUPT_0362,0362 MEA-BST Lhx6 Nfib Gaba_6,2,P2,Membrane,UP_KW_CELLULAR_COMPONENT,0.0552146992034341,0.5287668060980157,0,ok,P2 · Membrane
AMY,CS20230722_SUPT_0362,0362 MEA-BST Lhx6 Nfib Gaba_6,3,P3,negative regulation of gene expression,GOTERM_BP_DIRECT,0.02764450342989219,0.7683179792102143,2,ok,P3 · negative regulation of gene expression
AMY,CS20230722_SUPT_0362,0362 MEA-BST Lhx6 Nfib Gaba_6,4,P4,neuron migration,GOTERM_BP_DIRECT,2.5139455685992e-4,2.4307839896181935,22,ok,P4 · neuron migration
AMY,CS20230722_SUPT_0362,0362 MEA-BST Lhx6 Nfib Gaba_6,5,P5,homophilic cell-cell adhesion,GOTERM_BP_DIRECT,1.1957922954336e-4,2.0375014347778184,43,ok,P5 · homophilic cell-cell adhesion
AMY,CS20230722_SUPT_0362,0362 MEA-BST Lhx6 Nfib Gaba_6,6,P6,Transmembrane helix,UP_KW_DOMAIN,0.01833471764677069,0.7850770735575509,5,ok,P6 · Transmembrane helix
AMY,CS20230722_SUPT_0362,0362 MEA-BST Lhx6 Nfib Gaba_6,7,P7,TOPO_DOM:Cytoplasmic,UP_SEQ_FEATURE,0.02452293530640226,0.7542733419563489,2,ok,P7 · TOPO_DOM:Cytoplasmic
AMY,CS20230722_SUPT_0362,0362 MEA-BST Lhx6 Nfib Gaba_6,8,P8,Membrane,UP_KW_CELLULAR_COMPONENT,0.13054157882273243,0.5649264878304088,0,ok,P8 · Membrane
AMY,CS20230722_SUPT_0362,0362 MEA-BST Lhx6 Nfib Gaba_6,9,P9,cell surface,GOTERM_CC_DIRECT,1.0337798327026687e-5,1.667325858538588,11,ok,P9 · cell surface
AMY,CS20230722_SUPT_0362,0362 MEA-BST Lhx6 Nfib Gaba_6,10,P10,Zinc-finger,UP_KW_DOMAIN,0.139135580732622,0.49501870007327115,0,ok,P10 · Zinc-finger
AMY,CS20230722_SUPT_0362,0362 MEA-BST Lhx6 Nfib Gaba_6,11,P11,sperm flagellum,GOTERM_CC_DIRECT,2.427772090065e-4,2.215656098837501,19,ok,P11 · sperm flagellum
AMY,CS20230722_SUPT_0362,0362 MEA-BST Lhx6 Nfib Gaba_6,12,P12,heart development,GOTERM_BP_DIRECT,0.01684113172993047,0.4770682262100158,2,ok,P12 · heart development
AMY,CS20230722_SUPT_0362,0362 MEA-BST Lhx6 Nfib Gaba_6,13,P13,CARBOHYD:N-linked (GlcNAc...) asparagine,UP_SEQ_FEATURE,9.1949014406531e-4,1.5214761684401232,10,ok,P13 · CARBOHYD:N-linked (GlcNAc...) asparagine
AMY,CS20230722_SUPT_0362,0362 MEA-BST Lhx6 Nfib Gaba_6,14,P14,CARBOHYD:N-linked (GlcNAc...) asparagine,UP_SEQ_FEATURE,4.13859809890956e-5,1.7882324946209374,14,ok,P14 · CARBOHYD:N-linked (GlcNAc...) asparagine
AMY,CS20230722_SUPT_0362,0362 MEA-BST Lhx6 Nfib Gaba_6,15,P15,NA,NA,NA,NA,0,no_terms,P15
AMY,CS20230722_SUPT_0362,0362 MEA-BST Lhx6 Nfib Gaba_6,16,P16,Nucleus,UP_KW_CELLULAR_COMPONENT,0.00958566374995895,1.2672343363164449,3,ok,P16 · Nucleus
AMY,CS20230722_SUPT_0362,0362 MEA-BST Lhx6 Nfib Gaba_6,17,P17,Ubl conjugation,UP_KW_PTM,0.01183258770197691,0.8183273887178194,1,ok,P17 · Ubl conjugation
AMY,CS20230722_SUPT_0362,0362 MEA-BST Lhx6 Nfib Gaba_6,18,P18,protein homodimerization activity,GOTERM_MF_DIRECT,0.01891081996999913,0.6949222884412108,1,ok,P18 · protein homodimerization activity
AMY,CS20230722_SUPT_0362,0362 MEA-BST Lhx6 Nfib Gaba_6,19,P19,DOMAIN:EF-hand 1,UP_SEQ_FEATURE,0.00331267337451943,1.4025036373973436,8,ok,P19 · DOMAIN:EF-hand 1
AMY,CS20230722_SUPT_0368,0368 CEA-BST Six3 Cyp26b1 Gaba_2,0,P0,IPR013098:Ig_I-set,INTERPRO,1.1855701253505875e-5,2.5140442690199625,65,ok,P0 · IPR013098:Ig_I-set
AMY,CS20230722_SUPT_0368,0368 CEA-BST Six3 Cyp26b1 Gaba_2,1,P1,synapse,GOTERM_CC_DIRECT,0.00779178876040781,0.829444460895386,3,ok,P1 · synapse
AMY,CS20230722_SUPT_0368,0368 CEA-BST Six3 Cyp26b1 Gaba_2,2,P2,plasma membrane,GOTERM_CC_DIRECT,0.00363770121854499,1.33163009011313,1,ok,P2 · plasma membrane
AMY,CS20230722_SUPT_0368,0368 CEA-BST Six3 Cyp26b1 Gaba_2,3,P3,astrocyte projection,GOTERM_CC_DIRECT,6.368018095267088e-5,1.024550966780828,8,ok,P3 · astrocyte projection
AMY,CS20230722_SUPT_0368,0368 CEA-BST Six3 Cyp26b1 Gaba_2,4,P4,CARBOHYD:N-linked (GlcNAc...) asparagine,UP_SEQ_FEATURE,0.00404576675715371,1.202106381182056,10,ok,P4 · CARBOHYD:N-linked (GlcNAc...) asparagine
AMY,CS20230722_SUPT_0368,0368 CEA-BST Six3 Cyp26b1 Gaba_2,5,P5,DOMAIN:EF-hand,UP_SEQ_FEATURE,4.1076017290348e-4,2.3694167247597298,22,ok,P5 · DOMAIN:EF-hand
AMY,CS20230722_SUPT_0368,0368 CEA-BST Six3 Cyp26b1 Gaba_2,6,P6,Transmembrane helix,UP_KW_DOMAIN,0.00181203239932462,1.2442307791975056,6,ok,P6 · Transmembrane helix
AMY,CS20230722_SUPT_0368,0368 CEA-BST Six3 Cyp26b1 Gaba_2,7,P7,CARBOHYD:N-linked (GlcNAc...) asparagine,UP_SEQ_FEATURE,3.156799002549293e-5,2.0188601422625227,8,ok,P7 · CARBOHYD:N-linked (GlcNAc...) asparagine
AMY,CS20230722_SUPT_0368,0368 CEA-BST Six3 Cyp26b1 Gaba_2,8,P8,Nucleus,UP_KW_CELLULAR_COMPONENT,0.08810028382283047,0.5536861576015237,0,ok,P8 · Nucleus
AMY,CS20230722_SUPT_0368,0368 CEA-BST Six3 Cyp26b1 Gaba_2,9,P9,molecular_function,GOTERM_MF_DIRECT,0.10420146466267796,0.5755318395594533,0,ok,P9 · molecular_function
AMY,CS20230722_SUPT_0368,0368 CEA-BST Six3 Cyp26b1 Gaba_2,10,P10,positive regulation of filopodium assembly,GOTERM_BP_DIRECT,6.193506840269533e-5,1.339853682809702,1,ok,P10 · positive regulation of filopodium ass...
AMY,CS20230722_SUPT_0368,0368 CEA-BST Six3 Cyp26b1 Gaba_2,11,P11,DNA repair,UP_KW_BIOLOGICAL_PROCESS,0.01237544378905158,1.3136088284572756,2,ok,P11 · DNA repair
AMY,CS20230722_SUPT_0368,0368 CEA-BST Six3 Cyp26b1 Gaba_2,12,P12,mmu04218:Cellular senescence,KEGG_PATHWAY,0.02394811659818163,1.3353301486713454,7,ok,P12 · mmu04218:Cellular senescence
AMY,CS20230722_SUPT_0368,0368 CEA-BST Six3 Cyp26b1 Gaba_2,13,P13,transcription cis-regulatory region binding,GOTERM_MF_DIRECT,0.00509807133222135,1.396207001763395,4,ok,P13 · transcription cis-regulatory region b...
AMY,CS20230722_SUPT_0368,0368 CEA-BST Six3 Cyp26b1 Gaba_2,14,P14,Transmembrane helix,UP_KW_DOMAIN,0.7150117969138665,0.1006784447310452,0,ok,P14 · Transmembrane helix
AMY,CS20230722_SUPT_0368,0368 CEA-BST Six3 Cyp26b1 Gaba_2,15,P15,mmu04082:Neuroactive ligand signaling,KEGG_PATHWAY,4.1491410731697505e-6,2.176960064396402,55,ok,P15 · mmu04082:Neuroactive ligand signaling
AMY,CS20230722_SUPT_0368,0368 CEA-BST Six3 Cyp26b1 Gaba_2,16,P16,COMPBIAS:Low complexity,UP_SEQ_FEATURE,0.08394442466096116,0.7195773685508406,0,ok,P16 · COMPBIAS:Low complexity
AMY,CS20230722_SUPT_0368,0368 CEA-BST Six3 Cyp26b1 Gaba_2,17,P17,biological_process,GOTERM_BP_DIRECT,0.05685577731881689,0.8549335284871152,0,ok,P17 · biological_process
AMY,CS20230722_SUPT_0368,0368 CEA-BST Six3 Cyp26b1 Gaba_2,18,P18,LIPID:S-palmitoyl cysteine,UP_SEQ_FEATURE,0.00907384963925433,0.8048959025567319,2,ok,P18 · LIPID:S-palmitoyl cysteine
AMY,CS20230722_SUPT_0368,0368 CEA-BST Six3 Cyp26b1 Gaba_2,19,P19,postsynaptic density membrane,GOTERM_CC_DIRECT,4.284359162544894e-6,2.487762169885424,34,ok,P19 · postsynaptic density membrane
AMY,CS20230722_SUPT_0370,0370 CEA-BST Six3 Cyp26b1 Gaba_4,0,P0,plasma membrane,GOTERM_CC_DIRECT,3.898619585150722e-7,3.460532920458288,55,ok,P0 · plasma membrane
AMY,CS20230722_SUPT_0370,0370 CEA-BST Six3 Cyp26b1 Gaba_4,1,P1,COMPBIAS:Polar residues,UP_SEQ_FEATURE,0.03238152378522965,0.7042223591163911,3,ok,P1 · COMPBIAS:Polar residues
AMY,CS20230722_SUPT_0370,0370 CEA-BST Six3 Cyp26b1 Gaba_4,2,P2,plasma membrane,GOTERM_CC_DIRECT,0.0010339854649354,1.34086027262215,6,ok,P2 · plasma membrane
AMY,CS20230722_SUPT_0370,0370 CEA-BST Six3 Cyp26b1 Gaba_4,3,P3,Transcription regulation,UP_KW_BIOLOGICAL_PROCESS,0.02810468459087047,0.9652047017713372,2,ok,P3 · Transcription regulation
AMY,CS20230722_SUPT_0370,0370 CEA-BST Six3 Cyp26b1 Gaba_4,4,P4,flagellated sperm motility,GOTERM_BP_DIRECT,3.3270666462924e-4,2.5954152462256355,16,ok,P4 · flagellated sperm motility
AMY,CS20230722_SUPT_0370,0370 CEA-BST Six3 Cyp26b1 Gaba_4,5,P5,cytoplasm,GOTERM_CC_DIRECT,0.06665736049869897,0.6921410589034855,0,ok,P5 · cytoplasm
AMY,CS20230722_SUPT_0370,0370 CEA-BST Six3 Cyp26b1 Gaba_4,6,P6,CARBOHYD:N-linked (GlcNAc...) asparagine,UP_SEQ_FEATURE,3.6483033933153e-4,2.311516736685596,35,ok,P6 · CARBOHYD:N-linked (GlcNAc...) asparagine
AMY,CS20230722_SUPT_0370,0370 CEA-BST Six3 Cyp26b1 Gaba_4,7,P7,positive regulation of cell migration,GOTERM_BP_DIRECT,0.00100585190978374,1.3290950064932725,13,ok,P7 · positive regulation of cell migration
AMY,CS20230722_SUPT_0370,0370 CEA-BST Six3 Cyp26b1 Gaba_4,8,P8,mmu04517:IgSF CAM signaling,KEGG_PATHWAY,2.2268966895939583e-5,3.086128426868265,38,ok,P8 · mmu04517:IgSF CAM signaling
AMY,CS20230722_SUPT_0370,0370 CEA-BST Six3 Cyp26b1 Gaba_4,9,P9,Actin-binding,UP_KW_MOLECULAR_FUNCTION,0.00894751189149145,1.004102206779481,4,ok,P9 · Actin-binding
AMY,CS20230722_SUPT_0370,0370 CEA-BST Six3 Cyp26b1 Gaba_4,10,P10,"DNA-binding transcription activator activity, RNA polymerase II-specific",GOTERM_MF_DIRECT,0.00397939689453361,0.9613115980246876,8,ok,P10 · DNA-binding transcription activator a...
AMY,CS20230722_SUPT_0370,0370 CEA-BST Six3 Cyp26b1 Gaba_4,11,P11,extracellular region,GOTERM_CC_DIRECT,0.07180421488537714,0.7547899501749333,0,ok,P11 · extracellular region
AMY,CS20230722_SUPT_0370,0370 CEA-BST Six3 Cyp26b1 Gaba_4,12,P12,Zinc-finger,UP_KW_DOMAIN,0.00670292270478134,1.4574329772520158,7,ok,P12 · Zinc-finger
AMY,CS20230722_SUPT_0370,0370 CEA-BST Six3 Cyp26b1 Gaba_4,13,P13,Transport,UP_KW_BIOLOGICAL_PROCESS,0.08121647448318786,0.7951501475425427,0,ok,P13 · Transport
AMY,CS20230722_SUPT_0370,0370 CEA-BST Six3 Cyp26b1 Gaba_4,14,P14,DOMAIN:Fibronectin type-III,UP_SEQ_FEATURE,0.01346612162939572,0.7886582406550091,4,ok,P14 · DOMAIN:Fibronectin type-III
AMY,CS20230722_SUPT_0370,0370 CEA-BST Six3 Cyp26b1 Gaba_4,15,P15,Calcium,UP_KW_LIGAND,0.00907814685413041,0.7830528951915036,3,ok,P15 · Calcium
AMY,CS20230722_SUPT_0370,0370 CEA-BST Six3 Cyp26b1 Gaba_4,16,P16,Glycoprotein,UP_KW_PTM,3.439861378198208e-5,2.0417493170436662,20,ok,P16 · Glycoprotein
AMY,CS20230722_SUPT_0370,0370 CEA-BST Six3 Cyp26b1 Gaba_4,17,P17,zinc ion binding,GOTERM_MF_DIRECT,0.0094348224345548,0.6606996032153383,1,ok,P17 · zinc ion binding
AMY,CS20230722_SUPT_0370,0370 CEA-BST Six3 Cyp26b1 Gaba_4,18,P18,synapse,GOTERM_CC_DIRECT,0.02323470213455224,0.6462820300529284,1,ok,P18 · synapse
AMY,CS20230722_SUPT_0370,0370 CEA-BST Six3 Cyp26b1 Gaba_4,19,P19,IPR046349:C1-like_sf,INTERPRO,0.00390692170351365,1.2774328169749372,7,ok,P19 · IPR046349:C1-like_sf
AMY,CS20230722_SUPT_0371,0371 CEA-BST Six3 Cyp26b1 Gaba_5,0,P0,Zinc-finger,UP_KW_DOMAIN,0.02955210702231369,0.8051620474682398,1,ok,P0 · Zinc-finger
AMY,CS20230722_SUPT_0371,0371 CEA-BST Six3 Cyp26b1 Gaba_5,1,P1,axon,GOTERM_CC_DIRECT,1.4581746089939245e-5,3.711532360327207,20,ok,P1 · axon
AMY,CS20230722_SUPT_0371,0371 CEA-BST Six3 Cyp26b1 Gaba_5,2,P2,TOPO_DOM:Extracellular,UP_SEQ_FEATURE,7.688764201154257e-5,2.2551768688395564,19,ok,P2 · TOPO_DOM:Extracellular
AMY,CS20230722_SUPT_0371,0371 CEA-BST Six3 Cyp26b1 Gaba_5,3,P3,biological_process,GOTERM_BP_DIRECT,0.11353020425958923,0.7308081502364412,0,ok,P3 · biological_process
AMY,CS20230722_SUPT_0371,0371 CEA-BST Six3 Cyp26b1 Gaba_5,4,P4,MOTIF:Nuclear localization signal,UP_SEQ_FEATURE,9.242785540601008e-5,2.1905665319363803,16,ok,P4 · MOTIF:Nuclear localization signal
AMY,CS20230722_SUPT_0371,0371 CEA-BST Six3 Cyp26b1 Gaba_5,5,P5,myelin sheath,GOTERM_CC_DIRECT,0.00596354024032877,1.0171131190440617,1,ok,P5 · myelin sheath
AMY,CS20230722_SUPT_0371,0371 CEA-BST Six3 Cyp26b1 Gaba_5,6,P6,motile cilium,GOTERM_CC_DIRECT,5.86706942022082e-8,3.978958708380236,15,ok,P6 · motile cilium
AMY,CS20230722_SUPT_0371,0371 CEA-BST Six3 Cyp26b1 Gaba_5,7,P7,cell surface,GOTERM_CC_DIRECT,1.5756751946003e-4,2.3563695835968095,28,ok,P7 · cell surface
AMY,CS20230722_SUPT_0371,0371 CEA-BST Six3 Cyp26b1 Gaba_5,8,P8,COMPBIAS:Acidic residues,UP_SEQ_FEATURE,0.03826025060341788,0.7679675162165424,2,ok,P8 · COMPBIAS:Acidic residues
AMY,CS20230722_SUPT_0371,0371 CEA-BST Six3 Cyp26b1 Gaba_5,9,P9,molecular_function,GOTERM_MF_DIRECT,0.02168317199429272,1.3411364140464324,2,ok,P9 · molecular_function
AMY,CS20230722_SUPT_0371,0371 CEA-BST Six3 Cyp26b1 Gaba_5,10,P10,glutamatergic synapse,GOTERM_CC_DIRECT,0.02956242810340585,0.7351989010617446,1,ok,P10 · glutamatergic synapse
AMY,CS20230722_SUPT_0371,0371 CEA-BST Six3 Cyp26b1 Gaba_5,11,P11,COMPBIAS:Basic and acidic residues,UP_SEQ_FEATURE,9.4467344542052e-4,2.380259577519942,8,ok,P11 · COMPBIAS:Basic and acidic residues
AMY,CS20230722_SUPT_0371,0371 CEA-BST Six3 Cyp26b1 Gaba_5,12,P12,CARBOHYD:N-linked (GlcNAc...) asparagine,UP_SEQ_FEATURE,2.4026612024093087e-6,3.6451138511496817,30,ok,P12 · CARBOHYD:N-linked (GlcNAc...) asparagine
AMY,CS20230722_SUPT_0371,0371 CEA-BST Six3 Cyp26b1 Gaba_5,13,P13,Membrane,UP_KW_CELLULAR_COMPONENT,0.01356483735227614,1.1353015160962598,5,ok,P13 · Membrane
AMY,CS20230722_SUPT_0371,0371 CEA-BST Six3 Cyp26b1 Gaba_5,14,P14,cellular_component,GOTERM_CC_DIRECT,0.01490345502445294,1.107068063466933,2,ok,P14 · cellular_component
AMY,CS20230722_SUPT_0371,0371 CEA-BST Six3 Cyp26b1 Gaba_5,15,P15,DNA binding,GOTERM_MF_DIRECT,0.00434577538416722,1.370143531865674,20,ok,P15 · DNA binding
AMY,CS20230722_SUPT_0371,0371 CEA-BST Six3 Cyp26b1 Gaba_5,16,P16,COMPBIAS:Polar residues,UP_SEQ_FEATURE,0.05145462088094945,0.6494860845925514,0,ok,P16 · COMPBIAS:Polar residues
AMY,CS20230722_SUPT_0371,0371 CEA-BST Six3 Cyp26b1 Gaba_5,17,P17,cytosol,GOTERM_CC_DIRECT,0.11565850619014274,0.6581832282904321,0,ok,P17 · cytosol
AMY,CS20230722_SUPT_0371,0371 CEA-BST Six3 Cyp26b1 Gaba_5,18,P18,TOPO_DOM:Extracellular,UP_SEQ_FEATURE,1.9504632159278e-4,2.3148134472312676,25,ok,P18 · TOPO_DOM:Extracellular
AMY,CS20230722_SUPT_0371,0371 CEA-BST Six3 Cyp26b1 Gaba_5,19,P19,Ligase,UP_KW_MOLECULAR_FUNCTION,0.00321343468847206,1.159159853588166,3,ok,P19 · Ligase
AMY,CS20230722_SUPT_0373,0373 CEA-AAA-BST Six3 Sp9 Gaba_1,0,P0,TOPO_DOM:Cytoplasmic,UP_SEQ_FEATURE,0.00448469670214467,0.8886833118202628,5,ok,P0 · TOPO_DOM:Cytoplasmic
AMY,CS20230722_SUPT_0373,0373 CEA-AAA-BST Six3 Sp9 Gaba_1,1,P1,REGION:Modulating,UP_SEQ_FEATURE,7.6514770910027e-4,1.5406508876395282,32,ok,P1 · REGION:Modulating
AMY,CS20230722_SUPT_0373,0373 CEA-AAA-BST Six3 Sp9 Gaba_1,2,P2,CARBOHYD:N-linked (GlcNAc...) asparagine,UP_SEQ_FEATURE,0.0015712609055119,1.013140695803698,6,ok,P2 · CARBOHYD:N-linked (GlcNAc...) asparagine
AMY,CS20230722_SUPT_0373,0373 CEA-AAA-BST Six3 Sp9 Gaba_1,3,P3,Membrane,UP_KW_CELLULAR_COMPONENT,0.00885081434914938,1.391837482929532,5,ok,P3 · Membrane
AMY,CS20230722_SUPT_0373,0373 CEA-AAA-BST Six3 Sp9 Gaba_1,4,P4,GABA-ergic synapse,GOTERM_CC_DIRECT,1.2442815808526689e-5,3.2606853335978645,24,ok,P4 · GABA-ergic synapse
AMY,CS20230722_SUPT_0373,0373 CEA-AAA-BST Six3 Sp9 Gaba_1,5,P5,Ubl conjugation pathway,UP_KW_BIOLOGICAL_PROCESS,0.00387649766150672,0.7970730895351209,1,ok,P5 · Ubl conjugation pathway
AMY,CS20230722_SUPT_0373,0373 CEA-AAA-BST Six3 Sp9 Gaba_1,6,P6,central nervous system development,GOTERM_BP_DIRECT,2.296210076994741e-5,1.4962698105490964,12,ok,P6 · central nervous system development
AMY,CS20230722_SUPT_0373,0373 CEA-AAA-BST Six3 Sp9 Gaba_1,7,P7,DOMAIN:EF-hand 1,UP_SEQ_FEATURE,0.01726222090666514,1.2790718002345929,4,ok,P7 · DOMAIN:EF-hand 1
AMY,CS20230722_SUPT_0373,0373 CEA-AAA-BST Six3 Sp9 Gaba_1,8,P8,Transport,UP_KW_BIOLOGICAL_PROCESS,0.02988343886720332,0.8527267678171117,4,ok,P8 · Transport
AMY,CS20230722_SUPT_0373,0373 CEA-AAA-BST Six3 Sp9 Gaba_1,9,P9,MOTIF:Nuclear localization signal,UP_SEQ_FEATURE,0.03846901072773286,1.0689781049359552,2,ok,P9 · MOTIF:Nuclear localization signal
AMY,CS20230722_SUPT_0373,0373 CEA-AAA-BST Six3 Sp9 Gaba_1,10,P10,Nucleotide-binding,UP_KW_LIGAND,0.02005707597390191,1.233152575907883,3,ok,P10 · Nucleotide-binding
AMY,CS20230722_SUPT_0373,0373 CEA-AAA-BST Six3 Sp9 Gaba_1,11,P11,cell surface,GOTERM_CC_DIRECT,4.6526984631181e-4,1.9834033289351831,11,ok,P11 · cell surface
AMY,CS20230722_SUPT_0373,0373 CEA-AAA-BST Six3 Sp9 Gaba_1,12,P12,positive regulation of transcription by RNA polymerase II,GOTERM_BP_DIRECT,0.0092905382984591,0.7690893589155097,3,ok,P12 · positive regulation of transcription ...
AMY,CS20230722_SUPT_0373,0373 CEA-AAA-BST Six3 Sp9 Gaba_1,13,P13,Cell projection,UP_KW_CELLULAR_COMPONENT,1.4169224778914336e-5,2.7309155137680414,43,ok,P13 · Cell projection
AMY,CS20230722_SUPT_0373,0373 CEA-AAA-BST Six3 Sp9 Gaba_1,14,P14,synaptic signaling via neuropeptide,GOTERM_BP_DIRECT,2.3706840667071e-4,1.562640940876259,20,ok,P14 · synaptic signaling via neuropeptide
AMY,CS20230722_SUPT_0373,0373 CEA-AAA-BST Six3 Sp9 Gaba_1,15,P15,endodermal cell differentiation,GOTERM_BP_DIRECT,1.3764228214342e-4,2.1040792563272666,13,ok,P15 · endodermal cell differentiation
AMY,CS20230722_SUPT_0373,0373 CEA-AAA-BST Six3 Sp9 Gaba_1,16,P16,IPR000742:EGF,INTERPRO,9.5263410207277e-4,1.3321062475482004,6,ok,P16 · IPR000742:EGF
AMY,CS20230722_SUPT_0373,0373 CEA-AAA-BST Six3 Sp9 Gaba_1,17,P17,mitochondrial inner membrane,GOTERM_CC_DIRECT,0.02886141712650385,0.943110589100964,1,ok,P17 · mitochondrial inner membrane
AMY,CS20230722_SUPT_0373,0373 CEA-AAA-BST Six3 Sp9 Gaba_1,18,P18,ZN_FING:C2H2-type 4,UP_SEQ_FEATURE,8.2968558606904e-4,1.524815472719338,16,ok,P18 · ZN_FING:C2H2-type 4
AMY,CS20230722_SUPT_0373,0373 CEA-AAA-BST Six3 Sp9 Gaba_1,19,P19,Isopeptide bond,UP_KW_PTM,0.202479211558903,0.3849709992189743,0,ok,P19 · Isopeptide bond
AMY,CS20230722_SUPT_0374,0374 CEA-AAA-BST Six3 Sp9 Gaba_2,0,P0,glutamatergic synapse,GOTERM_CC_DIRECT,1.7037455719297e-4,2.801114338932849,14,ok,P0 · glutamatergic synapse
AMY,CS20230722_SUPT_0374,0374 CEA-AAA-BST Six3 Sp9 Gaba_2,1,P1,extracellular matrix,GOTERM_CC_DIRECT,0.02525647862180616,0.43291997756454265,1,ok,P1 · extracellular matrix
AMY,CS20230722_SUPT_0374,0374 CEA-AAA-BST Six3 Sp9 Gaba_2,2,P2,mmu04518:Integrin signaling,KEGG_PATHWAY,2.285671610608185e-6,2.0510544864611027,24,ok,P2 · mmu04518:Integrin signaling
AMY,CS20230722_SUPT_0374,0374 CEA-AAA-BST Six3 Sp9 Gaba_2,3,P3,Glycoprotein,UP_KW_PTM,0.00366067510039005,1.4894793184005155,4,ok,P3 · Glycoprotein
AMY,CS20230722_SUPT_0374,0374 CEA-AAA-BST Six3 Sp9 Gaba_2,4,P4,plasma membrane,GOTERM_CC_DIRECT,0.00703673385532349,1.017383328770764,4,ok,P4 · plasma membrane
AMY,CS20230722_SUPT_0374,0374 CEA-AAA-BST Six3 Sp9 Gaba_2,5,P5,cell surface,GOTERM_CC_DIRECT,6.1838605339018e-4,1.8198430620075203,10,ok,P5 · cell surface
AMY,CS20230722_SUPT_0374,0374 CEA-AAA-BST Six3 Sp9 Gaba_2,6,P6,COMPBIAS:Low complexity,UP_SEQ_FEATURE,0.0385081861889892,0.7033192407404318,1,ok,P6 · COMPBIAS:Low complexity
AMY,CS20230722_SUPT_0374,0374 CEA-AAA-BST Six3 Sp9 Gaba_2,7,P7,IPR013098:Ig_I-set,INTERPRO,0.0026289268931119,1.3546335894457573,20,ok,P7 · IPR013098:Ig_I-set
AMY,CS20230722_SUPT_0374,0374 CEA-AAA-BST Six3 Sp9 Gaba_2,8,P8,Secreted,UP_KW_CELLULAR_COMPONENT,0.00131444054768491,1.8094286743420205,9,ok,P8 · Secreted
AMY,CS20230722_SUPT_0374,0374 CEA-AAA-BST Six3 Sp9 Gaba_2,9,P9,DOMAIN:C2,UP_SEQ_FEATURE,0.00184178256192953,1.3657669151055871,8,ok,P9 · DOMAIN:C2
AMY,CS20230722_SUPT_0374,0374 CEA-AAA-BST Six3 Sp9 Gaba_2,10,P10,TOPO_DOM:Extracellular,UP_SEQ_FEATURE,0.0987651658079614,0.5598717912259145,0,ok,P10 · TOPO_DOM:Extracellular
AMY,CS20230722_SUPT_0374,0374 CEA-AAA-BST Six3 Sp9 Gaba_2,11,P11,Disulfide bond,UP_KW_PTM,0.01287860371405834,1.2344911055654244,17,ok,P11 · Disulfide bond
AMY,CS20230722_SUPT_0374,0374 CEA-AAA-BST Six3 Sp9 Gaba_2,12,P12,Glycoprotein,UP_KW_PTM,1.0344225196699e-4,2.582707276507383,5,ok,P12 · Glycoprotein
AMY,CS20230722_SUPT_0374,0374 CEA-AAA-BST Six3 Sp9 Gaba_2,13,P13,CARBOHYD:N-linked (GlcNAc...) asparagine,UP_SEQ_FEATURE,0.09695491613981733,0.8128686628444605,0,ok,P13 · CARBOHYD:N-linked (GlcNAc...) asparagine
AMY,CS20230722_SUPT_0374,0374 CEA-AAA-BST Six3 Sp9 Gaba_2,14,P14,apoptotic process,GOTERM_BP_DIRECT,0.02994225536580475,1.312124417449274,6,ok,P14 · apoptotic process
AMY,CS20230722_SUPT_0374,0374 CEA-AAA-BST Six3 Sp9 Gaba_2,15,P15,mmu04517:IgSF CAM signaling,KEGG_PATHWAY,1.93199447975197e-6,2.177329605282303,59,ok,P15 · mmu04517:IgSF CAM signaling
AMY,CS20230722_SUPT_0374,0374 CEA-AAA-BST Six3 Sp9 Gaba_2,16,P16,TRANSIT:Mitochondrion,UP_SEQ_FEATURE,0.01960902346280256,1.4647971889017937,3,ok,P16 · TRANSIT:Mitochondrion
AMY,CS20230722_SUPT_0374,0374 CEA-AAA-BST Six3 Sp9 Gaba_2,17,P17,Zinc,UP_KW_LIGAND,0.01120850071211645,0.960643616662363,2,ok,P17 · Zinc
AMY,CS20230722_SUPT_0374,0374 CEA-AAA-BST Six3 Sp9 Gaba_2,18,P18,molecular_function,GOTERM_MF_DIRECT,0.12092220684298303,0.5577610946105356,0,ok,P18 · molecular_function
AMY,CS20230722_SUPT_0374,0374 CEA-AAA-BST Six3 Sp9 Gaba_2,19,P19,nucleoplasm,GOTERM_CC_DIRECT,0.22373534661800687,0.3790307439627392,0,ok,P19 · nucleoplasm
AMY,CS20230722_SUPT_0384,0384 CEA-BST Ebf1 Pdyn Gaba_1,0,P0,cell surface,GOTERM_CC_DIRECT,5.8615784037742e-4,1.5212909008238231,11,ok,P0 · cell surface
AMY,CS20230722_SUPT_0384,0384 CEA-BST Ebf1 Pdyn Gaba_1,1,P1,GABA-ergic synapse,GOTERM_CC_DIRECT,2.464707183139077e-5,3.0588188765405904,72,ok,P1 · GABA-ergic synapse
AMY,CS20230722_SUPT_0384,0384 CEA-BST Ebf1 Pdyn Gaba_1,2,P2,transcription corepressor activity,GOTERM_MF_DIRECT,0.0092679338483126,1.544898899909657,8,ok,P2 · transcription corepressor activity
AMY,CS20230722_SUPT_0384,0384 CEA-BST Ebf1 Pdyn Gaba_1,3,P3,Glycoprotein,UP_KW_PTM,0.00366067510039005,1.317464813341759,3,ok,P3 · Glycoprotein
AMY,CS20230722_SUPT_0384,0384 CEA-BST Ebf1 Pdyn Gaba_1,4,P4,Cleavage on pair of basic residues,UP_KW_PTM,0.00507132803577772,0.975020085488268,1,ok,P4 · Cleavage on pair of basic residues
AMY,CS20230722_SUPT_0384,0384 CEA-BST Ebf1 Pdyn Gaba_1,5,P5,Cell membrane,UP_KW_CELLULAR_COMPONENT,0.00111921029530232,1.0877613246622984,6,ok,P5 · Cell membrane
AMY,CS20230722_SUPT_0384,0384 CEA-BST Ebf1 Pdyn Gaba_1,6,P6,IPR036236:Znf_C2H2_sf,INTERPRO,4.433335137197e-4,1.2631639368552627,14,ok,P6 · IPR036236:Znf_C2H2_sf
AMY,CS20230722_SUPT_0384,0384 CEA-BST Ebf1 Pdyn Gaba_1,7,P7,plasma membrane,GOTERM_CC_DIRECT,6.7264937861348e-4,1.9467802723888843,17,ok,P7 · plasma membrane
AMY,CS20230722_SUPT_0384,0384 CEA-BST Ebf1 Pdyn Gaba_1,8,P8,CARBOHYD:N-linked (GlcNAc...) asparagine,UP_SEQ_FEATURE,0.09695491613981733,0.4300009150736468,0,ok,P8 · CARBOHYD:N-linked (GlcNAc...) asparagine
AMY,CS20230722_SUPT_0384,0384 CEA-BST Ebf1 Pdyn Gaba_1,9,P9,CARBOHYD:N-linked (GlcNAc...) asparagine,UP_SEQ_FEATURE,0.00129664262106499,1.9960857184690153,8,ok,P9 · CARBOHYD:N-linked (GlcNAc...) asparagine
AMY,CS20230722_SUPT_0384,0384 CEA-BST Ebf1 Pdyn Gaba_1,10,P10,intracellular signal transduction,GOTERM_BP_DIRECT,3.0405548277171e-4,1.6043176200214118,3,ok,P10 · intracellular signal transduction
AMY,CS20230722_SUPT_0384,0384 CEA-BST Ebf1 Pdyn Gaba_1,11,P11,NA,NA,NA,NA,0,no_terms,P11
AMY,CS20230722_SUPT_0384,0384 CEA-BST Ebf1 Pdyn Gaba_1,12,P12,membrane,GOTERM_CC_DIRECT,0.02134071970023089,1.1353116500006035,1,ok,P12 · membrane
AMY,CS20230722_SUPT_0384,0384 CEA-BST Ebf1 Pdyn Gaba_1,13,P13,COMPBIAS:Polar residues,UP_SEQ_FEATURE,0.02099265317477617,1.020261613938867,1,ok,P13 · COMPBIAS:Polar residues
AMY,CS20230722_SUPT_0384,0384 CEA-BST Ebf1 Pdyn Gaba_1,14,P14,DNA-binding transcription factor binding,GOTERM_MF_DIRECT,0.0232521989872079,1.455547944261071,9,ok,P14 · DNA-binding transcription factor binding
AMY,CS20230722_SUPT_0384,0384 CEA-BST Ebf1 Pdyn Gaba_1,15,P15,CARBOHYD:N-linked (GlcNAc...) asparagine,UP_SEQ_FEATURE,2.8768555943594132e-5,2.0823501539375053,11,ok,P15 · CARBOHYD:N-linked (GlcNAc...) asparagine
AMY,CS20230722_SUPT_0384,0384 CEA-BST Ebf1 Pdyn Gaba_1,16,P16,postsynapse,GOTERM_CC_DIRECT,3.7379760376117e-4,0.653508289627378,1,ok,P16 · postsynapse
AMY,CS20230722_SUPT_0384,0384 CEA-BST Ebf1 Pdyn Gaba_1,17,P17,Cell projection,UP_KW_CELLULAR_COMPONENT,4.5165092631507e-4,2.1793541101018454,14,ok,P17 · Cell projection
AMY,CS20230722_SUPT_0384,0384 CEA-BST Ebf1 Pdyn Gaba_1,18,P18,TOPO_DOM:Extracellular,UP_SEQ_FEATURE,0.0987651658079614,0.6003001180511561,0,ok,P18 · TOPO_DOM:Extracellular
AMY,CS20230722_SUPT_0384,0384 CEA-BST Ebf1 Pdyn Gaba_1,19,P19,Secreted,UP_KW_CELLULAR_COMPONENT,4.9024531366092e-4,2.592248303398238,6,ok,P19 · Secreted
AMY,CS20230722_SUPT_0386,0386 CEA-BST Ebf1 Pdyn Gaba_3,0,P0,Cytoplasm,UP_KW_CELLULAR_COMPONENT,0.01619372077229354,1.184158214488918,2,ok,P0 · Cytoplasm
AMY,CS20230722_SUPT_0386,0386 CEA-BST Ebf1 Pdyn Gaba_3,1,P1,cilium assembly,GOTERM_BP_DIRECT,0.03592272198319412,0.8709938886974218,1,ok,P1 · cilium assembly
AMY,CS20230722_SUPT_0386,0386 CEA-BST Ebf1 Pdyn Gaba_3,2,P2,perinuclear region of cytoplasm,GOTERM_CC_DIRECT,3.1136740817541e-4,1.681670379878686,8,ok,P2 · perinuclear region of cytoplasm
AMY,CS20230722_SUPT_0386,0386 CEA-BST Ebf1 Pdyn Gaba_3,3,P3,COMPBIAS:Basic and acidic residues,UP_SEQ_FEATURE,0.03295817093010807,0.7742324674641167,1,ok,P3 · COMPBIAS:Basic and acidic residues
AMY,CS20230722_SUPT_0386,0386 CEA-BST Ebf1 Pdyn Gaba_3,4,P4,signaling receptor complex,GOTERM_CC_DIRECT,0.00218782057590557,1.5729307953972822,9,ok,P4 · signaling receptor complex
AMY,CS20230722_SUPT_0386,0386 CEA-BST Ebf1 Pdyn Gaba_3,5,P5,DOMAIN:Laminin G,UP_SEQ_FEATURE,4.2022583405284e-4,2.1093141740558656,13,ok,P5 · DOMAIN:Laminin G
AMY,CS20230722_SUPT_0386,0386 CEA-BST Ebf1 Pdyn Gaba_3,6,P6,biological_process,GOTERM_BP_DIRECT,0.01337931606858579,1.5354148433636512,2,ok,P6 · biological_process
AMY,CS20230722_SUPT_0386,0386 CEA-BST Ebf1 Pdyn Gaba_3,7,P7,mmu00630:Glyoxylate and dicarboxylate metabolism,KEGG_PATHWAY,3.7656951868948e-4,1.6902340763542305,14,ok,P7 · mmu00630:Glyoxylate and dicarboxylate...
AMY,CS20230722_SUPT_0386,0386 CEA-BST Ebf1 Pdyn Gaba_3,8,P8,TOPO_DOM:Extracellular,UP_SEQ_FEATURE,0.00163100648843315,1.147585504133103,6,ok,P8 · TOPO_DOM:Extracellular
AMY,CS20230722_SUPT_0386,0386 CEA-BST Ebf1 Pdyn Gaba_3,9,P9,IPR013098:Ig_I-set,INTERPRO,4.377183576454596e-6,2.9846778601075283,45,ok,P9 · IPR013098:Ig_I-set
AMY,CS20230722_SUPT_0386,0386 CEA-BST Ebf1 Pdyn Gaba_3,10,P10,synapse,GOTERM_CC_DIRECT,0.01202506944895428,0.7798416619037797,8,ok,P10 · synapse
AMY,CS20230722_SUPT_0386,0386 CEA-BST Ebf1 Pdyn Gaba_3,11,P11,Cleavage on pair of basic residues,UP_KW_PTM,0.02070746328819643,1.0025631418974168,1,ok,P11 · Cleavage on pair of basic residues
AMY,CS20230722_SUPT_0386,0386 CEA-BST Ebf1 Pdyn Gaba_3,12,P12,zinc ion binding,GOTERM_MF_DIRECT,0.017433853888085,0.9113556304084676,2,ok,P12 · zinc ion binding
AMY,CS20230722_SUPT_0386,0386 CEA-BST Ebf1 Pdyn Gaba_3,13,P13,COMPBIAS:Low complexity,UP_SEQ_FEATURE,0.02057636448733818,1.0631752078364425,2,ok,P13 · COMPBIAS:Low complexity
AMY,CS20230722_SUPT_0386,0386 CEA-BST Ebf1 Pdyn Gaba_3,14,P14,mmu04082:Neuroactive ligand signaling,KEGG_PATHWAY,1.897442792633343e-7,1.9515796641225844,19,ok,P14 · mmu04082:Neuroactive ligand signaling
AMY,CS20230722_SUPT_0386,0386 CEA-BST Ebf1 Pdyn Gaba_3,15,P15,biological_process,GOTERM_BP_DIRECT,0.06214010113299824,0.983305713777865,0,ok,P15 · biological_process
AMY,CS20230722_SUPT_0386,0386 CEA-BST Ebf1 Pdyn Gaba_3,16,P16,Zinc,UP_KW_LIGAND,0.04828823414068868,0.7941361484909901,1,ok,P16 · Zinc
AMY,CS20230722_SUPT_0386,0386 CEA-BST Ebf1 Pdyn Gaba_3,17,P17,integrin-mediated signaling pathway,GOTERM_BP_DIRECT,6.543455784838037e-5,1.973415508964162,51,ok,P17 · integrin-mediated signaling pathway
AMY,CS20230722_SUPT_0386,0386 CEA-BST Ebf1 Pdyn Gaba_3,18,P18,Cell cycle,UP_KW_BIOLOGICAL_PROCESS,0.0131340441891888,1.0479427505414898,1,ok,P18 · Cell cycle
AMY,CS20230722_SUPT_0386,0386 CEA-BST Ebf1 Pdyn Gaba_3,19,P19,DOMAIN:Ig-like,UP_SEQ_FEATURE,0.00347362181887709,1.1625023242106216,8,ok,P19 · DOMAIN:Ig-like
AMY,CS20230722_SUPT_0505,0505 MEA-COA-BMA Ccdc42 Glut_1,0,P0,IPR036028:SH3-like_dom_sf,INTERPRO,0.0031173580913383,1.758677165019466,12,ok,P0 · IPR036028:SH3-like_dom_sf
AMY,CS20230722_SUPT_0505,0505 MEA-COA-BMA Ccdc42 Glut_1,1,P1,COMPBIAS:Polar residues,UP_SEQ_FEATURE,0.00465606242458368,1.2228627973832094,17,ok,P1 · COMPBIAS:Polar residues
AMY,CS20230722_SUPT_0505,0505 MEA-COA-BMA Ccdc42 Glut_1,2,P2,mmu04082:Neuroactive ligand signaling,KEGG_PATHWAY,0.00134302193697772,1.8865572777026172,8,ok,P2 · mmu04082:Neuroactive ligand signaling
AMY,CS20230722_SUPT_0505,0505 MEA-COA-BMA Ccdc42 Glut_1,3,P3,TRANSMEM:Helical; Name=5,UP_SEQ_FEATURE,0.04862958922279934,0.6740730964898757,1,ok,P3 · TRANSMEM:Helical; Name=5
AMY,CS20230722_SUPT_0505,0505 MEA-COA-BMA Ccdc42 Glut_1,4,P4,CARBOHYD:N-linked (GlcNAc...) asparagine,UP_SEQ_FEATURE,0.00422094811066288,0.790445366677225,5,ok,P4 · CARBOHYD:N-linked (GlcNAc...) asparagine
AMY,CS20230722_SUPT_0505,0505 MEA-COA-BMA Ccdc42 Glut_1,5,P5,COMPBIAS:Low complexity,UP_SEQ_FEATURE,0.00367090701806496,1.9561182398352253,10,ok,P5 · COMPBIAS:Low complexity
AMY,CS20230722_SUPT_0505,0505 MEA-COA-BMA Ccdc42 Glut_1,6,P6,CARBOHYD:N-linked (GlcNAc...) asparagine,UP_SEQ_FEATURE,0.00885920296456788,1.073900007272884,3,ok,P6 · CARBOHYD:N-linked (GlcNAc...) asparagine
AMY,CS20230722_SUPT_0505,0505 MEA-COA-BMA Ccdc42 Glut_1,7,P7,Transmembrane helix,UP_KW_DOMAIN,0.6070375471259071,0.16206678596414448,0,ok,P7 · Transmembrane helix
AMY,CS20230722_SUPT_0505,0505 MEA-COA-BMA Ccdc42 Glut_1,8,P8,TRANSMEM:Helical,UP_SEQ_FEATURE,0.0092391887630876,1.7121606794674908,6,ok,P8 · TRANSMEM:Helical
AMY,CS20230722_SUPT_0505,0505 MEA-COA-BMA Ccdc42 Glut_1,9,P9,CARBOHYD:N-linked (GlcNAc...) asparagine,UP_SEQ_FEATURE,0.00116519411290424,1.072681118489726,7,ok,P9 · CARBOHYD:N-linked (GlcNAc...) asparagine
AMY,CS20230722_SUPT_0505,0505 MEA-COA-BMA Ccdc42 Glut_1,10,P10,growth factor activity,GOTERM_MF_DIRECT,8.5640094112151e-4,1.8429486418396683,3,ok,P10 · growth factor activity
AMY,CS20230722_SUPT_0505,0505 MEA-COA-BMA Ccdc42 Glut_1,11,P11,cell surface,GOTERM_CC_DIRECT,0.01921487565372637,0.6997068019756333,2,ok,P11 · cell surface
AMY,CS20230722_SUPT_0505,0505 MEA-COA-BMA Ccdc42 Glut_1,12,P12,Extracellular matrix,UP_KW_CELLULAR_COMPONENT,0.00185696459725428,1.098718328130705,2,ok,P12 · Extracellular matrix
AMY,CS20230722_SUPT_0505,0505 MEA-COA-BMA Ccdc42 Glut_1,13,P13,cilium movement,GOTERM_BP_DIRECT,5.156449596196666e-6,2.7453202583213012,29,ok,P13 · cilium movement
AMY,CS20230722_SUPT_0505,0505 MEA-COA-BMA Ccdc42 Glut_1,14,P14,CARBOHYD:N-linked (GlcNAc...) asparagine,UP_SEQ_FEATURE,0.03117014522884803,0.8701860884391676,2,ok,P14 · CARBOHYD:N-linked (GlcNAc...) asparagine
AMY,CS20230722_SUPT_0505,0505 MEA-COA-BMA Ccdc42 Glut_1,15,P15,IPR013783:Ig-like_fold,INTERPRO,0.04370524281597758,0.7926377929674613,1,ok,P15 · IPR013783:Ig-like_fold
AMY,CS20230722_SUPT_0505,0505 MEA-COA-BMA Ccdc42 Glut_1,16,P16,Cell membrane,UP_KW_CELLULAR_COMPONENT,0.06455735237518102,0.6198074939679525,0,ok,P16 · Cell membrane
AMY,CS20230722_SUPT_0505,0505 MEA-COA-BMA Ccdc42 Glut_1,17,P17,Calcium,UP_KW_LIGAND,0.02039835189374531,0.7426055956844014,2,ok,P17 · Calcium
AMY,CS20230722_SUPT_0505,0505 MEA-COA-BMA Ccdc42 Glut_1,18,P18,COMPBIAS:Basic and acidic residues,UP_SEQ_FEATURE,3.4766673733994e-4,2.53278042873299,26,ok,P18 · COMPBIAS:Basic and acidic residues
AMY,CS20230722_SUPT_0505,0505 MEA-COA-BMA Ccdc42 Glut_1,19,P19,TOPO_DOM:Cytoplasmic,UP_SEQ_FEATURE,6.6565958144126e-4,1.7918545131711443,12,ok,P19 · TOPO_DOM:Cytoplasmic
AMY,CS20230722_SUPT_0507,0507 MEA-COA-BMA Ccdc42 Glut_3,0,P0,DNA-binding transcription factor activity,GOTERM_MF_DIRECT,0.00876424527596779,0.880378824056492,5,ok,P0 · DNA-binding transcription factor acti...
AMY,CS20230722_SUPT_0507,0507 MEA-COA-BMA Ccdc42 Glut_3,1,P1,IPR011993:PH-like_dom_sf,INTERPRO,2.2785048794834e-4,2.173966250024268,10,ok,P1 · IPR011993:PH-like_dom_sf
AMY,CS20230722_SUPT_0507,0507 MEA-COA-BMA Ccdc42 Glut_3,2,P2,Repeat,UP_KW_DOMAIN,0.0327940533366813,0.8957212548865272,2,ok,P2 · Repeat
AMY,CS20230722_SUPT_0507,0507 MEA-COA-BMA Ccdc42 Glut_3,3,P3,CARBOHYD:N-linked (GlcNAc...) asparagine,UP_SEQ_FEATURE,0.16022944211015494,0.4791587864440043,0,ok,P3 · CARBOHYD:N-linked (GlcNAc...) asparagine
AMY,CS20230722_SUPT_0507,0507 MEA-COA-BMA Ccdc42 Glut_3,4,P4,cell surface,GOTERM_CC_DIRECT,4.3934706361684e-4,1.0459691569948593,4,ok,P4 · cell surface
AMY,CS20230722_SUPT_0507,0507 MEA-COA-BMA Ccdc42 Glut_3,5,P5,SM00060:FN3,SMART,0.00130753387977876,1.9569622233804904,8,ok,P5 · SM00060:FN3
AMY,CS20230722_SUPT_0507,0507 MEA-COA-BMA Ccdc42 Glut_3,6,P6,cell adhesion,GOTERM_BP_DIRECT,0.00682109276307732,0.8507353876476981,3,ok,P6 · cell adhesion
AMY,CS20230722_SUPT_0507,0507 MEA-COA-BMA Ccdc42 Glut_3,7,P7,cell surface,GOTERM_CC_DIRECT,0.01441160998084548,0.8305871214317302,2,ok,P7 · cell surface
AMY,CS20230722_SUPT_0507,0507 MEA-COA-BMA Ccdc42 Glut_3,8,P8,mmu04518:Integrin signaling,KEGG_PATHWAY,5.560686913737e-4,0.982616974080592,5,ok,P8 · mmu04518:Integrin signaling
AMY,CS20230722_SUPT_0507,0507 MEA-COA-BMA Ccdc42 Glut_3,9,P9,CARBOHYD:N-linked (GlcNAc...) asparagine,UP_SEQ_FEATURE,0.00340624430532544,0.9788017706881044,3,ok,P9 · CARBOHYD:N-linked (GlcNAc...) asparagine
AMY,CS20230722_SUPT_0507,0507 MEA-COA-BMA Ccdc42 Glut_3,10,P10,IPR050200:Nuclear_hormone_rcpt_NR3,INTERPRO,2.444311578071233e-5,2.5114718553049378,33,ok,P10 · IPR050200:Nuclear_hormone_rcpt_NR3
AMY,CS20230722_SUPT_0507,0507 MEA-COA-BMA Ccdc42 Glut_3,11,P11,biological_process,GOTERM_BP_DIRECT,0.08314314981135683,0.9660288634591598,0,ok,P11 · biological_process
AMY,CS20230722_SUPT_0507,0507 MEA-COA-BMA Ccdc42 Glut_3,12,P12,extracellular matrix,GOTERM_CC_DIRECT,0.0026345748365662,1.5672001551074866,16,ok,P12 · extracellular matrix
AMY,CS20230722_SUPT_0507,0507 MEA-COA-BMA Ccdc42 Glut_3,13,P13,cartilage condensation,GOTERM_BP_DIRECT,2.1155596804466e-4,2.503705917854037,6,ok,P13 · cartilage condensation
AMY,CS20230722_SUPT_0507,0507 MEA-COA-BMA Ccdc42 Glut_3,14,P14,NA,NA,NA,NA,0,no_terms,P14
AMY,CS20230722_SUPT_0507,0507 MEA-COA-BMA Ccdc42 Glut_3,15,P15,REGION:Disordered,UP_SEQ_FEATURE,0.00858089488188811,1.4281140370977792,7,ok,P15 · REGION:Disordered
AMY,CS20230722_SUPT_0507,0507 MEA-COA-BMA Ccdc42 Glut_3,16,P16,auditory receptor cell stereocilium organization,GOTERM_BP_DIRECT,4.5151585361404e-4,2.554954926920821,11,ok,P16 · auditory receptor cell stereocilium o...
AMY,CS20230722_SUPT_0507,0507 MEA-COA-BMA Ccdc42 Glut_3,17,P17,nuclear body,GOTERM_CC_DIRECT,0.01312214545087709,0.8458873772053047,1,ok,P17 · nuclear body
AMY,CS20230722_SUPT_0507,0507 MEA-COA-BMA Ccdc42 Glut_3,18,P18,biological_process,GOTERM_BP_DIRECT,0.0058289722878074,1.6070043825674234,2,ok,P18 · biological_process
AMY,CS20230722_SUPT_0507,0507 MEA-COA-BMA Ccdc42 Glut_3,19,P19,mmu04020:Calcium signaling pathway,KEGG_PATHWAY,3.074865042004508e-5,1.251631601249725,6,ok,P19 · mmu04020:Calcium signaling pathway
AMY,CS20230722_SUPT_0508,0508 MEA-COA-BMA Ccdc42 Glut_4,0,P0,microtubule,GOTERM_CC_DIRECT,0.00301678803895843,1.228969555478384,15,ok,P0 · microtubule
AMY,CS20230722_SUPT_0508,0508 MEA-COA-BMA Ccdc42 Glut_4,1,P1,LIPID:S-palmitoyl cysteine,UP_SEQ_FEATURE,0.00748989420114281,1.0720825880584233,3,ok,P1 · LIPID:S-palmitoyl cysteine
AMY,CS20230722_SUPT_0508,0508 MEA-COA-BMA Ccdc42 Glut_4,2,P2,CARBOHYD:N-linked (GlcNAc...) asparagine,UP_SEQ_FEATURE,0.0069765916959415,1.3779632167464269,10,ok,P2 · CARBOHYD:N-linked (GlcNAc...) asparagine
AMY,CS20230722_SUPT_0508,0508 MEA-COA-BMA Ccdc42 Glut_4,3,P3,DOMAIN:SH3,UP_SEQ_FEATURE,0.00466310258743249,1.963782862496504,10,ok,P3 · DOMAIN:SH3
AMY,CS20230722_SUPT_0508,0508 MEA-COA-BMA Ccdc42 Glut_4,4,P4,Cilium,UP_KW_CELLULAR_COMPONENT,5.5615258930241e-4,1.917556992890343,10,ok,P4 · Cilium
AMY,CS20230722_SUPT_0508,0508 MEA-COA-BMA Ccdc42 Glut_4,5,P5,positive regulation of DNA-templated transcription,GOTERM_BP_DIRECT,0.00995434337616989,0.7121684625315432,4,ok,P5 · positive regulation of DNA-templated ...
AMY,CS20230722_SUPT_0508,0508 MEA-COA-BMA Ccdc42 Glut_4,6,P6,Zinc,UP_KW_LIGAND,0.3013401108232333,0.3745043351126765,0,ok,P6 · Zinc
AMY,CS20230722_SUPT_0508,0508 MEA-COA-BMA Ccdc42 Glut_4,7,P7,DOMAIN:Ig-like V-type,UP_SEQ_FEATURE,0.00245740857982533,1.2773339486296935,8,ok,P7 · DOMAIN:Ig-like V-type
AMY,CS20230722_SUPT_0508,0508 MEA-COA-BMA Ccdc42 Glut_4,8,P8,TOPO_DOM:Extracellular,UP_SEQ_FEATURE,0.0032738477124129102,1.4124993583911538,13,ok,P8 · TOPO_DOM:Extracellular
AMY,CS20230722_SUPT_0508,0508 MEA-COA-BMA Ccdc42 Glut_4,9,P9,DOMAIN:Ig-like C2-type 3,UP_SEQ_FEATURE,1.5513721670589e-4,1.6611859376621634,34,ok,P9 · DOMAIN:Ig-like C2-type 3
AMY,CS20230722_SUPT_0508,0508 MEA-COA-BMA Ccdc42 Glut_4,10,P10,COMPBIAS:Polar residues,UP_SEQ_FEATURE,0.11830336379372568,0.6647155246979458,0,ok,P10 · COMPBIAS:Polar residues
AMY,CS20230722_SUPT_0508,0508 MEA-COA-BMA Ccdc42 Glut_4,11,P11,mmu04080:Neuroactive ligand-receptor interaction,KEGG_PATHWAY,0.00705602021315146,0.6200198156174618,1,ok,P11 · mmu04080:Neuroactive ligand-receptor ...
AMY,CS20230722_SUPT_0508,0508 MEA-COA-BMA Ccdc42 Glut_4,12,P12,Cytoplasm,UP_KW_CELLULAR_COMPONENT,0.01944371297891859,1.15749217186817,3,ok,P12 · Cytoplasm
AMY,CS20230722_SUPT_0508,0508 MEA-COA-BMA Ccdc42 Glut_4,13,P13,Membrane,UP_KW_CELLULAR_COMPONENT,0.12980936328792012,0.5916984270204378,0,ok,P13 · Membrane
AMY,CS20230722_SUPT_0508,0508 MEA-COA-BMA Ccdc42 Glut_4,14,P14,Transmembrane helix,UP_KW_DOMAIN,0.1388053486747962,0.6264503409897245,0,ok,P14 · Transmembrane helix
AMY,CS20230722_SUPT_0508,0508 MEA-COA-BMA Ccdc42 Glut_4,15,P15,IPR011993:PH-like_dom_sf,INTERPRO,0.00210643811278879,1.8986649989400393,15,ok,P15 · IPR011993:PH-like_dom_sf
AMY,CS20230722_SUPT_0508,0508 MEA-COA-BMA Ccdc42 Glut_4,16,P16,NA,NA,NA,NA,0,no_terms,P16
AMY,CS20230722_SUPT_0508,0508 MEA-COA-BMA Ccdc42 Glut_4,17,P17,Cell membrane,UP_KW_CELLULAR_COMPONENT,0.14849537566507254,0.5195829317065516,0,ok,P17 · Cell membrane
AMY,CS20230722_SUPT_0508,0508 MEA-COA-BMA Ccdc42 Glut_4,18,P18,Transmembrane helix,UP_KW_DOMAIN,0.13596022703126223,0.6550073802251732,0,ok,P18 · Transmembrane helix
AMY,CS20230722_SUPT_0508,0508 MEA-COA-BMA Ccdc42 Glut_4,19,P19,CARBOHYD:N-linked (GlcNAc...) asparagine,UP_SEQ_FEATURE,0.00933244356755169,1.3525343798585383,11,ok,P19 · CARBOHYD:N-linked (GlcNAc...) asparagine
AMY,CS20230722_SUPT_0509,0509 COAa-PAA-MEA Barhl2 Glut_1,0,P0,cell surface,GOTERM_CC_DIRECT,0.03968056651259033,0.9360944810974884,2,ok,P0 · cell surface
AMY,CS20230722_SUPT_0509,0509 COAa-PAA-MEA Barhl2 Glut_1,1,P1,axonemal dynein complex,GOTERM_CC_DIRECT,4.031934236912903e-7,3.719362779863236,63,ok,P1 · axonemal dynein complex
AMY,CS20230722_SUPT_0509,0509 COAa-PAA-MEA Barhl2 Glut_1,2,P2,Cell membrane,UP_KW_CELLULAR_COMPONENT,0.09711057705790448,0.5078889379715272,0,ok,P2 · Cell membrane
AMY,CS20230722_SUPT_0509,0509 COAa-PAA-MEA Barhl2 Glut_1,3,P3,Membrane,UP_KW_CELLULAR_COMPONENT,0.09885803594874087,0.5455213093862313,0,ok,P3 · Membrane
AMY,CS20230722_SUPT_0509,0509 COAa-PAA-MEA Barhl2 Glut_1,4,P4,vasculogenesis,GOTERM_BP_DIRECT,2.5980278163491e-4,2.360174568786989,36,ok,P4 · vasculogenesis
AMY,CS20230722_SUPT_0509,0509 COAa-PAA-MEA Barhl2 Glut_1,5,P5,NA,NA,NA,NA,0,no_terms,P5
AMY,CS20230722_SUPT_0509,0509 COAa-PAA-MEA Barhl2 Glut_1,6,P6,cell surface,GOTERM_CC_DIRECT,0.0034258290412873,0.7694697543081483,3,ok,P6 · cell surface
AMY,CS20230722_SUPT_0509,0509 COAa-PAA-MEA Barhl2 Glut_1,7,P7,COMPBIAS:Polar residues,UP_SEQ_FEATURE,0.00303042760285781,1.529026903898056,7,ok,P7 · COMPBIAS:Polar residues
AMY,CS20230722_SUPT_0509,0509 COAa-PAA-MEA Barhl2 Glut_1,8,P8,Secreted,UP_KW_CELLULAR_COMPONENT,0.02542696627367912,0.7159206117060347,1,ok,P8 · Secreted
AMY,CS20230722_SUPT_0509,0509 COAa-PAA-MEA Barhl2 Glut_1,9,P9,NA,NA,NA,NA,0,no_terms,P9
AMY,CS20230722_SUPT_0509,0509 COAa-PAA-MEA Barhl2 Glut_1,10,P10,transmembrane transport,GOTERM_BP_DIRECT,0.03592670829708291,0.7404172524509147,1,ok,P10 · transmembrane transport
AMY,CS20230722_SUPT_0509,0509 COAa-PAA-MEA Barhl2 Glut_1,11,P11,IPR011993:PH-like_dom_sf,INTERPRO,8.5121601563837e-4,2.2894792788087215,8,ok,P11 · IPR011993:PH-like_dom_sf
AMY,CS20230722_SUPT_0509,0509 COAa-PAA-MEA Barhl2 Glut_1,12,P12,nervous system development,GOTERM_BP_DIRECT,0.01089785331146574,1.2590047712046557,4,ok,P12 · nervous system development
AMY,CS20230722_SUPT_0509,0509 COAa-PAA-MEA Barhl2 Glut_1,13,P13,COMPBIAS:Basic and acidic residues,UP_SEQ_FEATURE,0.00775173821828668,1.0484396796419015,2,ok,P13 · COMPBIAS:Basic and acidic residues
AMY,CS20230722_SUPT_0509,0509 COAa-PAA-MEA Barhl2 Glut_1,14,P14,Chromosome,UP_KW_CELLULAR_COMPONENT,0.00684132329984339,1.308121236471999,7,ok,P14 · Chromosome
AMY,CS20230722_SUPT_0509,0509 COAa-PAA-MEA Barhl2 Glut_1,15,P15,plasma membrane,GOTERM_CC_DIRECT,0.23382630573601357,0.5014079180678949,0,ok,P15 · plasma membrane
AMY,CS20230722_SUPT_0509,0509 COAa-PAA-MEA Barhl2 Glut_1,16,P16,mmu04080:Neuroactive ligand-receptor interaction,KEGG_PATHWAY,1.6468021088493e-4,0.7739348573437855,2,ok,P16 · mmu04080:Neuroactive ligand-receptor ...
AMY,CS20230722_SUPT_0509,0509 COAa-PAA-MEA Barhl2 Glut_1,17,P17,protein-containing complex,GOTERM_CC_DIRECT,0.00247357282088291,1.9379816264274223,12,ok,P17 · protein-containing complex
AMY,CS20230722_SUPT_0509,0509 COAa-PAA-MEA Barhl2 Glut_1,18,P18,chemorepellent activity,GOTERM_MF_DIRECT,3.6377379810954e-4,1.9067037934023456,17,ok,P18 · chemorepellent activity
AMY,CS20230722_SUPT_0509,0509 COAa-PAA-MEA Barhl2 Glut_1,19,P19,CARBOHYD:N-linked (GlcNAc...) asparagine,UP_SEQ_FEATURE,1.0927064844762e-4,1.590814046348913,17,ok,P19 · CARBOHYD:N-linked (GlcNAc...) asparagine
AMY,CS20230722_SUPT_0511,0511 COAa-PAA-MEA Barhl2 Glut_3,0,P0,protein kinase activity,GOTERM_MF_DIRECT,0.01791785393157405,0.974686135660753,3,ok,P0 · protein kinase activity
AMY,CS20230722_SUPT_0511,0511 COAa-PAA-MEA Barhl2 Glut_3,1,P1,collagen type VI trimer,GOTERM_CC_DIRECT,2.223845316928336e-5,2.3842880027430846,41,ok,P1 · collagen type VI trimer
AMY,CS20230722_SUPT_0511,0511 COAa-PAA-MEA Barhl2 Glut_3,2,P2,Transmembrane helix,UP_KW_DOMAIN,0.00233513441759692,1.1719742153429955,5,ok,P2 · Transmembrane helix
AMY,CS20230722_SUPT_0511,0511 COAa-PAA-MEA Barhl2 Glut_3,3,P3,L-amino acid transmembrane transporter activity,GOTERM_MF_DIRECT,1.9206327895373e-4,1.0490501974041258,5,ok,P3 · L-amino acid transmembrane transporte...
AMY,CS20230722_SUPT_0511,0511 COAa-PAA-MEA Barhl2 Glut_3,4,P4,Extracellular matrix,UP_KW_CELLULAR_COMPONENT,0.00798265663050814,1.350401414589779,4,ok,P4 · Extracellular matrix
AMY,CS20230722_SUPT_0511,0511 COAa-PAA-MEA Barhl2 Glut_3,5,P5,negative chemotaxis,GOTERM_BP_DIRECT,0.00193624529211597,1.7332030874029951,29,ok,P5 · negative chemotaxis
AMY,CS20230722_SUPT_0511,0511 COAa-PAA-MEA Barhl2 Glut_3,6,P6,heparin binding,GOTERM_MF_DIRECT,0.00741623312124493,0.9898904062780264,2,ok,P6 · heparin binding
AMY,CS20230722_SUPT_0511,0511 COAa-PAA-MEA Barhl2 Glut_3,7,P7,Developmental protein,UP_KW_MOLECULAR_FUNCTION,0.02435967466932576,0.692135948991725,3,ok,P7 · Developmental protein
AMY,CS20230722_SUPT_0511,0511 COAa-PAA-MEA Barhl2 Glut_3,8,P8,extracellular matrix organization,GOTERM_BP_DIRECT,0.00578060177257343,1.289876388829077,8,ok,P8 · extracellular matrix organization
AMY,CS20230722_SUPT_0511,0511 COAa-PAA-MEA Barhl2 Glut_3,9,P9,Cell membrane,UP_KW_CELLULAR_COMPONENT,0.22818086064858584,0.31735063151582343,0,ok,P9 · Cell membrane
AMY,CS20230722_SUPT_0511,0511 COAa-PAA-MEA Barhl2 Glut_3,10,P10,bicarbonate transport,GOTERM_BP_DIRECT,5.9867383515528e-4,1.4483205056119877,22,ok,P10 · bicarbonate transport
AMY,CS20230722_SUPT_0511,0511 COAa-PAA-MEA Barhl2 Glut_3,11,P11,cell surface,GOTERM_CC_DIRECT,8.4362949821562e-4,1.5815095401220765,14,ok,P11 · cell surface
AMY,CS20230722_SUPT_0511,0511 COAa-PAA-MEA Barhl2 Glut_3,12,P12,Golgi apparatus,GOTERM_CC_DIRECT,0.01032645452959601,1.286298712052058,6,ok,P12 · Golgi apparatus
AMY,CS20230722_SUPT_0511,0511 COAa-PAA-MEA Barhl2 Glut_3,13,P13,mmu05218:Melanoma,KEGG_PATHWAY,3.1580404067087e-4,2.179143654210763,12,ok,P13 · mmu05218:Melanoma
AMY,CS20230722_SUPT_0511,0511 COAa-PAA-MEA Barhl2 Glut_3,14,P14,cytosol,GOTERM_CC_DIRECT,0.05921291950691067,0.609620908293876,0,ok,P14 · cytosol
AMY,CS20230722_SUPT_0511,0511 COAa-PAA-MEA Barhl2 Glut_3,15,P15,REGION:Disordered,UP_SEQ_FEATURE,0.041925382212117,0.8301495071753849,1,ok,P15 · REGION:Disordered
AMY,CS20230722_SUPT_0511,0511 COAa-PAA-MEA Barhl2 Glut_3,16,P16,identical protein binding,GOTERM_MF_DIRECT,0.02866577895462328,0.5649014556347256,1,ok,P16 · identical protein binding
AMY,CS20230722_SUPT_0511,0511 COAa-PAA-MEA Barhl2 Glut_3,17,P17,CARBOHYD:N-linked (GlcNAc...) asparagine,UP_SEQ_FEATURE,9.161598363854064e-5,1.3275990292525779,8,ok,P17 · CARBOHYD:N-linked (GlcNAc...) asparagine
AMY,CS20230722_SUPT_0511,0511 COAa-PAA-MEA Barhl2 Glut_3,18,P18,dynein complex,GOTERM_CC_DIRECT,0.00126420769914,1.7608992910096355,20,ok,P18 · dynein complex
AMY,CS20230722_SUPT_0511,0511 COAa-PAA-MEA Barhl2 Glut_3,19,P19,Mitochondrion,UP_KW_CELLULAR_COMPONENT,0.01377874442019801,1.2975362821982204,1,ok,P19 · Mitochondrion
AMY,CS20230722_SUPT_0512,0512 COAa-PAA-MEA Barhl2 Glut_4,0,P0,biological_process,GOTERM_BP_DIRECT,0.0474249316335557,0.9776316228581812,1,ok,P0 · biological_process
AMY,CS20230722_SUPT_0512,0512 COAa-PAA-MEA Barhl2 Glut_4,1,P1,TOPO_DOM:Cytoplasmic,UP_SEQ_FEATURE,0.00587067373369098,1.0652504458940473,4,ok,P1 · TOPO_DOM:Cytoplasmic
AMY,CS20230722_SUPT_0512,0512 COAa-PAA-MEA Barhl2 Glut_4,2,P2,retinal ganglion cell axon guidance,GOTERM_BP_DIRECT,0.00128745668736336,1.3635607381289585,19,ok,P2 · retinal ganglion cell axon guidance
AMY,CS20230722_SUPT_0512,0512 COAa-PAA-MEA Barhl2 Glut_4,3,P3,TOPO_DOM:Extracellular,UP_SEQ_FEATURE,0.00163100648843315,1.1845910868176612,12,ok,P3 · TOPO_DOM:Extracellular
AMY,CS20230722_SUPT_0512,0512 COAa-PAA-MEA Barhl2 Glut_4,4,P4,Secreted,UP_KW_CELLULAR_COMPONENT,0.00143984534938964,1.000206425918027,1,ok,P4 · Secreted
AMY,CS20230722_SUPT_0512,0512 COAa-PAA-MEA Barhl2 Glut_4,5,P5,membrane raft,GOTERM_CC_DIRECT,3.325385012681e-4,1.5471851143526791,13,ok,P5 · membrane raft
AMY,CS20230722_SUPT_0512,0512 COAa-PAA-MEA Barhl2 Glut_4,6,P6,CARBOHYD:N-linked (GlcNAc...) asparagine,UP_SEQ_FEATURE,0.0370450977336965,0.4850835065215219,1,ok,P6 · CARBOHYD:N-linked (GlcNAc...) asparagine
AMY,CS20230722_SUPT_0512,0512 COAa-PAA-MEA Barhl2 Glut_4,7,P7,transmembrane transport,GOTERM_BP_DIRECT,2.5571389340282e-4,1.3711340526113331,9,ok,P7 · transmembrane transport
AMY,CS20230722_SUPT_0512,0512 COAa-PAA-MEA Barhl2 Glut_4,8,P8,TOPO_DOM:Extracellular,UP_SEQ_FEATURE,0.03652046085266433,0.8318418053363106,1,ok,P8 · TOPO_DOM:Extracellular
AMY,CS20230722_SUPT_0512,0512 COAa-PAA-MEA Barhl2 Glut_4,9,P9,calcium ion transmembrane transport,GOTERM_BP_DIRECT,0.00441174731433391,0.974361749610835,5,ok,P9 · calcium ion transmembrane transport
AMY,CS20230722_SUPT_0512,0512 COAa-PAA-MEA Barhl2 Glut_4,10,P10,mmu05200:Pathways in cancer,KEGG_PATHWAY,2.793529975164008e-5,2.74306468165246,35,ok,P10 · mmu05200:Pathways in cancer
AMY,CS20230722_SUPT_0512,0512 COAa-PAA-MEA Barhl2 Glut_4,11,P11,COMPBIAS:Basic and acidic residues,UP_SEQ_FEATURE,0.05013732502457477,0.6585034709382955,0,ok,P11 · COMPBIAS:Basic and acidic residues
AMY,CS20230722_SUPT_0512,0512 COAa-PAA-MEA Barhl2 Glut_4,12,P12,cartilage development,GOTERM_BP_DIRECT,0.00166918514562346,1.4596043957591054,9,ok,P12 · cartilage development
AMY,CS20230722_SUPT_0512,0512 COAa-PAA-MEA Barhl2 Glut_4,13,P13,Activator,UP_KW_MOLECULAR_FUNCTION,0.0385847569750091,0.6968867008421962,3,ok,P13 · Activator
AMY,CS20230722_SUPT_0512,0512 COAa-PAA-MEA Barhl2 Glut_4,14,P14,COMPBIAS:Polar residues,UP_SEQ_FEATURE,0.11315713920320472,0.5211317181584453,0,ok,P14 · COMPBIAS:Polar residues
AMY,CS20230722_SUPT_0512,0512 COAa-PAA-MEA Barhl2 Glut_4,15,P15,Repeat,UP_KW_DOMAIN,0.03481379285048858,0.7265777336625907,4,ok,P15 · Repeat
AMY,CS20230722_SUPT_0512,0512 COAa-PAA-MEA Barhl2 Glut_4,16,P16,Ubl conjugation,UP_KW_PTM,0.03388959233946026,0.7206768380884472,1,ok,P16 · Ubl conjugation
AMY,CS20230722_SUPT_0512,0512 COAa-PAA-MEA Barhl2 Glut_4,17,P17,plasma membrane,GOTERM_CC_DIRECT,1.323078228553128e-6,3.0942463510909244,111,ok,P17 · plasma membrane
AMY,CS20230722_SUPT_0512,0512 COAa-PAA-MEA Barhl2 Glut_4,18,P18,COMPBIAS:Polar residues,UP_SEQ_FEATURE,0.05899966707730644,0.8552323270102171,0,ok,P18 · COMPBIAS:Polar residues
AMY,CS20230722_SUPT_0512,0512 COAa-PAA-MEA Barhl2 Glut_4,19,P19,Lipoprotein,UP_KW_PTM,0.00256749055402966,1.473627846961657,5,ok,P19 · Lipoprotein
AMY,CS20230722_SUPT_0514,0514 COAa-PAA-MEA Barhl2 Glut_6,0,P0,ATP binding,GOTERM_MF_DIRECT,0.17521778078590824,0.4938982026941375,0,ok,P0 · ATP binding
AMY,CS20230722_SUPT_0514,0514 COAa-PAA-MEA Barhl2 Glut_6,1,P1,cytoplasm,GOTERM_CC_DIRECT,0.01190794150551062,1.0041763687372878,1,ok,P1 · cytoplasm
AMY,CS20230722_SUPT_0514,0514 COAa-PAA-MEA Barhl2 Glut_6,2,P2,IPR013098:Ig_I-set,INTERPRO,4.983827876892805e-5,2.6403836512635093,44,ok,P2 · IPR013098:Ig_I-set
AMY,CS20230722_SUPT_0514,0514 COAa-PAA-MEA Barhl2 Glut_6,3,P3,cell surface,GOTERM_CC_DIRECT,1.5756751946003e-4,1.343614360341305,15,ok,P3 · cell surface
AMY,CS20230722_SUPT_0514,0514 COAa-PAA-MEA Barhl2 Glut_6,4,P4,Transcription regulation,UP_KW_BIOLOGICAL_PROCESS,0.13190196118820616,0.5736313780043559,0,ok,P4 · Transcription regulation
AMY,CS20230722_SUPT_0514,0514 COAa-PAA-MEA Barhl2 Glut_6,5,P5,vasculogenesis,GOTERM_BP_DIRECT,0.00173451546725949,0.9585996030937745,6,ok,P5 · vasculogenesis
AMY,CS20230722_SUPT_0514,0514 COAa-PAA-MEA Barhl2 Glut_6,6,P6,neuronal cell body,GOTERM_CC_DIRECT,2.4636018234935987e-5,3.3151875127400956,42,ok,P6 · neuronal cell body
AMY,CS20230722_SUPT_0514,0514 COAa-PAA-MEA Barhl2 Glut_6,7,P7,mmu04518:Integrin signaling,KEGG_PATHWAY,0.00270586731170469,1.5075869214271524,11,ok,P7 · mmu04518:Integrin signaling
AMY,CS20230722_SUPT_0514,0514 COAa-PAA-MEA Barhl2 Glut_6,8,P8,Calcium,UP_KW_LIGAND,0.02330403342625424,0.6869724865188362,3,ok,P8 · Calcium
AMY,CS20230722_SUPT_0514,0514 COAa-PAA-MEA Barhl2 Glut_6,9,P9,ATP-binding,UP_KW_LIGAND,0.11353144536525336,0.8577192966375548,0,ok,P9 · ATP-binding
AMY,CS20230722_SUPT_0514,0514 COAa-PAA-MEA Barhl2 Glut_6,10,P10,extracellular matrix,GOTERM_CC_DIRECT,5.2605588787099e-4,1.848067266248252,13,ok,P10 · extracellular matrix
AMY,CS20230722_SUPT_0514,0514 COAa-PAA-MEA Barhl2 Glut_6,11,P11,COMPBIAS:Polar residues,UP_SEQ_FEATURE,0.05145462088094945,0.9224201112602252,0,ok,P11 · COMPBIAS:Polar residues
AMY,CS20230722_SUPT_0514,0514 COAa-PAA-MEA Barhl2 Glut_6,12,P12,protein binding,GOTERM_MF_DIRECT,0.03391568986850862,0.8521470730441948,1,ok,P12 · protein binding
AMY,CS20230722_SUPT_0514,0514 COAa-PAA-MEA Barhl2 Glut_6,13,P13,CARBOHYD:O-linked (Xyl...) (chondroitin sulfate) serine,UP_SEQ_FEATURE,2.9189607123299e-4,1.4926751573733763,20,ok,P13 · CARBOHYD:O-linked (Xyl...) (chondroit...
AMY,CS20230722_SUPT_0514,0514 COAa-PAA-MEA Barhl2 Glut_6,14,P14,COMPBIAS:Acidic residues,UP_SEQ_FEATURE,0.00448889789963504,1.5805065962522027,9,ok,P14 · COMPBIAS:Acidic residues
AMY,CS20230722_SUPT_0514,0514 COAa-PAA-MEA Barhl2 Glut_6,15,P15,negative chemotaxis,GOTERM_BP_DIRECT,0.0012568090496312,1.788620974766871,27,ok,P15 · negative chemotaxis
AMY,CS20230722_SUPT_0514,0514 COAa-PAA-MEA Barhl2 Glut_6,16,P16,basement membrane,GOTERM_CC_DIRECT,0.00111060290896939,1.0779375924595824,2,ok,P16 · basement membrane
AMY,CS20230722_SUPT_0514,0514 COAa-PAA-MEA Barhl2 Glut_6,17,P17,Transmembrane helix,UP_KW_DOMAIN,0.00522444478041603,1.4700153112458691,12,ok,P17 · Transmembrane helix
AMY,CS20230722_SUPT_0514,0514 COAa-PAA-MEA Barhl2 Glut_6,18,P18,molecular_function,GOTERM_MF_DIRECT,0.0590416205176558,0.9019286929994874,0,ok,P18 · molecular_function
AMY,CS20230722_SUPT_0514,0514 COAa-PAA-MEA Barhl2 Glut_6,19,P19,TOPO_DOM:Extracellular,UP_SEQ_FEATURE,5.351399771649e-4,1.5313085924038683,9,ok,P19 · TOPO_DOM:Extracellular
AMY,CS20230722_SUPT_0538,0538 MEA Otp Foxp2 Glut_1,0,P0,regulation of DNA-templated transcription,GOTERM_BP_DIRECT,0.01328984084807851,0.9696661958102144,3,ok,P0 · regulation of DNA-templated transcrip...
AMY,CS20230722_SUPT_0538,0538 MEA Otp Foxp2 Glut_1,1,P1,mmu04080:Neuroactive ligand-receptor interaction,KEGG_PATHWAY,4.0462601008793e-4,1.6451802886847076,10,ok,P1 · mmu04080:Neuroactive ligand-receptor ...
AMY,CS20230722_SUPT_0538,0538 MEA Otp Foxp2 Glut_1,2,P2,Cell projection,UP_KW_CELLULAR_COMPONENT,0.00124639520420887,1.1947248611664243,10,ok,P2 · Cell projection
AMY,CS20230722_SUPT_0538,0538 MEA Otp Foxp2 Glut_1,3,P3,Cell adhesion,UP_KW_BIOLOGICAL_PROCESS,2.4035804317972e-4,1.6048909928496553,24,ok,P3 · Cell adhesion
AMY,CS20230722_SUPT_0538,0538 MEA Otp Foxp2 Glut_1,4,P4,cellular_component,GOTERM_CC_DIRECT,0.05445242535444093,1.079176594079374,0,ok,P4 · cellular_component
AMY,CS20230722_SUPT_0538,0538 MEA Otp Foxp2 Glut_1,5,P5,LIPID:S-palmitoyl cysteine,UP_SEQ_FEATURE,0.00907384963925433,1.0070825504822516,8,ok,P5 · LIPID:S-palmitoyl cysteine
AMY,CS20230722_SUPT_0538,0538 MEA Otp Foxp2 Glut_1,6,P6,IPR001478:PDZ,INTERPRO,0.02089798297028874,1.3927693773287857,9,ok,P6 · IPR001478:PDZ
AMY,CS20230722_SUPT_0538,0538 MEA Otp Foxp2 Glut_1,7,P7,Ubl conjugation,UP_KW_PTM,0.15685705351159124,0.6733927445570439,0,ok,P7 · Ubl conjugation
AMY,CS20230722_SUPT_0538,0538 MEA Otp Foxp2 Glut_1,8,P8,plasma membrane,GOTERM_CC_DIRECT,0.00903923404523979,1.0577364729773922,10,ok,P8 · plasma membrane
AMY,CS20230722_SUPT_0538,0538 MEA Otp Foxp2 Glut_1,9,P9,CARBOHYD:N-linked (GlcNAc...) asparagine,UP_SEQ_FEATURE,0.03117014522884803,0.5659013697750923,1,ok,P9 · CARBOHYD:N-linked (GlcNAc...) asparagine
AMY,CS20230722_SUPT_0538,0538 MEA Otp Foxp2 Glut_1,10,P10,Repeat,UP_KW_DOMAIN,0.07503042514849242,0.5437414800969425,0,ok,P10 · Repeat
AMY,CS20230722_SUPT_0538,0538 MEA Otp Foxp2 Glut_1,11,P11,postsynaptic membrane,GOTERM_CC_DIRECT,2.0946843467745e-4,2.165792000804394,46,ok,P11 · postsynaptic membrane
AMY,CS20230722_SUPT_0538,0538 MEA Otp Foxp2 Glut_1,12,P12,cell surface,GOTERM_CC_DIRECT,0.00167828086713508,1.508796229000137,13,ok,P12 · cell surface
AMY,CS20230722_SUPT_0538,0538 MEA Otp Foxp2 Glut_1,13,P13,transmembrane transport,GOTERM_BP_DIRECT,0.05145981797593854,1.000947930853677,0,ok,P13 · transmembrane transport
AMY,CS20230722_SUPT_0538,0538 MEA Otp Foxp2 Glut_1,14,P14,mitochondrion,GOTERM_CC_DIRECT,0.02638482025895948,0.8473616493753626,2,ok,P14 · mitochondrion
AMY,CS20230722_SUPT_0538,0538 MEA Otp Foxp2 Glut_1,15,P15,Secreted,UP_KW_CELLULAR_COMPONENT,0.00846547881956657,1.2586778814573292,2,ok,P15 · Secreted
AMY,CS20230722_SUPT_0538,0538 MEA Otp Foxp2 Glut_1,16,P16,membrane,GOTERM_CC_DIRECT,0.01499762191908889,1.241018759438561,2,ok,P16 · membrane
AMY,CS20230722_SUPT_0538,0538 MEA Otp Foxp2 Glut_1,17,P17,Zinc,UP_KW_LIGAND,0.196501809465172,0.5584928812811867,0,ok,P17 · Zinc
AMY,CS20230722_SUPT_0538,0538 MEA Otp Foxp2 Glut_1,18,P18,Glycoprotein,UP_KW_PTM,0.02642767563783395,0.5531999352968712,3,ok,P18 · Glycoprotein
AMY,CS20230722_SUPT_0538,0538 MEA Otp Foxp2 Glut_1,19,P19,collagen trimer,GOTERM_CC_DIRECT,0.00111565931146709,1.41174019399658,9,ok,P19 · collagen trimer
AMY,CS20230722_SUPT_0540,0540 MEA-BST Otp Zic2 Glut_2,0,P0,mmu04810:Regulation of actin cytoskeleton,KEGG_PATHWAY,3.564671656763985e-5,1.924310453392,31,ok,P0 · mmu04810:Regulation of actin cytoskel...
AMY,CS20230722_SUPT_0540,0540 MEA-BST Otp Zic2 Glut_2,1,P1,SM00355:ZnF_C2H2,SMART,0.05307434071183424,0.6637836526524447,0,ok,P1 · SM00355:ZnF_C2H2
AMY,CS20230722_SUPT_0540,0540 MEA-BST Otp Zic2 Glut_2,2,P2,L-amino acid transmembrane transporter activity,GOTERM_MF_DIRECT,1.5085193383956e-4,0.900757007297936,7,ok,P2 · L-amino acid transmembrane transporte...
AMY,CS20230722_SUPT_0540,0540 MEA-BST Otp Zic2 Glut_2,3,P3,CARBOHYD:N-linked (GlcNAc...) asparagine,UP_SEQ_FEATURE,1.948940438753e-4,0.9963216863200484,4,ok,P3 · CARBOHYD:N-linked (GlcNAc...) asparagine
AMY,CS20230722_SUPT_0540,0540 MEA-BST Otp Zic2 Glut_2,4,P4,chromosome,GOTERM_CC_DIRECT,0.03488441002210026,0.6684997485623668,1,ok,P4 · chromosome
AMY,CS20230722_SUPT_0540,0540 MEA-BST Otp Zic2 Glut_2,5,P5,CARBOHYD:N-linked (GlcNAc...) asparagine,UP_SEQ_FEATURE,7.392560103435675e-5,2.093173311341239,26,ok,P5 · CARBOHYD:N-linked (GlcNAc...) asparagine
AMY,CS20230722_SUPT_0540,0540 MEA-BST Otp Zic2 Glut_2,6,P6,RNA polymerase II cis-regulatory region sequence-specific DNA binding,GOTERM_MF_DIRECT,0.01998861578646194,1.0031847642832592,3,ok,P6 · RNA polymerase II cis-regulatory regi...
AMY,CS20230722_SUPT_0540,0540 MEA-BST Otp Zic2 Glut_2,7,P7,Acetylation,UP_KW_PTM,0.18326230047622663,0.568043505731824,0,ok,P7 · Acetylation
AMY,CS20230722_SUPT_0540,0540 MEA-BST Otp Zic2 Glut_2,8,P8,Mitochondrion,UP_KW_CELLULAR_COMPONENT,0.00242504163298765,2.080965357139456,3,ok,P8 · Mitochondrion
AMY,CS20230722_SUPT_0540,0540 MEA-BST Otp Zic2 Glut_2,9,P9,CARBOHYD:N-linked (GlcNAc...) asparagine,UP_SEQ_FEATURE,0.00304518182124959,1.5222755105051886,2,ok,P9 · CARBOHYD:N-linked (GlcNAc...) asparagine
AMY,CS20230722_SUPT_0540,0540 MEA-BST Otp Zic2 Glut_2,10,P10,mmu05200:Pathways in cancer,KEGG_PATHWAY,0.00357945845623899,1.7109919376983946,5,ok,P10 · mmu05200:Pathways in cancer
AMY,CS20230722_SUPT_0540,0540 MEA-BST Otp Zic2 Glut_2,11,P11,IPR003599:Ig_sub,INTERPRO,0.04772896196334877,0.7071429916440849,1,ok,P11 · IPR003599:Ig_sub
AMY,CS20230722_SUPT_0540,0540 MEA-BST Otp Zic2 Glut_2,12,P12,IPR001660:SAM,INTERPRO,1.3668738576418268e-5,2.729820160655021,38,ok,P12 · IPR001660:SAM
AMY,CS20230722_SUPT_0540,0540 MEA-BST Otp Zic2 Glut_2,13,P13,zinc ion binding,GOTERM_MF_DIRECT,0.2128101081322253,0.5713793535491224,0,ok,P13 · zinc ion binding
AMY,CS20230722_SUPT_0540,0540 MEA-BST Otp Zic2 Glut_2,14,P14,molecular_function,GOTERM_MF_DIRECT,0.3717492340030046,0.2912090761339045,0,ok,P14 · molecular_function
AMY,CS20230722_SUPT_0540,0540 MEA-BST Otp Zic2 Glut_2,15,P15,RNA polymerase II cis-regulatory region sequence-specific DNA binding,GOTERM_MF_DIRECT,0.00339690091929747,1.2794815526142935,22,ok,P15 · RNA polymerase II cis-regulatory regi...
AMY,CS20230722_SUPT_0540,0540 MEA-BST Otp Zic2 Glut_2,16,P16,plasma membrane,GOTERM_CC_DIRECT,0.10734783237496294,0.3614652093472679,0,ok,P16 · plasma membrane
AMY,CS20230722_SUPT_0540,0540 MEA-BST Otp Zic2 Glut_2,17,P17,REGION:Disordered,UP_SEQ_FEATURE,0.10866650081467004,0.8551143870074899,0,ok,P17 · REGION:Disordered
AMY,CS20230722_SUPT_0540,0540 MEA-BST Otp Zic2 Glut_2,18,P18,monoatomic ion transport,GOTERM_BP_DIRECT,0.00490830631499783,1.4736167269900964,16,ok,P18 · monoatomic ion transport
AMY,CS20230722_SUPT_0540,0540 MEA-BST Otp Zic2 Glut_2,19,P19,cytosol,GOTERM_CC_DIRECT,0.2283002624140079,0.46128598129448345,0,ok,P19 · cytosol
AMY,CS20230722_SUPT_1160,1160 Astro-NT NN_2,0,P0,zinc ion binding,GOTERM_MF_DIRECT,3.3146539608227e-4,2.0897495028456428,3,ok,P0 · zinc ion binding
AMY,CS20230722_SUPT_1160,1160 Astro-NT NN_2,1,P1,IPR001849:PH_domain,INTERPRO,0.02502838616151958,0.9251110564223114,3,ok,P1 · IPR001849:PH_domain
AMY,CS20230722_SUPT_1160,1160 Astro-NT NN_2,2,P2,axon,GOTERM_CC_DIRECT,4.946346517175667e-5,2.61230177260172,24,ok,P2 · axon
AMY,CS20230722_SUPT_1160,1160 Astro-NT NN_2,3,P3,actin cytoskeleton organization,GOTERM_BP_DIRECT,0.00256651053004289,1.5974835735186947,5,ok,P3 · actin cytoskeleton organization
AMY,CS20230722_SUPT_1160,1160 Astro-NT NN_2,4,P4,Transmembrane helix,UP_KW_DOMAIN,0.058364917811742,0.8772463243230845,0,ok,P4 · Transmembrane helix
AMY,CS20230722_SUPT_1160,1160 Astro-NT NN_2,5,P5,COMPBIAS:Polar residues,UP_SEQ_FEATURE,0.250315438112814,0.30677315337099936,0,ok,P5 · COMPBIAS:Polar residues
AMY,CS20230722_SUPT_1160,1160 Astro-NT NN_2,6,P6,DOMAIN:Fibronectin type-III 4,UP_SEQ_FEATURE,2.615551156322793e-5,2.40840394754151,38,ok,P6 · DOMAIN:Fibronectin type-III 4
AMY,CS20230722_SUPT_1160,1160 Astro-NT NN_2,7,P7,NA,NA,NA,NA,0,no_terms,P7
AMY,CS20230722_SUPT_1160,1160 Astro-NT NN_2,8,P8,NA,NA,NA,NA,0,no_terms,P8
AMY,CS20230722_SUPT_1160,1160 Astro-NT NN_2,9,P9,molecular_function,GOTERM_MF_DIRECT,0.3625452279286119,0.3938881977543319,0,ok,P9 · molecular_function
AMY,CS20230722_SUPT_1160,1160 Astro-NT NN_2,10,P10,calcium ion binding,GOTERM_MF_DIRECT,8.3927347597094e-4,1.5809871067233543,5,ok,P10 · calcium ion binding
AMY,CS20230722_SUPT_1160,1160 Astro-NT NN_2,11,P11,NA,NA,NA,NA,0,no_terms,P11
AMY,CS20230722_SUPT_1160,1160 Astro-NT NN_2,12,P12,Transmembrane helix,UP_KW_DOMAIN,0.7150117969138665,0.11230288132047424,0,ok,P12 · Transmembrane helix
AMY,CS20230722_SUPT_1160,1160 Astro-NT NN_2,13,P13,mmu04360:Axon guidance,KEGG_PATHWAY,0.00241877510643563,0.7161962505557611,4,ok,P13 · mmu04360:Axon guidance
AMY,CS20230722_SUPT_1160,1160 Astro-NT NN_2,14,P14,COMPBIAS:Polar residues,UP_SEQ_FEATURE,0.02099265317477617,0.9109474448086844,4,ok,P14 · COMPBIAS:Polar residues
AMY,CS20230722_SUPT_1160,1160 Astro-NT NN_2,15,P15,molecular_function,GOTERM_MF_DIRECT,0.01332942570051317,1.4240763514256989,1,ok,P15 · molecular_function
AMY,CS20230722_SUPT_1160,1160 Astro-NT NN_2,16,P16,CARBOHYD:N-linked (GlcNAc...) asparagine,UP_SEQ_FEATURE,0.743272014296552,0.11143678364701606,0,ok,P16 · CARBOHYD:N-linked (GlcNAc...) asparagine
AMY,CS20230722_SUPT_1160,1160 Astro-NT NN_2,17,P17,PROPEP:C-terminal propeptide,UP_SEQ_FEATURE,7.208772061018341e-5,1.990620340247948,26,ok,P17 · PROPEP:C-terminal propeptide
AMY,CS20230722_SUPT_1160,1160 Astro-NT NN_2,18,P18,IPR029063:SAM-dependent_MTases_sf,INTERPRO,0.02242557633149583,1.3633994116507482,12,ok,P18 · IPR029063:SAM-dependent_MTases_sf
AMY,CS20230722_SUPT_1160,1160 Astro-NT NN_2,19,P19,Transmembrane helix,UP_KW_DOMAIN,0.29626948834280226,0.4474591563889096,0,ok,P19 · Transmembrane helix
AMY,CS20230722_SUPT_1163,1163 Astro-TE NN_3,0,P0,Transmembrane helix,UP_KW_DOMAIN,0.00501352660404355,0.9885508716861788,4,ok,P0 · Transmembrane helix
AMY,CS20230722_SUPT_1163,1163 Astro-TE NN_3,1,P1,DOMAIN:EGF-like 1,UP_SEQ_FEATURE,0.00588812445009805,1.156480676790407,6,ok,P1 · DOMAIN:EGF-like 1
AMY,CS20230722_SUPT_1163,1163 Astro-TE NN_3,2,P2,NA,NA,NA,NA,0,no_terms,P2
AMY,CS20230722_SUPT_1163,1163 Astro-TE NN_3,3,P3,protein binding,GOTERM_MF_DIRECT,0.00218468964596961,0.8822186242409036,2,ok,P3 · protein binding
AMY,CS20230722_SUPT_1163,1163 Astro-TE NN_3,4,P4,NA,NA,NA,NA,0,no_terms,P4
AMY,CS20230722_SUPT_1163,1163 Astro-TE NN_3,5,P5,COMPBIAS:Polar residues,UP_SEQ_FEATURE,0.03641401579682606,0.7079563807937709,2,ok,P5 · COMPBIAS:Polar residues
AMY,CS20230722_SUPT_1163,1163 Astro-TE NN_3,6,P6,DNA-binding,UP_KW_MOLECULAR_FUNCTION,0.06276429424850893,0.7006756011817296,0,ok,P6 · DNA-binding
AMY,CS20230722_SUPT_1163,1163 Astro-TE NN_3,7,P7,axon guidance,GOTERM_BP_DIRECT,1.8489009795314637e-7,3.963302824388181,58,ok,P7 · axon guidance
AMY,CS20230722_SUPT_1163,1163 Astro-TE NN_3,8,P8,postsynaptic specialization membrane,GOTERM_CC_DIRECT,0.00209293690684338,1.842360519533952,5,ok,P8 · postsynaptic specialization membrane
AMY,CS20230722_SUPT_1163,1163 Astro-TE NN_3,9,P9,TRANSMEM:Helical,UP_SEQ_FEATURE,0.2145626956196045,0.48473556482305946,0,ok,P9 · TRANSMEM:Helical
AMY,CS20230722_SUPT_1163,1163 Astro-TE NN_3,10,P10,cilium movement involved in cell motility,GOTERM_BP_DIRECT,0.00190494490157034,1.674003958250824,8,ok,P10 · cilium movement involved in cell moti...
AMY,CS20230722_SUPT_1163,1163 Astro-TE NN_3,11,P11,guanyl-nucleotide exchange factor activity,GOTERM_MF_DIRECT,0.00191020937153622,1.3105820552375014,3,ok,P11 · guanyl-nucleotide exchange factor act...
AMY,CS20230722_SUPT_1163,1163 Astro-TE NN_3,12,P12,Glycoprotein,UP_KW_PTM,0.04158447334140557,0.8069159508516448,2,ok,P12 · Glycoprotein
AMY,CS20230722_SUPT_1163,1163 Astro-TE NN_3,13,P13,CARBOHYD:N-linked (GlcNAc...) asparagine,UP_SEQ_FEATURE,0.0370450977336965,0.8361530346897522,1,ok,P13 · CARBOHYD:N-linked (GlcNAc...) asparagine
AMY,CS20230722_SUPT_1163,1163 Astro-TE NN_3,14,P14,postsynaptic membrane,GOTERM_CC_DIRECT,0.01216975830934728,0.654506164669716,3,ok,P14 · postsynaptic membrane
AMY,CS20230722_SUPT_1163,1163 Astro-TE NN_3,15,P15,Coiled coil,UP_KW_DOMAIN,0.11705874888658642,0.5653702650190192,0,ok,P15 · Coiled coil
AMY,CS20230722_SUPT_1163,1163 Astro-TE NN_3,16,P16,CARBOHYD:N-linked (GlcNAc...) asparagine,UP_SEQ_FEATURE,0.00549489388143471,0.8436924256804869,2,ok,P16 · CARBOHYD:N-linked (GlcNAc...) asparagine
AMY,CS20230722_SUPT_1163,1163 Astro-TE NN_3,17,P17,CARBOHYD:N-linked (GlcNAc...) asparagine,UP_SEQ_FEATURE,0.01950983965247535,1.1537349935404817,3,ok,P17 · CARBOHYD:N-linked (GlcNAc...) asparagine
AMY,CS20230722_SUPT_1163,1163 Astro-TE NN_3,18,P18,NA,NA,NA,NA,0,no_terms,P18
AMY,CS20230722_SUPT_1163,1163 Astro-TE NN_3,19,P19,positive regulation of cell population proliferation,GOTERM_BP_DIRECT,0.00279268703004569,1.014477823954328,3,ok,P19 · positive regulation of cell populatio...
AMY,CS20230722_SUPT_1179,1179 OPC NN_1,0,P0,NA,NA,NA,NA,0,no_terms,P0
AMY,CS20230722_SUPT_1179,1179 OPC NN_1,1,P1,Extracellular matrix,UP_KW_CELLULAR_COMPONENT,2.9282965135887e-4,2.1134610223656143,11,ok,P1 · Extracellular matrix
AMY,CS20230722_SUPT_1179,1179 OPC NN_1,2,P2,axon guidance,GOTERM_BP_DIRECT,2.493851214610389e-7,2.48246235600738,50,ok,P2 · axon guidance
AMY,CS20230722_SUPT_1179,1179 OPC NN_1,3,P3,Cell cycle,UP_KW_BIOLOGICAL_PROCESS,1.3601786929835e-4,2.700636111927414,14,ok,P3 · Cell cycle
AMY,CS20230722_SUPT_1179,1179 OPC NN_1,4,P4,NA,NA,NA,NA,0,no_terms,P4
AMY,CS20230722_SUPT_1179,1179 OPC NN_1,5,P5,DNA repair,GOTERM_BP_DIRECT,7.293700379127806e-6,2.1967493714438957,18,ok,P5 · DNA repair
AMY,CS20230722_SUPT_1179,1179 OPC NN_1,6,P6,positive regulation of cell population proliferation,GOTERM_BP_DIRECT,1.3258072898184e-4,1.5170070244267388,17,ok,P6 · positive regulation of cell populatio...
AMY,CS20230722_SUPT_1179,1179 OPC NN_1,7,P7,NA,NA,NA,NA,0,no_terms,P7
AMY,CS20230722_SUPT_1179,1179 OPC NN_1,8,P8,Cell membrane,UP_KW_CELLULAR_COMPONENT,0.00164911995756286,0.9382599361721976,3,ok,P8 · Cell membrane
AMY,CS20230722_SUPT_1179,1179 OPC NN_1,9,P9,NA,NA,NA,NA,0,no_terms,P9
AMY,CS20230722_SUPT_1179,1179 OPC NN_1,10,P10,Glycoprotein,UP_KW_PTM,0.0927400001979374,0.3929449082639257,0,ok,P10 · Glycoprotein
AMY,CS20230722_SUPT_1179,1179 OPC NN_1,11,P11,plasma membrane,GOTERM_CC_DIRECT,0.09857720984662692,0.7240005050403439,0,ok,P11 · plasma membrane
AMY,CS20230722_SUPT_1179,1179 OPC NN_1,12,P12,cellular_component,GOTERM_CC_DIRECT,0.03120119090420549,1.2579310125236574,2,ok,P12 · cellular_component
AMY,CS20230722_SUPT_1179,1179 OPC NN_1,13,P13,Ubl conjugation,UP_KW_PTM,0.0326626109213391,0.8782058685353129,1,ok,P13 · Ubl conjugation
AMY,CS20230722_SUPT_1179,1179 OPC NN_1,14,P14,mmu05218:Melanoma,KEGG_PATHWAY,0.00654854302242232,1.41999423099921,3,ok,P14 · mmu05218:Melanoma
AMY,CS20230722_SUPT_1179,1179 OPC NN_1,15,P15,CARBOHYD:N-linked (GlcNAc...) asparagine,UP_SEQ_FEATURE,9.8839395433761e-4,2.139694834503093,11,ok,P15 · CARBOHYD:N-linked (GlcNAc...) asparagine
AMY,CS20230722_SUPT_1179,1179 OPC NN_1,16,P16,COMPBIAS:Basic and acidic residues,UP_SEQ_FEATURE,0.3054167046323697,0.3642765961073064,0,ok,P16 · COMPBIAS:Basic and acidic residues
AMY,CS20230722_SUPT_1179,1179 OPC NN_1,17,P17,cytoplasm,GOTERM_CC_DIRECT,0.11283874269669932,0.6485636097935085,0,ok,P17 · cytoplasm
AMY,CS20230722_SUPT_1179,1179 OPC NN_1,18,P18,membrane raft,GOTERM_CC_DIRECT,0.01067670648624125,1.1911251569818924,6,ok,P18 · membrane raft
AMY,CS20230722_SUPT_1179,1179 OPC NN_1,19,P19,TRANSMEM:Helical,UP_SEQ_FEATURE,0.4694561480858001,0.2752467281902054,0,ok,P19 · TRANSMEM:Helical
AMY,CS20230722_SUPT_1184,1184 MOL NN_4,0,P0,Membrane,UP_KW_CELLULAR_COMPONENT,0.12980936328792012,0.4550458915946253,0,ok,P0 · Membrane
AMY,CS20230722_SUPT_1184,1184 MOL NN_4,1,P1,NA,NA,NA,NA,0,no_terms,P1
AMY,CS20230722_SUPT_1184,1184 MOL NN_4,2,P2,cytoplasm,GOTERM_CC_DIRECT,0.1680271989647924,0.6024644828402738,0,ok,P2 · cytoplasm
AMY,CS20230722_SUPT_1184,1184 MOL NN_4,3,P3,Transmembrane,UP_KW_DOMAIN,0.05231410139074351,0.7804649135026903,0,ok,P3 · Transmembrane
AMY,CS20230722_SUPT_1184,1184 MOL NN_4,4,P4,COMPBIAS:Polar residues,UP_SEQ_FEATURE,0.02879613682488328,0.6344314582448262,1,ok,P4 · COMPBIAS:Polar residues
AMY,CS20230722_SUPT_1184,1184 MOL NN_4,5,P5,Membrane,UP_KW_CELLULAR_COMPONENT,0.0552146992034341,0.6774792562488131,0,ok,P5 · Membrane
AMY,CS20230722_SUPT_1184,1184 MOL NN_4,6,P6,regulation of DNA-templated transcription,GOTERM_BP_DIRECT,0.05044869235312178,0.6792878805280251,0,ok,P6 · regulation of DNA-templated transcrip...
AMY,CS20230722_SUPT_1184,1184 MOL NN_4,7,P7,mmu01100:Metabolic pathways,KEGG_PATHWAY,0.07275102131292285,0.5930925721324376,0,ok,P7 · mmu01100:Metabolic pathways
AMY,CS20230722_SUPT_1184,1184 MOL NN_4,8,P8,TRANSMEM:Helical,UP_SEQ_FEATURE,0.0464837086669093,0.9631230580429756,2,ok,P8 · TRANSMEM:Helical
AMY,CS20230722_SUPT_1184,1184 MOL NN_4,9,P9,IPR004087:KH_dom,INTERPRO,0.00650336690993177,1.5870698166163744,17,ok,P9 · IPR004087:KH_dom
AMY,CS20230722_SUPT_1184,1184 MOL NN_4,10,P10,glutamatergic synapse,GOTERM_CC_DIRECT,1.9755051291328535e-5,2.3121264124720113,30,ok,P10 · glutamatergic synapse
AMY,CS20230722_SUPT_1184,1184 MOL NN_4,11,P11,NA,NA,NA,NA,0,no_terms,P11
AMY,CS20230722_SUPT_1184,1184 MOL NN_4,12,P12,zinc ion binding,GOTERM_MF_DIRECT,0.02128348611550538,0.930557658616994,2,ok,P12 · zinc ion binding
AMY,CS20230722_SUPT_1184,1184 MOL NN_4,13,P13,biological_process,GOTERM_BP_DIRECT,0.25016132339858355,0.4257234226055552,0,ok,P13 · biological_process
AMY,CS20230722_SUPT_1184,1184 MOL NN_4,14,P14,mmu01100:Metabolic pathways,KEGG_PATHWAY,0.04906587967519308,0.9680092737687396,2,ok,P14 · mmu01100:Metabolic pathways
AMY,CS20230722_SUPT_1184,1184 MOL NN_4,15,P15,Cytoplasm,UP_KW_CELLULAR_COMPONENT,0.15582506098238685,0.386659812298725,0,ok,P15 · Cytoplasm
AMY,CS20230722_SUPT_1184,1184 MOL NN_4,16,P16,cell-cell adhesion,GOTERM_BP_DIRECT,0.00114898073417869,0.9141070660560984,2,ok,P16 · cell-cell adhesion
AMY,CS20230722_SUPT_1184,1184 MOL NN_4,17,P17,Nucleotide-binding,UP_KW_LIGAND,0.03864440642949839,0.7225697010110292,1,ok,P17 · Nucleotide-binding
AMY,CS20230722_SUPT_1184,1184 MOL NN_4,18,P18,nucleoplasm,GOTERM_CC_DIRECT,0.00506841885724004,1.9542672586581689,10,ok,P18 · nucleoplasm
AMY,CS20230722_SUPT_1184,1184 MOL NN_4,19,P19,Cell adhesion,UP_KW_BIOLOGICAL_PROCESS,2.040748250611922e-5,2.770818433787862,17,ok,P19 · Cell adhesion
HYP,CS20230722_SUPT_0343,0343 MEA-BST Sox6 Gaba_7,0,P0,IPR013320:ConA-like_dom_sf,INTERPRO,0.00555750289583365,1.0119914811891186,3,ok,P0 · IPR013320:ConA-like_dom_sf
HYP,CS20230722_SUPT_0343,0343 MEA-BST Sox6 Gaba_7,1,P1,synapse,GOTERM_CC_DIRECT,0.00269424720155931,1.3817088672688669,14,ok,P1 · synapse
HYP,CS20230722_SUPT_0343,0343 MEA-BST Sox6 Gaba_7,2,P2,Cell membrane,UP_KW_CELLULAR_COMPONENT,0.01966411131469347,0.6212914289424762,1,ok,P2 · Cell membrane
HYP,CS20230722_SUPT_0343,0343 MEA-BST Sox6 Gaba_7,3,P3,synaptic membrane adhesion,GOTERM_BP_DIRECT,0.00175322107911278,1.6495232377494948,13,ok,P3 · synaptic membrane adhesion
HYP,CS20230722_SUPT_0343,0343 MEA-BST Sox6 Gaba_7,4,P4,CARBOHYD:N-linked (GlcNAc...) asparagine,UP_SEQ_FEATURE,0.01156863998055538,1.231406525522214,7,ok,P4 · CARBOHYD:N-linked (GlcNAc...) asparagine
HYP,CS20230722_SUPT_0343,0343 MEA-BST Sox6 Gaba_7,5,P5,gene expression,GOTERM_BP_DIRECT,0.04137849179861641,0.5555713644165456,1,ok,P5 · gene expression
HYP,CS20230722_SUPT_0343,0343 MEA-BST Sox6 Gaba_7,6,P6,Cell membrane,UP_KW_CELLULAR_COMPONENT,0.00489961222459695,0.7678032138609777,2,ok,P6 · Cell membrane
HYP,CS20230722_SUPT_0343,0343 MEA-BST Sox6 Gaba_7,7,P7,Mitochondrion,UP_KW_CELLULAR_COMPONENT,0.00995290993448215,1.587876706192682,5,ok,P7 · Mitochondrion
HYP,CS20230722_SUPT_0343,0343 MEA-BST Sox6 Gaba_7,8,P8,DOMAIN:SH3,UP_SEQ_FEATURE,0.00241891881420136,1.5293995804713485,9,ok,P8 · DOMAIN:SH3
HYP,CS20230722_SUPT_0343,0343 MEA-BST Sox6 Gaba_7,9,P9,CARBOHYD:N-linked (GlcNAc...) asparagine,UP_SEQ_FEATURE,0.02799658914529744,0.7530299226090503,2,ok,P9 · CARBOHYD:N-linked (GlcNAc...) asparagine
HYP,CS20230722_SUPT_0343,0343 MEA-BST Sox6 Gaba_7,10,P10,Ion transport,UP_KW_BIOLOGICAL_PROCESS,0.01701053911020786,0.8048707070890146,2,ok,P10 · Ion transport
HYP,CS20230722_SUPT_0343,0343 MEA-BST Sox6 Gaba_7,11,P11,phospholipase C-activating G protein-coupled receptor signaling pathway,GOTERM_BP_DIRECT,0.00251856945053435,1.123036038278334,6,ok,P11 · phospholipase C-activating G protein-...
HYP,CS20230722_SUPT_0343,0343 MEA-BST Sox6 Gaba_7,12,P12,protein homodimerization activity,GOTERM_MF_DIRECT,0.11319622210476112,0.6216529444891093,0,ok,P12 · protein homodimerization activity
HYP,CS20230722_SUPT_0343,0343 MEA-BST Sox6 Gaba_7,13,P13,ventricular septum morphogenesis,GOTERM_BP_DIRECT,0.0044938794773712,1.9316570156173,31,ok,P13 · ventricular septum morphogenesis
HYP,CS20230722_SUPT_0343,0343 MEA-BST Sox6 Gaba_7,14,P14,cell surface,GOTERM_CC_DIRECT,0.04132572718748809,0.6268167599272145,1,ok,P14 · cell surface
HYP,CS20230722_SUPT_0343,0343 MEA-BST Sox6 Gaba_7,15,P15,enzyme binding,GOTERM_MF_DIRECT,0.00347949389076513,1.0559999046888142,10,ok,P15 · enzyme binding
HYP,CS20230722_SUPT_0343,0343 MEA-BST Sox6 Gaba_7,16,P16,DOMAIN:Ig-like C2-type 2,UP_SEQ_FEATURE,6.190917810788899e-5,2.2784903611589944,46,ok,P16 · DOMAIN:Ig-like C2-type 2
HYP,CS20230722_SUPT_0343,0343 MEA-BST Sox6 Gaba_7,17,P17,Cell projection,UP_KW_CELLULAR_COMPONENT,0.03953541741698641,0.7401101997232123,2,ok,P17 · Cell projection
HYP,CS20230722_SUPT_0343,0343 MEA-BST Sox6 Gaba_7,18,P18,IPR050752:C2H2-ZF_domain,INTERPRO,3.3990742915981e-4,1.4556194756807397,16,ok,P18 · IPR050752:C2H2-ZF_domain
HYP,CS20230722_SUPT_0343,0343 MEA-BST Sox6 Gaba_7,19,P19,chloride transmembrane transport,GOTERM_BP_DIRECT,1.6572467617741e-4,2.034650686308207,11,ok,P19 · chloride transmembrane transport
HYP,CS20230722_SUPT_0353,0353 MEA-BST Lhx6 Sp9 Gaba_7,0,P0,Glycoprotein,UP_KW_PTM,1.0344225196699e-4,1.251962669279744,7,ok,P0 · Glycoprotein
HYP,CS20230722_SUPT_0353,0353 MEA-BST Lhx6 Sp9 Gaba_7,1,P1,embryonic cranial skeleton morphogenesis,GOTERM_BP_DIRECT,2.0806800246106e-4,1.9052685888345176,6,ok,P1 · embryonic cranial skeleton morphogenesis
HYP,CS20230722_SUPT_0353,0353 MEA-BST Lhx6 Sp9 Gaba_7,2,P2,COMPBIAS:Basic and acidic residues,UP_SEQ_FEATURE,5.826018071214195e-5,3.769915140453812,44,ok,P2 · COMPBIAS:Basic and acidic residues
HYP,CS20230722_SUPT_0353,0353 MEA-BST Lhx6 Sp9 Gaba_7,3,P3,Transcription regulation,UP_KW_BIOLOGICAL_PROCESS,0.24321462329582705,0.4274501206085437,0,ok,P3 · Transcription regulation
HYP,CS20230722_SUPT_0353,0353 MEA-BST Lhx6 Sp9 Gaba_7,4,P4,COMPBIAS:Low complexity,UP_SEQ_FEATURE,0.00873614658624356,0.775220608037263,3,ok,P4 · COMPBIAS:Low complexity
HYP,CS20230722_SUPT_0353,0353 MEA-BST Lhx6 Sp9 Gaba_7,5,P5,cell adhesion,GOTERM_BP_DIRECT,0.00310962994141622,0.7923235154946512,3,ok,P5 · cell adhesion
HYP,CS20230722_SUPT_0353,0353 MEA-BST Lhx6 Sp9 Gaba_7,6,P6,CARBOHYD:N-linked (GlcNAc...) asparagine,UP_SEQ_FEATURE,5.6278671488471e-4,1.5149615575779565,5,ok,P6 · CARBOHYD:N-linked (GlcNAc...) asparagine
HYP,CS20230722_SUPT_0353,0353 MEA-BST Lhx6 Sp9 Gaba_7,7,P7,nucleoplasm,GOTERM_CC_DIRECT,0.2833317231286643,0.358196590953188,0,ok,P7 · nucleoplasm
HYP,CS20230722_SUPT_0353,0353 MEA-BST Lhx6 Sp9 Gaba_7,8,P8,Transferase,UP_KW_MOLECULAR_FUNCTION,0.15332023960705468,0.3544745665202288,0,ok,P8 · Transferase
HYP,CS20230722_SUPT_0353,0353 MEA-BST Lhx6 Sp9 Gaba_7,9,P9,extracellular region,GOTERM_CC_DIRECT,2.712295597029441e-5,2.4915193045639534,12,ok,P9 · extracellular region
HYP,CS20230722_SUPT_0353,0353 MEA-BST Lhx6 Sp9 Gaba_7,10,P10,Repeat,UP_KW_DOMAIN,0.01311637241434502,1.0227302928437945,6,ok,P10 · Repeat
HYP,CS20230722_SUPT_0353,0353 MEA-BST Lhx6 Sp9 Gaba_7,11,P11,Ubl conjugation,UP_KW_PTM,0.03388959233946026,1.1531270079495772,3,ok,P11 · Ubl conjugation
HYP,CS20230722_SUPT_0353,0353 MEA-BST Lhx6 Sp9 Gaba_7,12,P12,GABA-ergic synapse,GOTERM_CC_DIRECT,0.00940370324730026,1.1672752117985403,2,ok,P12 · GABA-ergic synapse
HYP,CS20230722_SUPT_0353,0353 MEA-BST Lhx6 Sp9 Gaba_7,13,P13,postsynapse,GOTERM_CC_DIRECT,0.00167417487525505,1.9835678028512176,34,ok,P13 · postsynapse
HYP,CS20230722_SUPT_0353,0353 MEA-BST Lhx6 Sp9 Gaba_7,14,P14,metal ion binding,GOTERM_MF_DIRECT,0.06785947440655123,0.9610855932343392,0,ok,P14 · metal ion binding
HYP,CS20230722_SUPT_0353,0353 MEA-BST Lhx6 Sp9 Gaba_7,15,P15,basement membrane,GOTERM_CC_DIRECT,0.00998453882327301,1.050116472361772,3,ok,P15 · basement membrane
HYP,CS20230722_SUPT_0353,0353 MEA-BST Lhx6 Sp9 Gaba_7,16,P16,COMPBIAS:Low complexity,UP_SEQ_FEATURE,0.18603938966191583,0.3667906756004776,0,ok,P16 · COMPBIAS:Low complexity
HYP,CS20230722_SUPT_0353,0353 MEA-BST Lhx6 Sp9 Gaba_7,17,P17,Glycoprotein,UP_KW_PTM,0.04158447334140557,0.6502858766095656,1,ok,P17 · Glycoprotein
HYP,CS20230722_SUPT_0353,0353 MEA-BST Lhx6 Sp9 Gaba_7,18,P18,TOPO_DOM:Cytoplasmic,UP_SEQ_FEATURE,0.03315815012306532,0.8612252004903286,2,ok,P18 · TOPO_DOM:Cytoplasmic
HYP,CS20230722_SUPT_0353,0353 MEA-BST Lhx6 Sp9 Gaba_7,19,P19,Cell adhesion,UP_KW_BIOLOGICAL_PROCESS,0.08358800289829489,0.6402116538269421,0,ok,P19 · Cell adhesion
HYP,CS20230722_SUPT_0409,0409 BST Tac2 Gaba_1,0,P0,monoatomic ion transport,GOTERM_BP_DIRECT,0.01017052414441812,1.060923073504169,5,ok,P0 · monoatomic ion transport
HYP,CS20230722_SUPT_0409,0409 BST Tac2 Gaba_1,1,P1,Cell membrane,UP_KW_CELLULAR_COMPONENT,0.00827538552958669,1.3550953697605628,8,ok,P1 · Cell membrane
HYP,CS20230722_SUPT_0409,0409 BST Tac2 Gaba_1,2,P2,sperm flagellum,GOTERM_CC_DIRECT,0.03370226013392649,0.8779569866131486,2,ok,P2 · sperm flagellum
HYP,CS20230722_SUPT_0409,0409 BST Tac2 Gaba_1,3,P3,LIPID:S-palmitoyl cysteine,UP_SEQ_FEATURE,0.00116941272186759,0.966598711488458,7,ok,P3 · LIPID:S-palmitoyl cysteine
HYP,CS20230722_SUPT_0409,0409 BST Tac2 Gaba_1,4,P4,TOPO_DOM:Cytoplasmic,UP_SEQ_FEATURE,1.3510340030057728e-5,2.631547975394397,51,ok,P4 · TOPO_DOM:Cytoplasmic
HYP,CS20230722_SUPT_0409,0409 BST Tac2 Gaba_1,5,P5,Cell membrane,UP_KW_CELLULAR_COMPONENT,0.00138126903877929,1.5960936532704753,11,ok,P5 · Cell membrane
HYP,CS20230722_SUPT_0409,0409 BST Tac2 Gaba_1,6,P6,mitochondrial inner membrane,GOTERM_CC_DIRECT,0.0019133871233478,1.3366159652116056,1,ok,P6 · mitochondrial inner membrane
HYP,CS20230722_SUPT_0409,0409 BST Tac2 Gaba_1,7,P7,Cytoplasm,UP_KW_CELLULAR_COMPONENT,0.00614486603573036,1.2797934108933298,5,ok,P7 · Cytoplasm
HYP,CS20230722_SUPT_0409,0409 BST Tac2 Gaba_1,8,P8,mmu04623:Cytosolic DNA-sensing pathway,KEGG_PATHWAY,2.0031679934415e-4,1.9468747051304809,7,ok,P8 · mmu04623:Cytosolic DNA-sensing pathway
HYP,CS20230722_SUPT_0409,0409 BST Tac2 Gaba_1,9,P9,cilium movement involved in cell motility,GOTERM_BP_DIRECT,1.1664462110953384e-5,2.37624777967446,53,ok,P9 · cilium movement involved in cell moti...
HYP,CS20230722_SUPT_0409,0409 BST Tac2 Gaba_1,10,P10,mitochondrion,GOTERM_CC_DIRECT,0.01022904977772624,0.9220806191377297,4,ok,P10 · mitochondrion
HYP,CS20230722_SUPT_0409,0409 BST Tac2 Gaba_1,11,P11,Secreted,UP_KW_CELLULAR_COMPONENT,0.01828283573483684,0.998697896463324,2,ok,P11 · Secreted
HYP,CS20230722_SUPT_0409,0409 BST Tac2 Gaba_1,12,P12,biological_process,GOTERM_BP_DIRECT,0.16460111541193262,0.5211766158825066,0,ok,P12 · biological_process
HYP,CS20230722_SUPT_0409,0409 BST Tac2 Gaba_1,13,P13,CARBOHYD:N-linked (GlcNAc...) asparagine,UP_SEQ_FEATURE,0.00127491616543337,1.3087869050738523,9,ok,P13 · CARBOHYD:N-linked (GlcNAc...) asparagine
HYP,CS20230722_SUPT_0409,0409 BST Tac2 Gaba_1,14,P14,Cell projection,UP_KW_CELLULAR_COMPONENT,0.00504035824779161,1.3358946191503895,6,ok,P14 · Cell projection
HYP,CS20230722_SUPT_0409,0409 BST Tac2 Gaba_1,15,P15,small GTPase binding,GOTERM_MF_DIRECT,3.8750446615961e-4,1.1612260705376505,2,ok,P15 · small GTPase binding
HYP,CS20230722_SUPT_0409,0409 BST Tac2 Gaba_1,16,P16,regulation of gene expression,GOTERM_BP_DIRECT,0.01801312155170605,0.62819994069023255,1,ok,P16 · regulation of gene expression
HYP,CS20230722_SUPT_0409,0409 BST Tac2 Gaba_1,17,P17,positive regulation of apoptotic process,GOTERM_BP_DIRECT,5.539074206398e-4,1.7468009751161988,20,ok,P17 · positive regulation of apoptotic process
HYP,CS20230722_SUPT_0409,0409 BST Tac2 Gaba_1,18,P18,signal transduction,GOTERM_BP_DIRECT,0.07366032010838297,1.010339580651698,0,ok,P18 · signal transduction
HYP,CS20230722_SUPT_0409,0409 BST Tac2 Gaba_1,19,P19,proteolysis,GOTERM_BP_DIRECT,0.00598210636100425,1.391607825203766,4,ok,P19 · proteolysis
HYP,CS20230722_SUPT_0422,0422 BST-MPN Six3 Nrgn Gaba_3,0,P0,COMPBIAS:Polar residues,UP_SEQ_FEATURE,0.0426650090867812,0.9364705269280312,1,ok,P0 · COMPBIAS:Polar residues
HYP,CS20230722_SUPT_0422,0422 BST-MPN Six3 Nrgn Gaba_3,1,P1,calcium channel activity,GOTERM_MF_DIRECT,0.00692657855767511,1.2489638052929546,10,ok,P1 · calcium channel activity
HYP,CS20230722_SUPT_0422,0422 BST-MPN Six3 Nrgn Gaba_3,2,P2,zinc ion binding,GOTERM_MF_DIRECT,0.00697754123376133,1.3900139361449488,6,ok,P2 · zinc ion binding
HYP,CS20230722_SUPT_0422,0422 BST-MPN Six3 Nrgn Gaba_3,3,P3,Nucleus,UP_KW_CELLULAR_COMPONENT,0.08810028382283047,0.7112198455323634,0,ok,P3 · Nucleus
HYP,CS20230722_SUPT_0422,0422 BST-MPN Six3 Nrgn Gaba_3,4,P4,Cell membrane,UP_KW_CELLULAR_COMPONENT,1.208733785745e-4,1.5909843518345048,6,ok,P4 · Cell membrane
HYP,CS20230722_SUPT_0422,0422 BST-MPN Six3 Nrgn Gaba_3,5,P5,transmembrane receptor protein tyrosine kinase activity,GOTERM_MF_DIRECT,1.9066338679798e-4,1.162210211461187,12,ok,P5 · transmembrane receptor protein tyrosi...
HYP,CS20230722_SUPT_0422,0422 BST-MPN Six3 Nrgn Gaba_3,6,P6,positive regulation of phosphatidylinositol 3-kinase/protein kinase B signal transduction,GOTERM_BP_DIRECT,2.6091935410637e-4,1.2040332730914038,3,ok,P6 · positive regulation of phosphatidylin...
HYP,CS20230722_SUPT_0422,0422 BST-MPN Six3 Nrgn Gaba_3,7,P7,postsynaptic membrane,GOTERM_CC_DIRECT,5.138308095029478e-6,4.253480946411326,74,ok,P7 · postsynaptic membrane
HYP,CS20230722_SUPT_0422,0422 BST-MPN Six3 Nrgn Gaba_3,8,P8,mmu04360:Axon guidance,KEGG_PATHWAY,0.01817117220713488,0.9992423176336936,8,ok,P8 · mmu04360:Axon guidance
HYP,CS20230722_SUPT_0422,0422 BST-MPN Six3 Nrgn Gaba_3,9,P9,regulation of synapse organization,GOTERM_BP_DIRECT,5.5165937447314e-4,1.945337647451854,14,ok,P9 · regulation of synapse organization
HYP,CS20230722_SUPT_0422,0422 BST-MPN Six3 Nrgn Gaba_3,10,P10,Ion transport,UP_KW_BIOLOGICAL_PROCESS,0.02444397913949511,0.6784203127719222,1,ok,P10 · Ion transport
HYP,CS20230722_SUPT_0422,0422 BST-MPN Six3 Nrgn Gaba_3,11,P11,mmu05212:Pancreatic cancer,KEGG_PATHWAY,6.7558372473739e-4,1.8602100653282072,15,ok,P11 · mmu05212:Pancreatic cancer
HYP,CS20230722_SUPT_0422,0422 BST-MPN Six3 Nrgn Gaba_3,12,P12,IPR013320:ConA-like_dom_sf,INTERPRO,4.556916665982819e-5,1.8978799626163867,9,ok,P12 · IPR013320:ConA-like_dom_sf
HYP,CS20230722_SUPT_0422,0422 BST-MPN Six3 Nrgn Gaba_3,13,P13,Glycoprotein,UP_KW_PTM,0.01715839318863356,0.6923037468658447,2,ok,P13 · Glycoprotein
HYP,CS20230722_SUPT_0422,0422 BST-MPN Six3 Nrgn Gaba_3,14,P14,COMPBIAS:Low complexity,UP_SEQ_FEATURE,0.22701170954634145,0.38017515243993266,0,ok,P14 · COMPBIAS:Low complexity
HYP,CS20230722_SUPT_0422,0422 BST-MPN Six3 Nrgn Gaba_3,15,P15,manchette,GOTERM_CC_DIRECT,0.00145705059104786,1.4140250664276997,7,ok,P15 · manchette
HYP,CS20230722_SUPT_0422,0422 BST-MPN Six3 Nrgn Gaba_3,16,P16,NA,NA,NA,NA,0,no_terms,P16
HYP,CS20230722_SUPT_0422,0422 BST-MPN Six3 Nrgn Gaba_3,17,P17,synapse,GOTERM_CC_DIRECT,1.4955336198246165e-5,1.3724617588862376,6,ok,P17 · synapse
HYP,CS20230722_SUPT_0422,0422 BST-MPN Six3 Nrgn Gaba_3,18,P18,neuron projection,GOTERM_CC_DIRECT,0.00185228251624316,1.2605379668344194,13,ok,P18 · neuron projection
HYP,CS20230722_SUPT_0422,0422 BST-MPN Six3 Nrgn Gaba_3,19,P19,protein binding,GOTERM_MF_DIRECT,0.09094837922452605,0.7891596380952458,0,ok,P19 · protein binding
HYP,CS20230722_SUPT_0423,0423 BST-MPN Six3 Nrgn Gaba_4,0,P0,metal ion binding,GOTERM_MF_DIRECT,0.00505492749964328,1.2273362165592785,1,ok,P0 · metal ion binding
HYP,CS20230722_SUPT_0423,0423 BST-MPN Six3 Nrgn Gaba_4,1,P1,Nucleus,UP_KW_CELLULAR_COMPONENT,0.04970615968144064,0.7994447806549243,1,ok,P1 · Nucleus
HYP,CS20230722_SUPT_0423,0423 BST-MPN Six3 Nrgn Gaba_4,2,P2,modulation of chemical synaptic transmission,GOTERM_BP_DIRECT,0.00412938541483189,1.9559905282921168,27,ok,P2 · modulation of chemical synaptic trans...
HYP,CS20230722_SUPT_0423,0423 BST-MPN Six3 Nrgn Gaba_4,3,P3,L-amino acid transmembrane transporter activity,GOTERM_MF_DIRECT,3.7472803429717e-4,2.291548027911986,9,ok,P3 · L-amino acid transmembrane transporte...
HYP,CS20230722_SUPT_0423,0423 BST-MPN Six3 Nrgn Gaba_4,4,P4,axoneme,GOTERM_CC_DIRECT,0.03820359069026585,0.9985631090980028,1,ok,P4 · axoneme
HYP,CS20230722_SUPT_0423,0423 BST-MPN Six3 Nrgn Gaba_4,5,P5,Apoptosis,UP_KW_BIOLOGICAL_PROCESS,0.00550286867958967,1.529343725715482,5,ok,P5 · Apoptosis
HYP,CS20230722_SUPT_0423,0423 BST-MPN Six3 Nrgn Gaba_4,6,P6,cellular_component,GOTERM_CC_DIRECT,0.06691941411464489,1.0125630998978352,0,ok,P6 · cellular_component
HYP,CS20230722_SUPT_0423,0423 BST-MPN Six3 Nrgn Gaba_4,7,P7,small GTPase-mediated signal transduction,GOTERM_BP_DIRECT,3.346260639017656e-5,2.1460782123189466,7,ok,P7 · small GTPase-mediated signal transduc...
HYP,CS20230722_SUPT_0423,0423 BST-MPN Six3 Nrgn Gaba_4,8,P8,membrane,GOTERM_CC_DIRECT,2.1985855982173e-4,1.986170253510959,22,ok,P8 · membrane
HYP,CS20230722_SUPT_0423,0423 BST-MPN Six3 Nrgn Gaba_4,9,P9,COMPBIAS:Basic and acidic residues,UP_SEQ_FEATURE,0.00501504405015999,1.486543002036947,9,ok,P9 · COMPBIAS:Basic and acidic residues
HYP,CS20230722_SUPT_0423,0423 BST-MPN Six3 Nrgn Gaba_4,10,P10,CARBOHYD:N-linked (GlcNAc...) asparagine,UP_SEQ_FEATURE,5.1374673877349e-4,1.7939385462316717,17,ok,P10 · CARBOHYD:N-linked (GlcNAc...) asparagine
HYP,CS20230722_SUPT_0423,0423 BST-MPN Six3 Nrgn Gaba_4,11,P11,R-SMAD binding,GOTERM_MF_DIRECT,4.3780996706493e-4,1.465260295360921,5,ok,P11 · R-SMAD binding
HYP,CS20230722_SUPT_0423,0423 BST-MPN Six3 Nrgn Gaba_4,12,P12,mmu04350:TGF-beta signaling pathway,KEGG_PATHWAY,0.00343746758330176,1.6304644769569534,3,ok,P12 · mmu04350:TGF-beta signaling pathway
HYP,CS20230722_SUPT_0423,0423 BST-MPN Six3 Nrgn Gaba_4,13,P13,CARBOHYD:O-linked (Xyl...) (chondroitin sulfate) serine,UP_SEQ_FEATURE,1.6903597721931e-4,1.8881232674828816,19,ok,P13 · CARBOHYD:O-linked (Xyl...) (chondroit...
HYP,CS20230722_SUPT_0423,0423 BST-MPN Six3 Nrgn Gaba_4,14,P14,protein binding,GOTERM_MF_DIRECT,0.05801002370106083,0.47680428365336464,0,ok,P14 · protein binding
HYP,CS20230722_SUPT_0423,0423 BST-MPN Six3 Nrgn Gaba_4,15,P15,Disulfide bond,UP_KW_PTM,3.3075341550475e-4,1.4497705825913976,13,ok,P15 · Disulfide bond
HYP,CS20230722_SUPT_0423,0423 BST-MPN Six3 Nrgn Gaba_4,16,P16,chemical synaptic transmission,GOTERM_BP_DIRECT,8.721748794801209e-6,1.7239423766570063,46,ok,P16 · chemical synaptic transmission
HYP,CS20230722_SUPT_0423,0423 BST-MPN Six3 Nrgn Gaba_4,17,P17,cytoplasm,GOTERM_CC_DIRECT,0.00922273934491614,1.4088856485677808,2,ok,P17 · cytoplasm
HYP,CS20230722_SUPT_0423,0423 BST-MPN Six3 Nrgn Gaba_4,18,P18,Differentiation,UP_KW_BIOLOGICAL_PROCESS,0.00278375932905379,1.2131591491656255,2,ok,P18 · Differentiation
HYP,CS20230722_SUPT_0423,0423 BST-MPN Six3 Nrgn Gaba_4,19,P19,cell surface,GOTERM_CC_DIRECT,0.03968056651259033,0.48567012402064935,1,ok,P19 · cell surface
HYP,CS20230722_SUPT_0436,0436 SCH Six6 Cdc14a Gaba_1,0,P0,ATP binding,GOTERM_MF_DIRECT,0.15213212905120657,0.5833725517889337,0,ok,P0 · ATP binding
HYP,CS20230722_SUPT_0436,0436 SCH Six6 Cdc14a Gaba_1,1,P1,TOPO_DOM:Cytoplasmic,UP_SEQ_FEATURE,0.00201448426037152,1.4372453384163928,16,ok,P1 · TOPO_DOM:Cytoplasmic
HYP,CS20230722_SUPT_0436,0436 SCH Six6 Cdc14a Gaba_1,2,P2,B cell differentiation,GOTERM_BP_DIRECT,0.00565581522848498,1.3123580826644583,7,ok,P2 · B cell differentiation
HYP,CS20230722_SUPT_0436,0436 SCH Six6 Cdc14a Gaba_1,3,P3,monoatomic ion channel activity,GOTERM_MF_DIRECT,4.6109496446727035e-8,5.288358386481408,81,ok,P3 · monoatomic ion channel activity
HYP,CS20230722_SUPT_0436,0436 SCH Six6 Cdc14a Gaba_1,4,P4,COMPBIAS:Polar residues,UP_SEQ_FEATURE,0.11983539924976556,0.3550638512221714,0,ok,P4 · COMPBIAS:Polar residues
HYP,CS20230722_SUPT_0436,0436 SCH Six6 Cdc14a Gaba_1,5,P5,COMPBIAS:Low complexity,UP_SEQ_FEATURE,8.9718145328534e-4,2.2599345047289203,14,ok,P5 · COMPBIAS:Low complexity
HYP,CS20230722_SUPT_0436,0436 SCH Six6 Cdc14a Gaba_1,6,P6,mmu04024:cAMP signaling pathway,KEGG_PATHWAY,0.01625595521339364,0.9139991588064597,3,ok,P6 · mmu04024:cAMP signaling pathway
HYP,CS20230722_SUPT_0436,0436 SCH Six6 Cdc14a Gaba_1,7,P7,plasma membrane,GOTERM_CC_DIRECT,0.01793260300549452,0.7319943864368953,1,ok,P7 · plasma membrane
HYP,CS20230722_SUPT_0436,0436 SCH Six6 Cdc14a Gaba_1,8,P8,COMPBIAS:Polar residues,UP_SEQ_FEATURE,0.0962671801325502,0.6393831327272711,0,ok,P8 · COMPBIAS:Polar residues
HYP,CS20230722_SUPT_0436,0436 SCH Six6 Cdc14a Gaba_1,9,P9,COMPBIAS:Basic and acidic residues,UP_SEQ_FEATURE,0.00168179011614527,0.6273331719838583,1,ok,P9 · COMPBIAS:Basic and acidic residues
HYP,CS20230722_SUPT_0436,0436 SCH Six6 Cdc14a Gaba_1,10,P10,Transcription regulation,UP_KW_BIOLOGICAL_PROCESS,0.24321462329582705,0.5025762603026191,0,ok,P10 · Transcription regulation
HYP,CS20230722_SUPT_0436,0436 SCH Six6 Cdc14a Gaba_1,11,P11,COMPBIAS:Low complexity,UP_SEQ_FEATURE,0.08394442466096116,0.3916058738147252,0,ok,P11 · COMPBIAS:Low complexity
HYP,CS20230722_SUPT_0436,0436 SCH Six6 Cdc14a Gaba_1,12,P12,Membrane,UP_KW_CELLULAR_COMPONENT,0.01582002934853124,0.8458800007614805,4,ok,P12 · Membrane
HYP,CS20230722_SUPT_0436,0436 SCH Six6 Cdc14a Gaba_1,13,P13,IPR046349:C1-like_sf,INTERPRO,0.00207585220533497,1.4896623885168443,21,ok,P13 · IPR046349:C1-like_sf
HYP,CS20230722_SUPT_0436,0436 SCH Six6 Cdc14a Gaba_1,14,P14,mmu04210:Apoptosis,KEGG_PATHWAY,0.00502572857406832,1.6451036162702604,2,ok,P14 · mmu04210:Apoptosis
HYP,CS20230722_SUPT_0436,0436 SCH Six6 Cdc14a Gaba_1,15,P15,positive regulation of fat cell differentiation,GOTERM_BP_DIRECT,0.00108001204073249,0.9543485079794872,5,ok,P15 · positive regulation of fat cell diffe...
HYP,CS20230722_SUPT_0436,0436 SCH Six6 Cdc14a Gaba_1,16,P16,positive regulation of transcription by RNA polymerase II,GOTERM_BP_DIRECT,0.12161494769701311,0.621290420426504,0,ok,P16 · positive regulation of transcription ...
HYP,CS20230722_SUPT_0436,0436 SCH Six6 Cdc14a Gaba_1,17,P17,neuron projection,GOTERM_CC_DIRECT,0.00508337657845616,0.7742078055319047,1,ok,P17 · neuron projection
HYP,CS20230722_SUPT_0436,0436 SCH Six6 Cdc14a Gaba_1,18,P18,zinc ion binding,GOTERM_MF_DIRECT,0.00313239400459131,0.8315047777986098,2,ok,P18 · zinc ion binding
HYP,CS20230722_SUPT_0436,0436 SCH Six6 Cdc14a Gaba_1,19,P19,Activator,UP_KW_MOLECULAR_FUNCTION,0.02667838302644713,1.0632942111036023,5,ok,P19 · Activator
HYP,CS20230722_SUPT_0437,0437 SCH Six6 Cdc14a Gaba_2,0,P0,COMPBIAS:Polar residues,UP_SEQ_FEATURE,0.0043732274933803,1.2606212681680773,2,ok,P0 · COMPBIAS:Polar residues
HYP,CS20230722_SUPT_0437,0437 SCH Six6 Cdc14a Gaba_2,1,P1,glutamatergic synapse,GOTERM_CC_DIRECT,4.0850178490497925e-5,0.9230929338203632,6,ok,P1 · glutamatergic synapse
HYP,CS20230722_SUPT_0437,0437 SCH Six6 Cdc14a Gaba_2,2,P2,cell surface,GOTERM_CC_DIRECT,3.4609256072819e-4,2.166884618919633,17,ok,P2 · cell surface
HYP,CS20230722_SUPT_0437,0437 SCH Six6 Cdc14a Gaba_2,3,P3,LIPID:S-palmitoyl cysteine,UP_SEQ_FEATURE,6.1527945769769e-4,2.0414325873852324,14,ok,P3 · LIPID:S-palmitoyl cysteine
HYP,CS20230722_SUPT_0437,0437 SCH Six6 Cdc14a Gaba_2,4,P4,monoatomic ion transmembrane transport,GOTERM_BP_DIRECT,4.7562468846265e-4,2.684807031499927,18,ok,P4 · monoatomic ion transmembrane transport
HYP,CS20230722_SUPT_0437,0437 SCH Six6 Cdc14a Gaba_2,5,P5,GABA-ergic synapse,GOTERM_CC_DIRECT,0.00412357739108436,1.028401490618183,3,ok,P5 · GABA-ergic synapse
HYP,CS20230722_SUPT_0437,0437 SCH Six6 Cdc14a Gaba_2,6,P6,CARBOHYD:N-linked (GlcNAc...) asparagine,UP_SEQ_FEATURE,7.502604619023283e-7,3.352820528286956,48,ok,P6 · CARBOHYD:N-linked (GlcNAc...) asparagine
HYP,CS20230722_SUPT_0437,0437 SCH Six6 Cdc14a Gaba_2,7,P7,RNA polymerase II cis-regulatory region sequence-specific DNA binding,GOTERM_MF_DIRECT,0.00707286433128808,1.393166816023062,5,ok,P7 · RNA polymerase II cis-regulatory regi...
HYP,CS20230722_SUPT_0437,0437 SCH Six6 Cdc14a Gaba_2,8,P8,"DNA-binding transcription factor activity, RNA polymerase II-specific",GOTERM_MF_DIRECT,0.05776657054925165,0.6520751916027182,0,ok,P8 · DNA-binding transcription factor acti...
HYP,CS20230722_SUPT_0437,0437 SCH Six6 Cdc14a Gaba_2,9,P9,Mitosis,UP_KW_BIOLOGICAL_PROCESS,0.03207052394946567,1.2194508221616016,2,ok,P9 · Mitosis
HYP,CS20230722_SUPT_0437,0437 SCH Six6 Cdc14a Gaba_2,10,P10,Cell adhesion,UP_KW_BIOLOGICAL_PROCESS,0.01587712718722934,1.2573821489679604,4,ok,P10 · Cell adhesion
HYP,CS20230722_SUPT_0437,0437 SCH Six6 Cdc14a Gaba_2,11,P11,IPR011993:PH-like_dom_sf,INTERPRO,5.928415584631e-4,2.23494710311081,11,ok,P11 · IPR011993:PH-like_dom_sf
HYP,CS20230722_SUPT_0437,0437 SCH Six6 Cdc14a Gaba_2,12,P12,Cell membrane,UP_KW_CELLULAR_COMPONENT,0.02324888369453113,0.7599311342385938,2,ok,P12 · Cell membrane
HYP,CS20230722_SUPT_0437,0437 SCH Six6 Cdc14a Gaba_2,13,P13,Cell membrane,UP_KW_CELLULAR_COMPONENT,0.00904074806686714,0.9588739057592738,4,ok,P13 · Cell membrane
HYP,CS20230722_SUPT_0437,0437 SCH Six6 Cdc14a Gaba_2,14,P14,NA,NA,NA,NA,0,no_terms,P14
HYP,CS20230722_SUPT_0437,0437 SCH Six6 Cdc14a Gaba_2,15,P15,zinc ion binding,GOTERM_MF_DIRECT,0.01242770884636372,0.740198804939344,2,ok,P15 · zinc ion binding
HYP,CS20230722_SUPT_0437,0437 SCH Six6 Cdc14a Gaba_2,16,P16,Repeat,UP_KW_DOMAIN,0.03903950817201732,0.6962374804093872,1,ok,P16 · Repeat
HYP,CS20230722_SUPT_0437,0437 SCH Six6 Cdc14a Gaba_2,17,P17,Calcium channel,UP_KW_MOLECULAR_FUNCTION,0.00169787930594187,1.2811749594503967,7,ok,P17 · Calcium channel
HYP,CS20230722_SUPT_0437,0437 SCH Six6 Cdc14a Gaba_2,18,P18,Apoptosis,UP_KW_BIOLOGICAL_PROCESS,0.02477673711248203,1.1477521980341283,2,ok,P18 · Apoptosis
HYP,CS20230722_SUPT_0437,0437 SCH Six6 Cdc14a Gaba_2,19,P19,Oxidoreductase,UP_KW_MOLECULAR_FUNCTION,0.01040644160604719,1.2633367546559346,4,ok,P19 · Oxidoreductase
HYP,CS20230722_SUPT_0438,0438 SCH Six6 Cdc14a Gaba_3,0,P0,TOPO_DOM:Cytoplasmic,UP_SEQ_FEATURE,0.02480139785375472,0.7028301562504398,2,ok,P0 · TOPO_DOM:Cytoplasmic
HYP,CS20230722_SUPT_0438,0438 SCH Six6 Cdc14a Gaba_3,1,P1,plasma membrane,GOTERM_CC_DIRECT,1.1252198719079828e-5,3.2754510878083964,14,ok,P1 · plasma membrane
HYP,CS20230722_SUPT_0438,0438 SCH Six6 Cdc14a Gaba_3,2,P2,Transmembrane,UP_KW_DOMAIN,0.1621392201266086,0.4448178231076565,0,ok,P2 · Transmembrane
HYP,CS20230722_SUPT_0438,0438 SCH Six6 Cdc14a Gaba_3,3,P3,brain development,GOTERM_BP_DIRECT,3.4414081034479e-4,2.581955892228487,13,ok,P3 · brain development
HYP,CS20230722_SUPT_0438,0438 SCH Six6 Cdc14a Gaba_3,4,P4,CARBOHYD:N-linked (GlcNAc...) asparagine,UP_SEQ_FEATURE,0.00116897766019549,0.9337954170828534,4,ok,P4 · CARBOHYD:N-linked (GlcNAc...) asparagine
HYP,CS20230722_SUPT_0438,0438 SCH Six6 Cdc14a Gaba_3,5,P5,cellular response to hormone stimulus,GOTERM_BP_DIRECT,1.4146884328782343e-5,3.037658722024114,12,ok,P5 · cellular response to hormone stimulus
HYP,CS20230722_SUPT_0438,0438 SCH Six6 Cdc14a Gaba_3,6,P6,cytokine-mediated signaling pathway,GOTERM_BP_DIRECT,0.00545627348482858,1.2741598767722129,12,ok,P6 · cytokine-mediated signaling pathway
HYP,CS20230722_SUPT_0438,0438 SCH Six6 Cdc14a Gaba_3,7,P7,COMPBIAS:Polar residues,UP_SEQ_FEATURE,0.01515639274275878,0.9970518930188316,2,ok,P7 · COMPBIAS:Polar residues
HYP,CS20230722_SUPT_0438,0438 SCH Six6 Cdc14a Gaba_3,8,P8,regulation of synapse organization,GOTERM_BP_DIRECT,7.6242692156439e-4,1.7148932684875924,21,ok,P8 · regulation of synapse organization
HYP,CS20230722_SUPT_0438,0438 SCH Six6 Cdc14a Gaba_3,9,P9,Glycoprotein,UP_KW_PTM,0.03787797120693377,0.7971817869855431,1,ok,P9 · Glycoprotein
HYP,CS20230722_SUPT_0438,0438 SCH Six6 Cdc14a Gaba_3,10,P10,LIPID:S-palmitoyl cysteine,UP_SEQ_FEATURE,0.01894537105413969,1.226501696867465,1,ok,P10 · LIPID:S-palmitoyl cysteine
HYP,CS20230722_SUPT_0438,0438 SCH Six6 Cdc14a Gaba_3,11,P11,DOMAIN:Fibronectin type-III,UP_SEQ_FEATURE,6.734864603264861e-5,2.104656973052778,32,ok,P11 · DOMAIN:Fibronectin type-III
HYP,CS20230722_SUPT_0438,0438 SCH Six6 Cdc14a Gaba_3,12,P12,mmu05200:Pathways in cancer,KEGG_PATHWAY,0.03180191400130755,0.7218759987675109,2,ok,P12 · mmu05200:Pathways in cancer
HYP,CS20230722_SUPT_0438,0438 SCH Six6 Cdc14a Gaba_3,13,P13,cellular_component,GOTERM_CC_DIRECT,0.11801394825449923,0.6671904512727784,0,ok,P13 · cellular_component
HYP,CS20230722_SUPT_0438,0438 SCH Six6 Cdc14a Gaba_3,14,P14,mmu00534:Glycosaminoglycan biosynthesis - heparan sulfate / heparin,KEGG_PATHWAY,1.583624423332e-4,1.9934337004042617,33,ok,P14 · mmu00534:Glycosaminoglycan biosynthes...
HYP,CS20230722_SUPT_0438,0438 SCH Six6 Cdc14a Gaba_3,15,P15,transcription coactivator activity,GOTERM_MF_DIRECT,0.01464226550032762,0.7980020393126318,4,ok,P15 · transcription coactivator activity
HYP,CS20230722_SUPT_0438,0438 SCH Six6 Cdc14a Gaba_3,16,P16,DNA binding,GOTERM_MF_DIRECT,0.14511568225873311,0.6071878216222706,0,ok,P16 · DNA binding
HYP,CS20230722_SUPT_0438,0438 SCH Six6 Cdc14a Gaba_3,17,P17,nucleus,GOTERM_CC_DIRECT,0.13299547693888236,0.5191871425045097,0,ok,P17 · nucleus
HYP,CS20230722_SUPT_0438,0438 SCH Six6 Cdc14a Gaba_3,18,P18,microtubule,GOTERM_CC_DIRECT,0.01675565041430062,1.52974064195643,9,ok,P18 · microtubule
HYP,CS20230722_SUPT_0438,0438 SCH Six6 Cdc14a Gaba_3,19,P19,zinc ion binding,GOTERM_MF_DIRECT,0.01242770884636372,0.9004902253553165,2,ok,P19 · zinc ion binding
HYP,CS20230722_SUPT_0442,0442 PVHd-SBPV Six3 Prox1 Gaba_1,0,P0,DOMAIN:Ig-like V-type,UP_SEQ_FEATURE,0.00123226453344842,1.6242968360250165,17,ok,P0 · DOMAIN:Ig-like V-type
HYP,CS20230722_SUPT_0442,0442 PVHd-SBPV Six3 Prox1 Gaba_1,1,P1,DOMAIN:Ig-like C2-type 3,UP_SEQ_FEATURE,1.0752257813479e-4,1.815386180980772,27,ok,P1 · DOMAIN:Ig-like C2-type 3
HYP,CS20230722_SUPT_0442,0442 PVHd-SBPV Six3 Prox1 Gaba_1,2,P2,neuronal cell body,GOTERM_CC_DIRECT,1.609760732742544e-5,0.8947588085194279,3,ok,P2 · neuronal cell body
HYP,CS20230722_SUPT_0442,0442 PVHd-SBPV Six3 Prox1 Gaba_1,3,P3,L-amino acid transmembrane transporter activity,GOTERM_MF_DIRECT,1.3208920488741e-4,1.3109176882519713,7,ok,P3 · L-amino acid transmembrane transporte...
HYP,CS20230722_SUPT_0442,0442 PVHd-SBPV Six3 Prox1 Gaba_1,4,P4,mmu04360:Axon guidance,KEGG_PATHWAY,0.02097603947734228,0.7735266660963833,4,ok,P4 · mmu04360:Axon guidance
HYP,CS20230722_SUPT_0442,0442 PVHd-SBPV Six3 Prox1 Gaba_1,5,P5,COMPBIAS:Low complexity,UP_SEQ_FEATURE,0.00822867373176589,1.055475896766402,5,ok,P5 · COMPBIAS:Low complexity
HYP,CS20230722_SUPT_0442,0442 PVHd-SBPV Six3 Prox1 Gaba_1,6,P6,protein kinase binding,GOTERM_MF_DIRECT,0.04038478586683024,0.9436551738150504,1,ok,P6 · protein kinase binding
HYP,CS20230722_SUPT_0442,0442 PVHd-SBPV Six3 Prox1 Gaba_1,7,P7,COMPBIAS:Low complexity,UP_SEQ_FEATURE,0.3648630283658203,0.33218537618503235,0,ok,P7 · COMPBIAS:Low complexity
HYP,CS20230722_SUPT_0442,0442 PVHd-SBPV Six3 Prox1 Gaba_1,8,P8,SM00326:SH3,SMART,0.00469034870802069,2.246791221229305,10,ok,P8 · SM00326:SH3
HYP,CS20230722_SUPT_0442,0442 PVHd-SBPV Six3 Prox1 Gaba_1,9,P9,protein transport,GOTERM_BP_DIRECT,0.07866222048835378,0.7114027031024903,0,ok,P9 · protein transport
HYP,CS20230722_SUPT_0442,0442 PVHd-SBPV Six3 Prox1 Gaba_1,10,P10,sarcolemma,GOTERM_CC_DIRECT,0.00140857008644337,1.2278275137804395,4,ok,P10 · sarcolemma
HYP,CS20230722_SUPT_0442,0442 PVHd-SBPV Six3 Prox1 Gaba_1,11,P11,Cleavage on pair of basic residues,UP_KW_PTM,0.00256264418183502,1.2151771250526109,4,ok,P11 · Cleavage on pair of basic residues
HYP,CS20230722_SUPT_0442,0442 PVHd-SBPV Six3 Prox1 Gaba_1,12,P12,ligand-gated monoatomic ion channel activity involved in regulation of presynaptic membrane potential,GOTERM_MF_DIRECT,4.8045237961917e-4,1.4933400363776492,18,ok,P12 · ligand-gated monoatomic ion channel a...
HYP,CS20230722_SUPT_0442,0442 PVHd-SBPV Six3 Prox1 Gaba_1,13,P13,cytoplasm,GOTERM_CC_DIRECT,0.05595412334278629,0.7360385594616581,0,ok,P13 · cytoplasm
HYP,CS20230722_SUPT_0442,0442 PVHd-SBPV Six3 Prox1 Gaba_1,14,P14,nucleus,GOTERM_CC_DIRECT,0.00840605766252705,1.0300847179354338,7,ok,P14 · nucleus
HYP,CS20230722_SUPT_0442,0442 PVHd-SBPV Six3 Prox1 Gaba_1,15,P15,axoneme,GOTERM_CC_DIRECT,0.0058322026422576,1.223795928686357,3,ok,P15 · axoneme
HYP,CS20230722_SUPT_0442,0442 PVHd-SBPV Six3 Prox1 Gaba_1,16,P16,extracellular region,GOTERM_CC_DIRECT,0.00174130212688525,1.8851134009968733,24,ok,P16 · extracellular region
HYP,CS20230722_SUPT_0442,0442 PVHd-SBPV Six3 Prox1 Gaba_1,17,P17,Disulfide bond,UP_KW_PTM,0.00123140283057899,1.2033410963187174,17,ok,P17 · Disulfide bond
HYP,CS20230722_SUPT_0442,0442 PVHd-SBPV Six3 Prox1 Gaba_1,18,P18,plasma membrane,GOTERM_CC_DIRECT,0.01793260300549452,0.9370503984339932,9,ok,P18 · plasma membrane
HYP,CS20230722_SUPT_0442,0442 PVHd-SBPV Six3 Prox1 Gaba_1,19,P19,COMPBIAS:Basic and acidic residues,UP_SEQ_FEATURE,0.1574038990612598,0.38534393625456576,0,ok,P19 · COMPBIAS:Basic and acidic residues
HYP,CS20230722_SUPT_0443,0443 PVHd-SBPV Six3 Prox1 Gaba_2,0,P0,molecular_function,GOTERM_MF_DIRECT,0.04334597965994265,0.7054991948232668,1,ok,P0 · molecular_function
HYP,CS20230722_SUPT_0443,0443 PVHd-SBPV Six3 Prox1 Gaba_2,1,P1,cell surface,GOTERM_CC_DIRECT,0.03968056651259033,1.043307452647405,2,ok,P1 · cell surface
HYP,CS20230722_SUPT_0443,0443 PVHd-SBPV Six3 Prox1 Gaba_2,2,P2,CARBOHYD:N-linked (GlcNAc...) asparagine,UP_SEQ_FEATURE,0.00472214407533344,1.8485485488588065,10,ok,P2 · CARBOHYD:N-linked (GlcNAc...) asparagine
HYP,CS20230722_SUPT_0443,0443 PVHd-SBPV Six3 Prox1 Gaba_2,3,P3,IPR001849:PH_domain,INTERPRO,0.00240038543360206,1.8682527500081303,6,ok,P3 · IPR001849:PH_domain
HYP,CS20230722_SUPT_0443,0443 PVHd-SBPV Six3 Prox1 Gaba_2,4,P4,RNA polymerase II core promoter sequence-specific DNA binding,GOTERM_MF_DIRECT,3.225916401431e-4,1.648167067767671,22,ok,P4 · RNA polymerase II core promoter seque...
HYP,CS20230722_SUPT_0443,0443 PVHd-SBPV Six3 Prox1 Gaba_2,5,P5,CROSSLNK:Glycyl lysine isopeptide (Lys-Gly) (interchain with G-Cter in SUMO2),UP_SEQ_FEATURE,0.01069578410696901,0.8584292908564409,4,ok,P5 · CROSSLNK:Glycyl lysine isopeptide (Ly...
HYP,CS20230722_SUPT_0443,0443 PVHd-SBPV Six3 Prox1 Gaba_2,6,P6,biological_process,GOTERM_BP_DIRECT,0.03024310827897287,1.227316581444572,1,ok,P6 · biological_process
HYP,CS20230722_SUPT_0443,0443 PVHd-SBPV Six3 Prox1 Gaba_2,7,P7,cellular response to hormone stimulus,GOTERM_BP_DIRECT,6.4956747680976e-4,2.025754306588741,12,ok,P7 · cellular response to hormone stimulus
HYP,CS20230722_SUPT_0443,0443 PVHd-SBPV Six3 Prox1 Gaba_2,8,P8,DOMAIN:Collagen-like 4,UP_SEQ_FEATURE,6.5793986784554e-4,2.240964625645725,54,ok,P8 · DOMAIN:Collagen-like 4
HYP,CS20230722_SUPT_0443,0443 PVHd-SBPV Six3 Prox1 Gaba_2,9,P9,cytoplasm,GOTERM_CC_DIRECT,0.15959714835548883,0.6595249766018095,0,ok,P9 · cytoplasm
HYP,CS20230722_SUPT_0443,0443 PVHd-SBPV Six3 Prox1 Gaba_2,10,P10,Inflammatory response,UP_KW_BIOLOGICAL_PROCESS,0.00433601005208287,1.7300815771844251,6,ok,P10 · Inflammatory response
HYP,CS20230722_SUPT_0443,0443 PVHd-SBPV Six3 Prox1 Gaba_2,11,P11,nucleoplasm,GOTERM_CC_DIRECT,0.12272232603584785,0.4155644393576756,0,ok,P11 · nucleoplasm
HYP,CS20230722_SUPT_0443,0443 PVHd-SBPV Six3 Prox1 Gaba_2,12,P12,Glycoprotein,UP_KW_PTM,6.6989035808698e-4,1.6121075389396176,14,ok,P12 · Glycoprotein
HYP,CS20230722_SUPT_0443,0443 PVHd-SBPV Six3 Prox1 Gaba_2,13,P13,CARBOHYD:N-linked (GlcNAc...) asparagine,UP_SEQ_FEATURE,0.00189271024905009,1.5733581496458846,12,ok,P13 · CARBOHYD:N-linked (GlcNAc...) asparagine
HYP,CS20230722_SUPT_0443,0443 PVHd-SBPV Six3 Prox1 Gaba_2,14,P14,Transferase,UP_KW_MOLECULAR_FUNCTION,0.0066293227349593,1.2884256168884152,5,ok,P14 · Transferase
HYP,CS20230722_SUPT_0443,0443 PVHd-SBPV Six3 Prox1 Gaba_2,15,P15,CARBOHYD:N-linked (GlcNAc...) asparagine,UP_SEQ_FEATURE,0.00677971541407594,1.1149691256624856,4,ok,P15 · CARBOHYD:N-linked (GlcNAc...) asparagine
HYP,CS20230722_SUPT_0443,0443 PVHd-SBPV Six3 Prox1 Gaba_2,16,P16,IPR010734:Copine_C,INTERPRO,1.51102936462653e-5,2.8470888249154145,24,ok,P16 · IPR010734:Copine_C
HYP,CS20230722_SUPT_0443,0443 PVHd-SBPV Six3 Prox1 Gaba_2,17,P17,cellular_component,GOTERM_CC_DIRECT,0.20168264450810913,0.5529829215868571,0,ok,P17 · cellular_component
HYP,CS20230722_SUPT_0443,0443 PVHd-SBPV Six3 Prox1 Gaba_2,18,P18,axon guidance,GOTERM_BP_DIRECT,3.9876461073856696e-6,2.842373840829572,54,ok,P18 · axon guidance
HYP,CS20230722_SUPT_0443,0443 PVHd-SBPV Six3 Prox1 Gaba_2,19,P19,COMPBIAS:Polar residues,UP_SEQ_FEATURE,3.8181633529319e-4,2.474544206369934,12,ok,P19 · COMPBIAS:Polar residues
HYP,CS20230722_SUPT_0444,0444 PVHd-SBPV Six3 Prox1 Gaba_3,0,P0,Calcium,UP_KW_LIGAND,0.00648443932766936,1.0133544980370313,5,ok,P0 · Calcium
HYP,CS20230722_SUPT_0444,0444 PVHd-SBPV Six3 Prox1 Gaba_3,1,P1,Transmembrane helix,UP_KW_DOMAIN,0.14506478049502783,0.5476797210789571,0,ok,P1 · Transmembrane helix
HYP,CS20230722_SUPT_0444,0444 PVHd-SBPV Six3 Prox1 Gaba_3,2,P2,Nucleus,UP_KW_CELLULAR_COMPONENT,0.02621598713147612,0.6903974803351467,1,ok,P2 · Nucleus
HYP,CS20230722_SUPT_0444,0444 PVHd-SBPV Six3 Prox1 Gaba_3,3,P3,Cytoplasm,UP_KW_CELLULAR_COMPONENT,0.02862623206493285,1.0437594930903922,1,ok,P3 · Cytoplasm
HYP,CS20230722_SUPT_0444,0444 PVHd-SBPV Six3 Prox1 Gaba_3,4,P4,CARBOHYD:N-linked (GlcNAc...) asparagine,UP_SEQ_FEATURE,0.05143302832001003,0.4258524027241095,0,ok,P4 · CARBOHYD:N-linked (GlcNAc...) asparagine
HYP,CS20230722_SUPT_0444,0444 PVHd-SBPV Six3 Prox1 Gaba_3,5,P5,nervous system development,GOTERM_BP_DIRECT,0.0033340578371753,1.5198730185553546,6,ok,P5 · nervous system development
HYP,CS20230722_SUPT_0444,0444 PVHd-SBPV Six3 Prox1 Gaba_3,6,P6,GABA-ergic synapse,GOTERM_CC_DIRECT,0.00202457084759847,2.1118029402564455,31,ok,P6 · GABA-ergic synapse
HYP,CS20230722_SUPT_0444,0444 PVHd-SBPV Six3 Prox1 Gaba_3,7,P7,COMPBIAS:Low complexity,UP_SEQ_FEATURE,0.00137222334966292,1.4729929262362231,6,ok,P7 · COMPBIAS:Low complexity
HYP,CS20230722_SUPT_0444,0444 PVHd-SBPV Six3 Prox1 Gaba_3,8,P8,cellular_component,GOTERM_CC_DIRECT,0.08178707304346822,0.9625969783958638,0,ok,P8 · cellular_component
HYP,CS20230722_SUPT_0444,0444 PVHd-SBPV Six3 Prox1 Gaba_3,9,P9,CARBOHYD:N-linked (GlcNAc...) asparagine,UP_SEQ_FEATURE,3.621875059340149e-7,2.608213831001839,51,ok,P9 · CARBOHYD:N-linked (GlcNAc...) asparagine
HYP,CS20230722_SUPT_0444,0444 PVHd-SBPV Six3 Prox1 Gaba_3,10,P10,TRANSMEM:Helical; Name=12,UP_SEQ_FEATURE,0.00453695147611663,1.308486645396852,7,ok,P10 · TRANSMEM:Helical; Name=12
HYP,CS20230722_SUPT_0444,0444 PVHd-SBPV Six3 Prox1 Gaba_3,11,P11,chloride channel complex,GOTERM_CC_DIRECT,4.4115971929131e-4,1.739471780641184,36,ok,P11 · chloride channel complex
HYP,CS20230722_SUPT_0444,0444 PVHd-SBPV Six3 Prox1 Gaba_3,12,P12,plasma membrane,GOTERM_CC_DIRECT,3.598209490038e-4,2.3884906830615513,16,ok,P12 · plasma membrane
HYP,CS20230722_SUPT_0444,0444 PVHd-SBPV Six3 Prox1 Gaba_3,13,P13,Repeat,UP_KW_DOMAIN,0.23210972851261508,0.41356974540940367,0,ok,P13 · Repeat
HYP,CS20230722_SUPT_0444,0444 PVHd-SBPV Six3 Prox1 Gaba_3,14,P14,nucleus,GOTERM_CC_DIRECT,0.01207425739215378,0.8794494000000522,3,ok,P14 · nucleus
HYP,CS20230722_SUPT_0444,0444 PVHd-SBPV Six3 Prox1 Gaba_3,15,P15,CARBOHYD:N-linked (GlcNAc...) asparagine,UP_SEQ_FEATURE,2.755131968396e-4,1.1213673927744636,7,ok,P15 · CARBOHYD:N-linked (GlcNAc...) asparagine
HYP,CS20230722_SUPT_0444,0444 PVHd-SBPV Six3 Prox1 Gaba_3,16,P16,Cilium,UP_KW_CELLULAR_COMPONENT,0.01887372369279941,1.2853585729161126,2,ok,P16 · Cilium
HYP,CS20230722_SUPT_0444,0444 PVHd-SBPV Six3 Prox1 Gaba_3,17,P17,COMPBIAS:Polar residues,UP_SEQ_FEATURE,0.00814151765648587,1.374444303271369,3,ok,P17 · COMPBIAS:Polar residues
HYP,CS20230722_SUPT_0444,0444 PVHd-SBPV Six3 Prox1 Gaba_3,18,P18,Developmental protein,UP_KW_MOLECULAR_FUNCTION,0.00165301886078706,2.129488667936035,7,ok,P18 · Developmental protein
HYP,CS20230722_SUPT_0444,0444 PVHd-SBPV Six3 Prox1 Gaba_3,19,P19,Transferase,UP_KW_MOLECULAR_FUNCTION,0.11501336678375716,0.7432498194461367,0,ok,P19 · Transferase
HYP,CS20230722_SUPT_0445,0445 PVHd-SBPV Six3 Prox1 Gaba_4,0,P0,IPR000961:AGC-kinase_C,INTERPRO,8.24761896483e-4,1.747168255076336,15,ok,P0 · IPR000961:AGC-kinase_C
HYP,CS20230722_SUPT_0445,0445 PVHd-SBPV Six3 Prox1 Gaba_4,1,P1,L-amino acid transmembrane transporter activity,GOTERM_MF_DIRECT,5.7836085866249e-4,0.8730056388493206,6,ok,P1 · L-amino acid transmembrane transporte...
HYP,CS20230722_SUPT_0445,0445 PVHd-SBPV Six3 Prox1 Gaba_4,2,P2,CARBOHYD:N-linked (GlcNAc...) asparagine,UP_SEQ_FEATURE,1.0429152246604e-4,2.9723134700591096,13,ok,P2 · CARBOHYD:N-linked (GlcNAc...) asparagine
HYP,CS20230722_SUPT_0445,0445 PVHd-SBPV Six3 Prox1 Gaba_4,3,P3,COMPBIAS:Basic and acidic residues,UP_SEQ_FEATURE,0.07644344947685924,0.6118416793074507,0,ok,P3 · COMPBIAS:Basic and acidic residues
HYP,CS20230722_SUPT_0445,0445 PVHd-SBPV Six3 Prox1 Gaba_4,4,P4,COMPBIAS:Low complexity,UP_SEQ_FEATURE,0.00200471504992298,2.2488820168180057,9,ok,P4 · COMPBIAS:Low complexity
HYP,CS20230722_SUPT_0445,0445 PVHd-SBPV Six3 Prox1 Gaba_4,5,P5,Differentiation,UP_KW_BIOLOGICAL_PROCESS,0.01556956306626166,1.2178018103115105,5,ok,P5 · Differentiation
HYP,CS20230722_SUPT_0445,0445 PVHd-SBPV Six3 Prox1 Gaba_4,6,P6,nucleus,GOTERM_CC_DIRECT,0.20761031321883117,0.3233330324197193,0,ok,P6 · nucleus
HYP,CS20230722_SUPT_0445,0445 PVHd-SBPV Six3 Prox1 Gaba_4,7,P7,nucleoplasm,GOTERM_CC_DIRECT,0.00430941236560998,1.877766689554902,6,ok,P7 · nucleoplasm
HYP,CS20230722_SUPT_0445,0445 PVHd-SBPV Six3 Prox1 Gaba_4,8,P8,Synaptosome,UP_KW_CELLULAR_COMPONENT,9.0082987697678e-4,2.1927137831512113,38,ok,P8 · Synaptosome
HYP,CS20230722_SUPT_0445,0445 PVHd-SBPV Six3 Prox1 Gaba_4,9,P9,protein binding,GOTERM_MF_DIRECT,0.03864302398852283,0.4647320285731235,1,ok,P9 · protein binding
HYP,CS20230722_SUPT_0445,0445 PVHd-SBPV Six3 Prox1 Gaba_4,10,P10,nucleus,GOTERM_CC_DIRECT,0.02286334109984391,1.1520242136096157,5,ok,P10 · nucleus
HYP,CS20230722_SUPT_0445,0445 PVHd-SBPV Six3 Prox1 Gaba_4,11,P11,mRNA processing,UP_KW_BIOLOGICAL_PROCESS,0.00102662458728623,1.8934679803029104,11,ok,P11 · mRNA processing
HYP,CS20230722_SUPT_0445,0445 PVHd-SBPV Six3 Prox1 Gaba_4,12,P12,nucleus,GOTERM_CC_DIRECT,0.0329167913744029,0.94211838938691606,1,ok,P12 · nucleus
HYP,CS20230722_SUPT_0445,0445 PVHd-SBPV Six3 Prox1 Gaba_4,13,P13,zinc ion binding,GOTERM_MF_DIRECT,0.02128348611550538,0.8931124432740746,1,ok,P13 · zinc ion binding
HYP,CS20230722_SUPT_0445,0445 PVHd-SBPV Six3 Prox1 Gaba_4,14,P14,CARBOHYD:N-linked (GlcNAc...) asparagine,UP_SEQ_FEATURE,6.2210663584752e-6,2.2772476391067764,66,ok,P14 · CARBOHYD:N-linked (GlcNAc...) asparagine
HYP,CS20230722_SUPT_0445,0445 PVHd-SBPV Six3 Prox1 Gaba_4,15,P15,transcription regulator complex,GOTERM_CC_DIRECT,0.0303202242737288,0.9130955036171778,3,ok,P15 · transcription regulator complex
HYP,CS20230722_SUPT_0445,0445 PVHd-SBPV Six3 Prox1 Gaba_4,16,P16,Transmembrane helix,UP_KW_DOMAIN,0.5367003608446153,0.12455490425777176,0,ok,P16 · Transmembrane helix
HYP,CS20230722_SUPT_0445,0445 PVHd-SBPV Six3 Prox1 Gaba_4,17,P17,plasma membrane,GOTERM_CC_DIRECT,2.53252142600383e-7,3.977534424220911,59,ok,P17 · plasma membrane
HYP,CS20230722_SUPT_0445,0445 PVHd-SBPV Six3 Prox1 Gaba_4,18,P18,CARBOHYD:N-linked (GlcNAc...) asparagine,UP_SEQ_FEATURE,0.00116897766019549,1.2424058842866477,7,ok,P18 · CARBOHYD:N-linked (GlcNAc...) asparagine
HYP,CS20230722_SUPT_0445,0445 PVHd-SBPV Six3 Prox1 Gaba_4,19,P19,Glycoprotein,UP_KW_PTM,0.06895733823236976,0.5216007157883963,0,ok,P19 · Glycoprotein
HYP,CS20230722_SUPT_0446,0446 AHN-SBPV-PVHd Pdrm12 Gaba_1,0,P0,CARBOHYD:N-linked (GlcNAc...) asparagine,UP_SEQ_FEATURE,0.00678677655038754,0.7787257311234196,2,ok,P0 · CARBOHYD:N-linked (GlcNAc...) asparagine
HYP,CS20230722_SUPT_0446,0446 AHN-SBPV-PVHd Pdrm12 Gaba_1,1,P1,L-amino acid transmembrane transporter activity,GOTERM_MF_DIRECT,2.3817153385727e-4,0.8973680870695445,8,ok,P1 · L-amino acid transmembrane transporte...
HYP,CS20230722_SUPT_0446,0446 AHN-SBPV-PVHd Pdrm12 Gaba_1,2,P2,Glycoprotein,UP_KW_PTM,0.00601384034582675,0.9787034088923012,3,ok,P2 · Glycoprotein
HYP,CS20230722_SUPT_0446,0446 AHN-SBPV-PVHd Pdrm12 Gaba_1,3,P3,calcium channel activity,GOTERM_MF_DIRECT,0.00479225030363044,1.320730021411437,6,ok,P3 · calcium channel activity
HYP,CS20230722_SUPT_0446,0446 AHN-SBPV-PVHd Pdrm12 Gaba_1,4,P4,mmu04519:Cadherin signaling,KEGG_PATHWAY,0.00501694074404837,1.0063647473694617,9,ok,P4 · mmu04519:Cadherin signaling
HYP,CS20230722_SUPT_0446,0446 AHN-SBPV-PVHd Pdrm12 Gaba_1,5,P5,mitochondrion,GOTERM_CC_DIRECT,0.02228915128336658,1.2372869498387695,3,ok,P5 · mitochondrion
HYP,CS20230722_SUPT_0446,0446 AHN-SBPV-PVHd Pdrm12 Gaba_1,6,P6,IPR001849:PH_domain,INTERPRO,0.00240038543360206,2.1502498666554244,6,ok,P6 · IPR001849:PH_domain
HYP,CS20230722_SUPT_0446,0446 AHN-SBPV-PVHd Pdrm12 Gaba_1,7,P7,plasma membrane,GOTERM_CC_DIRECT,3.3419056167748e-4,1.43898868483652,8,ok,P7 · plasma membrane
HYP,CS20230722_SUPT_0446,0446 AHN-SBPV-PVHd Pdrm12 Gaba_1,8,P8,DNA repair,GOTERM_BP_DIRECT,0.00862351434624396,0.8393492739305899,2,ok,P8 · DNA repair
HYP,CS20230722_SUPT_0446,0446 AHN-SBPV-PVHd Pdrm12 Gaba_1,9,P9,membrane,GOTERM_CC_DIRECT,0.0835595367515908,0.6087458123741122,0,ok,P9 · membrane
HYP,CS20230722_SUPT_0446,0446 AHN-SBPV-PVHd Pdrm12 Gaba_1,10,P10,CARBOHYD:N-linked (GlcNAc...) asparagine,UP_SEQ_FEATURE,0.0103307560747866,1.4153438336155255,7,ok,P10 · CARBOHYD:N-linked (GlcNAc...) asparagine
HYP,CS20230722_SUPT_0446,0446 AHN-SBPV-PVHd Pdrm12 Gaba_1,11,P11,CARBOHYD:N-linked (GlcNAc...) asparagine,UP_SEQ_FEATURE,3.6348797314649e-4,1.974456472241693,27,ok,P11 · CARBOHYD:N-linked (GlcNAc...) asparagine
HYP,CS20230722_SUPT_0446,0446 AHN-SBPV-PVHd Pdrm12 Gaba_1,12,P12,IPR001660:SAM,INTERPRO,8.4639187664243e-4,2.9481610170877812,9,ok,P12 · IPR001660:SAM
HYP,CS20230722_SUPT_0446,0446 AHN-SBPV-PVHd Pdrm12 Gaba_1,13,P13,mmu04664:Fc epsilon RI signaling pathway,KEGG_PATHWAY,9.4416027662954e-4,2.0657445774683145,8,ok,P13 · mmu04664:Fc epsilon RI signaling pathway
HYP,CS20230722_SUPT_0446,0446 AHN-SBPV-PVHd Pdrm12 Gaba_1,14,P14,axon,GOTERM_CC_DIRECT,0.00353867813904133,0.8021172055686324,3,ok,P14 · axon
HYP,CS20230722_SUPT_0446,0446 AHN-SBPV-PVHd Pdrm12 Gaba_1,15,P15,sperm flagellum,GOTERM_CC_DIRECT,0.00162422396772577,1.3559185803196223,13,ok,P15 · sperm flagellum
HYP,CS20230722_SUPT_0446,0446 AHN-SBPV-PVHd Pdrm12 Gaba_1,16,P16,CARBOHYD:N-linked (GlcNAc...) asparagine,UP_SEQ_FEATURE,0.00249971548699939,1.117501146515819,8,ok,P16 · CARBOHYD:N-linked (GlcNAc...) asparagine
HYP,CS20230722_SUPT_0446,0446 AHN-SBPV-PVHd Pdrm12 Gaba_1,17,P17,IPR027417:P-loop_NTPase,INTERPRO,0.02636747440683573,0.8584392627534924,1,ok,P17 · IPR027417:P-loop_NTPase
HYP,CS20230722_SUPT_0446,0446 AHN-SBPV-PVHd Pdrm12 Gaba_1,18,P18,molecular_function,GOTERM_MF_DIRECT,0.1942473787437251,0.4405217347115836,0,ok,P18 · molecular_function
HYP,CS20230722_SUPT_0446,0446 AHN-SBPV-PVHd Pdrm12 Gaba_1,19,P19,IPR027417:P-loop_NTPase,INTERPRO,0.01861632936432048,0.7794122313005116,2,ok,P19 · IPR027417:P-loop_NTPase
HYP,CS20230722_SUPT_0447,0447 AHN-SBPV-PVHd Pdrm12 Gaba_2,0,P0,Synapse,UP_KW_CELLULAR_COMPONENT,2.3396847463022e-4,2.195077184971287,46,ok,P0 · Synapse
HYP,CS20230722_SUPT_0447,0447 AHN-SBPV-PVHd Pdrm12 Gaba_2,1,P1,Cell membrane,UP_KW_CELLULAR_COMPONENT,0.01485011433144171,1.154436487742779,5,ok,P1 · Cell membrane
HYP,CS20230722_SUPT_0447,0447 AHN-SBPV-PVHd Pdrm12 Gaba_2,2,P2,regulation of synapse organization,GOTERM_BP_DIRECT,3.352100208557e-4,1.5771754838914216,11,ok,P2 · regulation of synapse organization
HYP,CS20230722_SUPT_0447,0447 AHN-SBPV-PVHd Pdrm12 Gaba_2,3,P3,CARBOHYD:N-linked (GlcNAc...) asparagine,UP_SEQ_FEATURE,8.2167049047339e-4,2.019522547071352,15,ok,P3 · CARBOHYD:N-linked (GlcNAc...) asparagine
HYP,CS20230722_SUPT_0447,0447 AHN-SBPV-PVHd Pdrm12 Gaba_2,4,P4,mmu04080:Neuroactive ligand-receptor interaction,KEGG_PATHWAY,1.139919327502076e-5,1.7572951858120354,24,ok,P4 · mmu04080:Neuroactive ligand-receptor ...
HYP,CS20230722_SUPT_0447,0447 AHN-SBPV-PVHd Pdrm12 Gaba_2,5,P5,axoneme,GOTERM_CC_DIRECT,7.86038394224457e-7,3.908271460891503,13,ok,P5 · axoneme
HYP,CS20230722_SUPT_0447,0447 AHN-SBPV-PVHd Pdrm12 Gaba_2,6,P6,IPR011993:PH-like_dom_sf,INTERPRO,0.00182638126748547,1.8228042269312856,18,ok,P6 · IPR011993:PH-like_dom_sf
HYP,CS20230722_SUPT_0447,0447 AHN-SBPV-PVHd Pdrm12 Gaba_2,7,P7,mmu04062:Chemokine signaling pathway,KEGG_PATHWAY,0.0043136405202814,1.7627626973911494,6,ok,P7 · mmu04062:Chemokine signaling pathway
HYP,CS20230722_SUPT_0447,0447 AHN-SBPV-PVHd Pdrm12 Gaba_2,8,P8,COMPBIAS:Basic residues,UP_SEQ_FEATURE,0.00569537881373993,0.9190027387519027,3,ok,P8 · COMPBIAS:Basic residues
HYP,CS20230722_SUPT_0447,0447 AHN-SBPV-PVHd Pdrm12 Gaba_2,9,P9,mmu05208:Chemical carcinogenesis - reactive oxygen species,KEGG_PATHWAY,0.00596473089970702,0.7747393875910983,1,ok,P9 · mmu05208:Chemical carcinogenesis - re...
HYP,CS20230722_SUPT_0447,0447 AHN-SBPV-PVHd Pdrm12 Gaba_2,10,P10,RNA binding,GOTERM_MF_DIRECT,0.00213139696353759,1.8268195504063252,7,ok,P10 · RNA binding
HYP,CS20230722_SUPT_0447,0447 AHN-SBPV-PVHd Pdrm12 Gaba_2,11,P11,extracellular matrix organization,GOTERM_BP_DIRECT,0.00720415623292236,0.6246215710785081,1,ok,P11 · extracellular matrix organization
HYP,CS20230722_SUPT_0447,0447 AHN-SBPV-PVHd Pdrm12 Gaba_2,12,P12,Ribosomal protein,UP_KW_MOLECULAR_FUNCTION,0.03959328435858783,1.1402763374175768,1,ok,P12 · Ribosomal protein
HYP,CS20230722_SUPT_0447,0447 AHN-SBPV-PVHd Pdrm12 Gaba_2,13,P13,mmu04360:Axon guidance,KEGG_PATHWAY,1.177992707226227e-7,2.4297035374831313,33,ok,P13 · mmu04360:Axon guidance
HYP,CS20230722_SUPT_0447,0447 AHN-SBPV-PVHd Pdrm12 Gaba_2,14,P14,Developmental protein,UP_KW_MOLECULAR_FUNCTION,0.00712799702241924,1.490591323148698,8,ok,P14 · Developmental protein
HYP,CS20230722_SUPT_0447,0447 AHN-SBPV-PVHd Pdrm12 Gaba_2,15,P15,CARBOHYD:N-linked (GlcNAc...) asparagine,UP_SEQ_FEATURE,0.2652863140402396,0.4708776711818643,0,ok,P15 · CARBOHYD:N-linked (GlcNAc...) asparagine
HYP,CS20230722_SUPT_0447,0447 AHN-SBPV-PVHd Pdrm12 Gaba_2,16,P16,protein-containing complex,GOTERM_CC_DIRECT,0.00869620897482379,0.45679727231804,1,ok,P16 · protein-containing complex
HYP,CS20230722_SUPT_0447,0447 AHN-SBPV-PVHd Pdrm12 Gaba_2,17,P17,cell differentiation,GOTERM_BP_DIRECT,0.02272709195073924,1.0399325547657134,3,ok,P17 · cell differentiation
HYP,CS20230722_SUPT_0447,0447 AHN-SBPV-PVHd Pdrm12 Gaba_2,18,P18,COMPBIAS:Basic residues,UP_SEQ_FEATURE,0.00569537881373993,0.854489846650239,2,ok,P18 · COMPBIAS:Basic residues
HYP,CS20230722_SUPT_0447,0447 AHN-SBPV-PVHd Pdrm12 Gaba_2,19,P19,CARBOHYD:N-linked (GlcNAc...) asparagine,UP_SEQ_FEATURE,0.00470899450708344,0.8750336406102546,3,ok,P19 · CARBOHYD:N-linked (GlcNAc...) asparagine
HYP,CS20230722_SUPT_0448,0448 AHN-SBPV-PVHd Pdrm12 Gaba_3,0,P0,Lipoprotein,UP_KW_PTM,0.00105198300060748,1.0113316693197345,4,ok,P0 · Lipoprotein
HYP,CS20230722_SUPT_0448,0448 AHN-SBPV-PVHd Pdrm12 Gaba_3,1,P1,IPR001791:Laminin_G,INTERPRO,4.3758904172988065e-5,2.4432275560643624,65,ok,P1 · IPR001791:Laminin_G
HYP,CS20230722_SUPT_0448,0448 AHN-SBPV-PVHd Pdrm12 Gaba_3,2,P2,Repeat,UP_KW_DOMAIN,0.09969444357836343,0.4467452237393992,0,ok,P2 · Repeat
HYP,CS20230722_SUPT_0448,0448 AHN-SBPV-PVHd Pdrm12 Gaba_3,3,P3,Cell membrane,UP_KW_CELLULAR_COMPONENT,8.7579080294775e-4,1.9497131309785711,13,ok,P3 · Cell membrane
HYP,CS20230722_SUPT_0448,0448 AHN-SBPV-PVHd Pdrm12 Gaba_3,4,P4,ATP binding,GOTERM_MF_DIRECT,0.00181756616095234,2.0248842282061097,21,ok,P4 · ATP binding
HYP,CS20230722_SUPT_0448,0448 AHN-SBPV-PVHd Pdrm12 Gaba_3,5,P5,nucleoplasm,GOTERM_CC_DIRECT,3.8822277317674e-4,0.9383550714559048,3,ok,P5 · nucleoplasm
HYP,CS20230722_SUPT_0448,0448 AHN-SBPV-PVHd Pdrm12 Gaba_3,6,P6,cell morphogenesis,GOTERM_BP_DIRECT,2.198308043247e-4,1.829887999134913,10,ok,P6 · cell morphogenesis
HYP,CS20230722_SUPT_0448,0448 AHN-SBPV-PVHd Pdrm12 Gaba_3,7,P7,positive regulation of DNA-templated transcription,GOTERM_BP_DIRECT,0.00167939552974859,1.2875830443179894,15,ok,P7 · positive regulation of DNA-templated ...
HYP,CS20230722_SUPT_0448,0448 AHN-SBPV-PVHd Pdrm12 Gaba_3,8,P8,Secreted,UP_KW_CELLULAR_COMPONENT,0.05488897280093272,0.8788011474110502,0,ok,P8 · Secreted
HYP,CS20230722_SUPT_0448,0448 AHN-SBPV-PVHd Pdrm12 Gaba_3,9,P9,Transmembrane helix,UP_KW_DOMAIN,0.00385596688261114,1.051761653130614,9,ok,P9 · Transmembrane helix
HYP,CS20230722_SUPT_0448,0448 AHN-SBPV-PVHd Pdrm12 Gaba_3,10,P10,CARBOHYD:N-linked (GlcNAc...) asparagine,UP_SEQ_FEATURE,1.0634567942516e-4,2.9975989625190773,14,ok,P10 · CARBOHYD:N-linked (GlcNAc...) asparagine
HYP,CS20230722_SUPT_0448,0448 AHN-SBPV-PVHd Pdrm12 Gaba_3,11,P11,Calcium,UP_KW_LIGAND,0.05782510576721223,0.5686883110691074,0,ok,P11 · Calcium
HYP,CS20230722_SUPT_0448,0448 AHN-SBPV-PVHd Pdrm12 Gaba_3,12,P12,neuronal cell body,GOTERM_CC_DIRECT,1.0403567237064e-4,1.836264432170806,25,ok,P12 · neuronal cell body
HYP,CS20230722_SUPT_0448,0448 AHN-SBPV-PVHd Pdrm12 Gaba_3,13,P13,Developmental protein,UP_KW_MOLECULAR_FUNCTION,3.275348231118425e-5,2.088418296290502,18,ok,P13 · Developmental protein
HYP,CS20230722_SUPT_0448,0448 AHN-SBPV-PVHd Pdrm12 Gaba_3,14,P14,Cell membrane,UP_KW_CELLULAR_COMPONENT,0.06428315778735474,0.5597053891966636,0,ok,P14 · Cell membrane
HYP,CS20230722_SUPT_0448,0448 AHN-SBPV-PVHd Pdrm12 Gaba_3,15,P15,plasma membrane,GOTERM_CC_DIRECT,0.01537883982311997,1.1966784770463448,9,ok,P15 · plasma membrane
HYP,CS20230722_SUPT_0448,0448 AHN-SBPV-PVHd Pdrm12 Gaba_3,16,P16,axon guidance,GOTERM_BP_DIRECT,2.2103220186116e-4,2.5061215593663206,22,ok,P16 · axon guidance
HYP,CS20230722_SUPT_0448,0448 AHN-SBPV-PVHd Pdrm12 Gaba_3,17,P17,DNA repair,UP_KW_BIOLOGICAL_PROCESS,0.01698516182180755,0.640458052966513,2,ok,P17 · DNA repair
HYP,CS20230722_SUPT_0448,0448 AHN-SBPV-PVHd Pdrm12 Gaba_3,18,P18,nucleoplasm,GOTERM_CC_DIRECT,0.03454909096584344,0.9126457682854644,2,ok,P18 · nucleoplasm
HYP,CS20230722_SUPT_0448,0448 AHN-SBPV-PVHd Pdrm12 Gaba_3,19,P19,cellular response to prostaglandin E stimulus,GOTERM_BP_DIRECT,2.3156428049341e-4,1.935822478559468,15,ok,P19 · cellular response to prostaglandin E ...
HYP,CS20230722_SUPT_0449,0449 AHN-SBPV-PVHd Pdrm12 Gaba_4,0,P0,neuronal cell body,GOTERM_CC_DIRECT,2.474859971813e-4,2.046323502880889,4,ok,P0 · neuronal cell body
HYP,CS20230722_SUPT_0449,0449 AHN-SBPV-PVHd Pdrm12 Gaba_4,1,P1,L-amino acid transmembrane transporter activity,GOTERM_MF_DIRECT,1.9206327895373e-4,1.4306611885606488,5,ok,P1 · L-amino acid transmembrane transporte...
HYP,CS20230722_SUPT_0449,0449 AHN-SBPV-PVHd Pdrm12 Gaba_4,2,P2,ZN_FING:C2H2-type 6,UP_SEQ_FEATURE,0.02604526946637236,0.5730272966833936,3,ok,P2 · ZN_FING:C2H2-type 6
HYP,CS20230722_SUPT_0449,0449 AHN-SBPV-PVHd Pdrm12 Gaba_4,3,P3,molecular_function,GOTERM_MF_DIRECT,0.09455360080422756,0.8163134179839822,0,ok,P3 · molecular_function
HYP,CS20230722_SUPT_0449,0449 AHN-SBPV-PVHd Pdrm12 Gaba_4,4,P4,COMPBIAS:Low complexity,UP_SEQ_FEATURE,0.0033277630088494,0.9709807334493452,7,ok,P4 · COMPBIAS:Low complexity
HYP,CS20230722_SUPT_0449,0449 AHN-SBPV-PVHd Pdrm12 Gaba_4,5,P5,COMPBIAS:Basic and acidic residues,UP_SEQ_FEATURE,0.00485096552473111,1.0876271703360985,2,ok,P5 · COMPBIAS:Basic and acidic residues
HYP,CS20230722_SUPT_0449,0449 AHN-SBPV-PVHd Pdrm12 Gaba_4,6,P6,Glycoprotein,UP_KW_PTM,6.5877740658182e-4,1.547306533149506,16,ok,P6 · Glycoprotein
HYP,CS20230722_SUPT_0449,0449 AHN-SBPV-PVHd Pdrm12 Gaba_4,7,P7,biological_process,GOTERM_BP_DIRECT,0.10103452664520024,0.7064211069810384,0,ok,P7 · biological_process
HYP,CS20230722_SUPT_0449,0449 AHN-SBPV-PVHd Pdrm12 Gaba_4,8,P8,mmu04517:IgSF CAM signaling,KEGG_PATHWAY,0.00228159664668196,1.3884063426929312,12,ok,P8 · mmu04517:IgSF CAM signaling
HYP,CS20230722_SUPT_0449,0449 AHN-SBPV-PVHd Pdrm12 Gaba_4,9,P9,CARBOHYD:N-linked (GlcNAc...) asparagine,UP_SEQ_FEATURE,5.492312336064137e-6,3.506434098257392,20,ok,P9 · CARBOHYD:N-linked (GlcNAc...) asparagine
HYP,CS20230722_SUPT_0449,0449 AHN-SBPV-PVHd Pdrm12 Gaba_4,10,P10,Cell membrane,UP_KW_CELLULAR_COMPONENT,0.01079620606564486,0.9385963553726292,5,ok,P10 · Cell membrane
HYP,CS20230722_SUPT_0449,0449 AHN-SBPV-PVHd Pdrm12 Gaba_4,11,P11,SH3 domain,UP_KW_DOMAIN,0.00820035809422148,1.6883961369851272,13,ok,P11 · SH3 domain
HYP,CS20230722_SUPT_0449,0449 AHN-SBPV-PVHd Pdrm12 Gaba_4,12,P12,neuronal cell body,GOTERM_CC_DIRECT,4.1232907419863e-4,2.457607546001441,9,ok,P12 · neuronal cell body
HYP,CS20230722_SUPT_0449,0449 AHN-SBPV-PVHd Pdrm12 Gaba_4,13,P13,cell cortex,GOTERM_CC_DIRECT,0.00256478026230939,0.8967080875716829,2,ok,P13 · cell cortex
HYP,CS20230722_SUPT_0449,0449 AHN-SBPV-PVHd Pdrm12 Gaba_4,14,P14,nucleus,GOTERM_CC_DIRECT,0.3291435944470179,0.2783809422985634,0,ok,P14 · nucleus
HYP,CS20230722_SUPT_0449,0449 AHN-SBPV-PVHd Pdrm12 Gaba_4,15,P15,site of double-strand break,GOTERM_CC_DIRECT,0.0020841141595436,1.766109092007096,3,ok,P15 · site of double-strand break
HYP,CS20230722_SUPT_0449,0449 AHN-SBPV-PVHd Pdrm12 Gaba_4,16,P16,phosphoric diester hydrolase activity,GOTERM_MF_DIRECT,2.1880057596789e-4,1.5528985726777926,2,ok,P16 · phosphoric diester hydrolase activity
HYP,CS20230722_SUPT_0449,0449 AHN-SBPV-PVHd Pdrm12 Gaba_4,17,P17,Endoplasmic reticulum,UP_KW_CELLULAR_COMPONENT,0.06192703248992037,0.6103826748950578,0,ok,P17 · Endoplasmic reticulum
HYP,CS20230722_SUPT_0449,0449 AHN-SBPV-PVHd Pdrm12 Gaba_4,18,P18,ATP binding,GOTERM_MF_DIRECT,0.08973380686631705,0.7888835844476204,0,ok,P18 · ATP binding
HYP,CS20230722_SUPT_0449,0449 AHN-SBPV-PVHd Pdrm12 Gaba_4,19,P19,CROSSLNK:Glycyl lysine isopeptide (Lys-Gly) (interchain with G-Cter in SUMO2),UP_SEQ_FEATURE,0.24170060537222263,0.4594806094415299,0,ok,P19 · CROSSLNK:Glycyl lysine isopeptide (Ly...
HYP,CS20230722_SUPT_0451,0451 AHN-SBPV-PVHd Pdrm12 Gaba_6,0,P0,DOMAIN:EGF-like,UP_SEQ_FEATURE,0.01469158593107118,1.30371174950672,5,ok,P0 · DOMAIN:EGF-like
HYP,CS20230722_SUPT_0451,0451 AHN-SBPV-PVHd Pdrm12 Gaba_6,1,P1,CARBOHYD:N-linked (GlcNAc...) asparagine,UP_SEQ_FEATURE,0.001491727516084,1.7730104108844684,9,ok,P1 · CARBOHYD:N-linked (GlcNAc...) asparagine
HYP,CS20230722_SUPT_0451,0451 AHN-SBPV-PVHd Pdrm12 Gaba_6,2,P2,IPR001849:PH_domain,INTERPRO,0.01671560240408672,1.639343753146393,5,ok,P2 · IPR001849:PH_domain
HYP,CS20230722_SUPT_0451,0451 AHN-SBPV-PVHd Pdrm12 Gaba_6,3,P3,regulation of DNA-templated transcription,GOTERM_BP_DIRECT,0.08700182228363618,0.4356218175946391,0,ok,P3 · regulation of DNA-templated transcrip...
HYP,CS20230722_SUPT_0451,0451 AHN-SBPV-PVHd Pdrm12 Gaba_6,4,P4,IPR013098:Ig_I-set,INTERPRO,9.0199635830309e-4,1.7446417073881424,6,ok,P4 · IPR013098:Ig_I-set
HYP,CS20230722_SUPT_0451,0451 AHN-SBPV-PVHd Pdrm12 Gaba_6,5,P5,postsynaptic specialization membrane,GOTERM_CC_DIRECT,1.702648369119e-4,1.9319942152921277,63,ok,P5 · postsynaptic specialization membrane
HYP,CS20230722_SUPT_0451,0451 AHN-SBPV-PVHd Pdrm12 Gaba_6,6,P6,cytoplasm,GOTERM_CC_DIRECT,0.06665736049869897,0.5064809298069859,0,ok,P6 · cytoplasm
HYP,CS20230722_SUPT_0451,0451 AHN-SBPV-PVHd Pdrm12 Gaba_6,7,P7,Developmental protein,UP_KW_MOLECULAR_FUNCTION,1.9203548809546e-4,3.0068246134916676,15,ok,P7 · Developmental protein
HYP,CS20230722_SUPT_0451,0451 AHN-SBPV-PVHd Pdrm12 Gaba_6,8,P8,mmu04081:Hormone signaling,KEGG_PATHWAY,0.03016777739660852,0.985265990222917,2,ok,P8 · mmu04081:Hormone signaling
HYP,CS20230722_SUPT_0451,0451 AHN-SBPV-PVHd Pdrm12 Gaba_6,9,P9,mmu04080:Neuroactive ligand-receptor interaction,KEGG_PATHWAY,0.00135776113960535,2.0045770344156444,5,ok,P9 · mmu04080:Neuroactive ligand-receptor ...
HYP,CS20230722_SUPT_0451,0451 AHN-SBPV-PVHd Pdrm12 Gaba_6,10,P10,neuronal cell body,GOTERM_CC_DIRECT,8.2246286045686e-4,2.4956355056734316,15,ok,P10 · neuronal cell body
HYP,CS20230722_SUPT_0451,0451 AHN-SBPV-PVHd Pdrm12 Gaba_6,11,P11,TOPO_DOM:Extracellular,UP_SEQ_FEATURE,6.997880768706613e-6,3.1197351005004035,31,ok,P11 · TOPO_DOM:Extracellular
HYP,CS20230722_SUPT_0451,0451 AHN-SBPV-PVHd Pdrm12 Gaba_6,12,P12,regulation of synapse organization,GOTERM_BP_DIRECT,1.4345050718268364e-6,1.8749432435238256,8,ok,P12 · regulation of synapse organization
HYP,CS20230722_SUPT_0451,0451 AHN-SBPV-PVHd Pdrm12 Gaba_6,13,P13,Guanine-nucleotide releasing factor,UP_KW_MOLECULAR_FUNCTION,0.0090713083340516,1.9585098368967095,13,ok,P13 · Guanine-nucleotide releasing factor
HYP,CS20230722_SUPT_0451,0451 AHN-SBPV-PVHd Pdrm12 Gaba_6,14,P14,molecular_function,GOTERM_MF_DIRECT,0.10099990226823138,0.4789898084868846,0,ok,P14 · molecular_function
HYP,CS20230722_SUPT_0451,0451 AHN-SBPV-PVHd Pdrm12 Gaba_6,15,P15,mitochondrial inner membrane,GOTERM_CC_DIRECT,8.3151116455461e-4,2.5009631349301302,5,ok,P15 · mitochondrial inner membrane
HYP,CS20230722_SUPT_0451,0451 AHN-SBPV-PVHd Pdrm12 Gaba_6,16,P16,Glycoprotein,UP_KW_PTM,0.00146387630501979,1.198200008368124,5,ok,P16 · Glycoprotein
HYP,CS20230722_SUPT_0451,0451 AHN-SBPV-PVHd Pdrm12 Gaba_6,17,P17,cell adhesion,GOTERM_BP_DIRECT,0.01516541287195972,0.7219793486938815,2,ok,P17 · cell adhesion
HYP,CS20230722_SUPT_0451,0451 AHN-SBPV-PVHd Pdrm12 Gaba_6,18,P18,ATP binding,GOTERM_MF_DIRECT,0.15213212905120657,0.4602214263364843,0,ok,P18 · ATP binding
HYP,CS20230722_SUPT_0451,0451 AHN-SBPV-PVHd Pdrm12 Gaba_6,19,P19,nucleoplasm,GOTERM_CC_DIRECT,0.00437609673480021,1.01262870515827,2,ok,P19 · nucleoplasm
HYP,CS20230722_SUPT_0452,0452 AHN-SBPV-PVHd Pdrm12 Gaba_7,0,P0,Synapse,UP_KW_CELLULAR_COMPONENT,6.14664436407727e-6,3.6585849434678583,25,ok,P0 · Synapse
HYP,CS20230722_SUPT_0452,0452 AHN-SBPV-PVHd Pdrm12 Gaba_7,1,P1,Cell membrane,UP_KW_CELLULAR_COMPONENT,1.208733785745e-4,0.9635119394735728,6,ok,P1 · Cell membrane
HYP,CS20230722_SUPT_0452,0452 AHN-SBPV-PVHd Pdrm12 Gaba_7,2,P2,Ion transport,UP_KW_BIOLOGICAL_PROCESS,0.0616883325395135,0.28642393025005713,0,ok,P2 · Ion transport
HYP,CS20230722_SUPT_0452,0452 AHN-SBPV-PVHd Pdrm12 Gaba_7,3,P3,Cell membrane,UP_KW_CELLULAR_COMPONENT,0.00553459369409695,1.6511207988416692,2,ok,P3 · Cell membrane
HYP,CS20230722_SUPT_0452,0452 AHN-SBPV-PVHd Pdrm12 Gaba_7,4,P4,nucleus,GOTERM_CC_DIRECT,0.00143326686737308,1.7916506108088937,5,ok,P4 · nucleus
HYP,CS20230722_SUPT_0452,0452 AHN-SBPV-PVHd Pdrm12 Gaba_7,5,P5,Golgi membrane,GOTERM_CC_DIRECT,0.01281031050214299,1.192493002022237,6,ok,P5 · Golgi membrane
HYP,CS20230722_SUPT_0452,0452 AHN-SBPV-PVHd Pdrm12 Gaba_7,6,P6,cytoplasm,GOTERM_CC_DIRECT,0.03539736227560139,0.7452684869993866,1,ok,P6 · cytoplasm
HYP,CS20230722_SUPT_0452,0452 AHN-SBPV-PVHd Pdrm12 Gaba_7,7,P7,CARBOHYD:N-linked (GlcNAc...) asparagine,UP_SEQ_FEATURE,0.00173823668592461,1.3458379229711854,12,ok,P7 · CARBOHYD:N-linked (GlcNAc...) asparagine
HYP,CS20230722_SUPT_0452,0452 AHN-SBPV-PVHd Pdrm12 Gaba_7,8,P8,DOMAIN:C2,UP_SEQ_FEATURE,1.576356587483667e-5,3.4158949247124224,17,ok,P8 · DOMAIN:C2
HYP,CS20230722_SUPT_0452,0452 AHN-SBPV-PVHd Pdrm12 Gaba_7,9,P9,extracellular matrix,GOTERM_CC_DIRECT,2.9945059221736e-4,1.4120701443878212,7,ok,P9 · extracellular matrix
HYP,CS20230722_SUPT_0452,0452 AHN-SBPV-PVHd Pdrm12 Gaba_7,10,P10,Nucleotide-binding,UP_KW_LIGAND,0.01531529141565339,1.257103231418767,2,ok,P10 · Nucleotide-binding
HYP,CS20230722_SUPT_0452,0452 AHN-SBPV-PVHd Pdrm12 Gaba_7,11,P11,COMPBIAS:Polar residues,UP_SEQ_FEATURE,0.01529704373130666,1.7279554793707297,10,ok,P11 · COMPBIAS:Polar residues
HYP,CS20230722_SUPT_0452,0452 AHN-SBPV-PVHd Pdrm12 Gaba_7,12,P12,nucleus,GOTERM_CC_DIRECT,0.15583473104790158,0.44933219225815935,0,ok,P12 · nucleus
HYP,CS20230722_SUPT_0452,0452 AHN-SBPV-PVHd Pdrm12 Gaba_7,13,P13,mmu04080:Neuroactive ligand-receptor interaction,KEGG_PATHWAY,4.0462601008793e-4,1.656284185505608,19,ok,P13 · mmu04080:Neuroactive ligand-receptor ...
HYP,CS20230722_SUPT_0452,0452 AHN-SBPV-PVHd Pdrm12 Gaba_7,14,P14,transcription coactivator binding,GOTERM_MF_DIRECT,9.1652304684517e-4,0.97782307700581,3,ok,P14 · transcription coactivator binding
HYP,CS20230722_SUPT_0452,0452 AHN-SBPV-PVHd Pdrm12 Gaba_7,15,P15,outflow tract morphogenesis,GOTERM_BP_DIRECT,0.00104878705191952,1.944244966989107,17,ok,P15 · outflow tract morphogenesis
HYP,CS20230722_SUPT_0452,0452 AHN-SBPV-PVHd Pdrm12 Gaba_7,16,P16,Repressor,UP_KW_MOLECULAR_FUNCTION,0.07611406672458283,0.5806338451182537,0,ok,P16 · Repressor
HYP,CS20230722_SUPT_0452,0452 AHN-SBPV-PVHd Pdrm12 Gaba_7,17,P17,Wnt signaling pathway,GOTERM_BP_DIRECT,1.3951437910152e-4,2.75560689278055,18,ok,P17 · Wnt signaling pathway
HYP,CS20230722_SUPT_0452,0452 AHN-SBPV-PVHd Pdrm12 Gaba_7,18,P18,sperm flagellum,GOTERM_CC_DIRECT,1.6682268808624e-4,1.83246077387168,23,ok,P18 · sperm flagellum
HYP,CS20230722_SUPT_0452,0452 AHN-SBPV-PVHd Pdrm12 Gaba_7,19,P19,CARBOHYD:N-linked (GlcNAc...) asparagine,UP_SEQ_FEATURE,0.0487952654119389,0.877461868176185,1,ok,P19 · CARBOHYD:N-linked (GlcNAc...) asparagine
HYP,CS20230722_SUPT_0454,0454 SBPV-PVa Six6 Satb2 Gaba_2,0,P0,Zinc-finger,UP_KW_DOMAIN,0.17420381381268712,0.2939189856045438,0,ok,P0 · Zinc-finger
HYP,CS20230722_SUPT_0454,0454 SBPV-PVa Six6 Satb2 Gaba_2,1,P1,Glycoprotein,UP_KW_PTM,9.082181545176604e-7,2.045585453508916,39,ok,P1 · Glycoprotein
HYP,CS20230722_SUPT_0454,0454 SBPV-PVa Six6 Satb2 Gaba_2,2,P2,plasma membrane,GOTERM_CC_DIRECT,0.0010339854649354,1.488228476048429,12,ok,P2 · plasma membrane
HYP,CS20230722_SUPT_0454,0454 SBPV-PVa Six6 Satb2 Gaba_2,3,P3,Apoptosis,UP_KW_BIOLOGICAL_PROCESS,0.00102549861986958,1.6398922677334815,19,ok,P3 · Apoptosis
HYP,CS20230722_SUPT_0454,0454 SBPV-PVa Six6 Satb2 Gaba_2,4,P4,cell morphogenesis,GOTERM_BP_DIRECT,1.8921088513878e-4,1.8142838726138943,12,ok,P4 · cell morphogenesis
HYP,CS20230722_SUPT_0454,0454 SBPV-PVa Six6 Satb2 Gaba_2,5,P5,cytoplasm,GOTERM_CC_DIRECT,0.00956569416103655,0.5768222856637653,2,ok,P5 · cytoplasm
HYP,CS20230722_SUPT_0454,0454 SBPV-PVa Six6 Satb2 Gaba_2,6,P6,Endosome,UP_KW_CELLULAR_COMPONENT,0.02922955517732436,0.7873072100245013,1,ok,P6 · Endosome
HYP,CS20230722_SUPT_0454,0454 SBPV-PVa Six6 Satb2 Gaba_2,7,P7,chloride transmembrane transport,GOTERM_BP_DIRECT,2.6999526783392e-4,2.1687092690352854,13,ok,P7 · chloride transmembrane transport
HYP,CS20230722_SUPT_0454,0454 SBPV-PVa Six6 Satb2 Gaba_2,8,P8,Secreted,UP_KW_CELLULAR_COMPONENT,0.00289639154426611,0.7542717520785162,6,ok,P8 · Secreted
HYP,CS20230722_SUPT_0454,0454 SBPV-PVa Six6 Satb2 Gaba_2,9,P9,zinc ion binding,GOTERM_MF_DIRECT,0.00875510953943064,1.1606701266127677,11,ok,P9 · zinc ion binding
HYP,CS20230722_SUPT_0454,0454 SBPV-PVa Six6 Satb2 Gaba_2,10,P10,axon guidance,GOTERM_BP_DIRECT,0.00298474130901793,1.313397926279443,9,ok,P10 · axon guidance
HYP,CS20230722_SUPT_0454,0454 SBPV-PVa Six6 Satb2 Gaba_2,11,P11,neuron differentiation,GOTERM_BP_DIRECT,0.00399001385526389,1.3541108098525017,15,ok,P11 · neuron differentiation
HYP,CS20230722_SUPT_0454,0454 SBPV-PVa Six6 Satb2 Gaba_2,12,P12,positive regulation of transcription by RNA polymerase II,GOTERM_BP_DIRECT,0.08456492499638327,0.6467709577347289,0,ok,P12 · positive regulation of transcription ...
HYP,CS20230722_SUPT_0454,0454 SBPV-PVa Six6 Satb2 Gaba_2,13,P13,DNA-binding,UP_KW_MOLECULAR_FUNCTION,0.02264330133863598,1.2691069669517885,5,ok,P13 · DNA-binding
HYP,CS20230722_SUPT_0454,0454 SBPV-PVa Six6 Satb2 Gaba_2,14,P14,protein autophosphorylation,GOTERM_BP_DIRECT,8.00350146259312e-6,1.576222251684069,23,ok,P14 · protein autophosphorylation
HYP,CS20230722_SUPT_0454,0454 SBPV-PVa Six6 Satb2 Gaba_2,15,P15,transmembrane signaling receptor activity,GOTERM_MF_DIRECT,7.4711053631784e-4,1.073372441448638,11,ok,P15 · transmembrane signaling receptor acti...
HYP,CS20230722_SUPT_0454,0454 SBPV-PVa Six6 Satb2 Gaba_2,16,P16,Lipid degradation,UP_KW_BIOLOGICAL_PROCESS,0.01953517726232271,0.934547800125474,2,ok,P16 · Lipid degradation
HYP,CS20230722_SUPT_0454,0454 SBPV-PVa Six6 Satb2 Gaba_2,17,P17,Metal-binding,UP_KW_LIGAND,0.562588106999669,0.21059605871576512,0,ok,P17 · Metal-binding
HYP,CS20230722_SUPT_0454,0454 SBPV-PVa Six6 Satb2 Gaba_2,18,P18,mmu01100:Metabolic pathways,KEGG_PATHWAY,0.00331781366828599,1.5169663259875037,3,ok,P18 · mmu01100:Metabolic pathways
HYP,CS20230722_SUPT_0454,0454 SBPV-PVa Six6 Satb2 Gaba_2,19,P19,DOMAIN:C2 1,UP_SEQ_FEATURE,0.00144033121344631,2.3673084232654147,13,ok,P19 · DOMAIN:C2 1
HYP,CS20230722_SUPT_0455,0455 SBPV-PVa Six6 Satb2 Gaba_3,0,P0,glutamatergic synapse,GOTERM_CC_DIRECT,6.5867731669659e-4,1.744508659628432,31,ok,P0 · glutamatergic synapse
HYP,CS20230722_SUPT_0455,0455 SBPV-PVa Six6 Satb2 Gaba_3,1,P1,Developmental protein,UP_KW_MOLECULAR_FUNCTION,0.04596708992203803,1.1727462429245517,2,ok,P1 · Developmental protein
HYP,CS20230722_SUPT_0455,0455 SBPV-PVa Six6 Satb2 Gaba_3,2,P2,CARBOHYD:N-linked (GlcNAc...) asparagine,UP_SEQ_FEATURE,9.901458138543067e-10,4.325507278725285,50,ok,P2 · CARBOHYD:N-linked (GlcNAc...) asparagine
HYP,CS20230722_SUPT_0455,0455 SBPV-PVa Six6 Satb2 Gaba_3,3,P3,Zinc-finger,UP_KW_DOMAIN,0.02751004227112729,1.176206420943984,2,ok,P3 · Zinc-finger
HYP,CS20230722_SUPT_0455,0455 SBPV-PVa Six6 Satb2 Gaba_3,4,P4,Golgi membrane,GOTERM_CC_DIRECT,0.02793864576183709,1.0199738195332662,2,ok,P4 · Golgi membrane
HYP,CS20230722_SUPT_0455,0455 SBPV-PVa Six6 Satb2 Gaba_3,5,P5,mitochondrial matrix,GOTERM_CC_DIRECT,0.03027740143678576,0.8833168743008285,1,ok,P5 · mitochondrial matrix
HYP,CS20230722_SUPT_0455,0455 SBPV-PVa Six6 Satb2 Gaba_3,6,P6,cellular response to retinoic acid,GOTERM_BP_DIRECT,4.4689268429024e-4,1.6031581491444915,23,ok,P6 · cellular response to retinoic acid
HYP,CS20230722_SUPT_0455,0455 SBPV-PVa Six6 Satb2 Gaba_3,7,P7,DOMAIN:EF-hand,UP_SEQ_FEATURE,0.00813121450072928,1.5412025385102577,13,ok,P7 · DOMAIN:EF-hand
HYP,CS20230722_SUPT_0455,0455 SBPV-PVa Six6 Satb2 Gaba_3,8,P8,Zinc-finger,UP_KW_DOMAIN,0.17420381381268712,0.45650303410393,0,ok,P8 · Zinc-finger
HYP,CS20230722_SUPT_0455,0455 SBPV-PVa Six6 Satb2 Gaba_3,9,P9,protein binding,GOTERM_MF_DIRECT,0.18163717272652097,0.4011556327338529,0,ok,P9 · protein binding
HYP,CS20230722_SUPT_0455,0455 SBPV-PVa Six6 Satb2 Gaba_3,10,P10,regulation of gene expression,GOTERM_BP_DIRECT,0.00190159641056943,1.6177760342654048,6,ok,P10 · regulation of gene expression
HYP,CS20230722_SUPT_0455,0455 SBPV-PVa Six6 Satb2 Gaba_3,11,P11,IPR011993:PH-like_dom_sf,INTERPRO,0.00137400830820801,2.2526472087531824,7,ok,P11 · IPR011993:PH-like_dom_sf
HYP,CS20230722_SUPT_0455,0455 SBPV-PVa Six6 Satb2 Gaba_3,12,P12,signaling receptor complex,GOTERM_CC_DIRECT,4.7508636488916e-4,1.3781850897342804,11,ok,P12 · signaling receptor complex
HYP,CS20230722_SUPT_0455,0455 SBPV-PVa Six6 Satb2 Gaba_3,13,P13,CARBOHYD:N-linked (GlcNAc...) asparagine,UP_SEQ_FEATURE,5.3812206952191e-4,1.3789938194051123,12,ok,P13 · CARBOHYD:N-linked (GlcNAc...) asparagine
HYP,CS20230722_SUPT_0455,0455 SBPV-PVa Six6 Satb2 Gaba_3,14,P14,Cell projection,UP_KW_CELLULAR_COMPONENT,0.01008292081629816,0.925446343914998,5,ok,P14 · Cell projection
HYP,CS20230722_SUPT_0455,0455 SBPV-PVa Six6 Satb2 Gaba_3,15,P15,TOPO_DOM:Cytoplasmic,UP_SEQ_FEATURE,1.9344260032057516e-6,2.260872828261384,18,ok,P15 · TOPO_DOM:Cytoplasmic
HYP,CS20230722_SUPT_0455,0455 SBPV-PVa Six6 Satb2 Gaba_3,16,P16,DNA repair,GOTERM_BP_DIRECT,0.06347196405414975,1.0769039777560314,0,ok,P16 · DNA repair
HYP,CS20230722_SUPT_0455,0455 SBPV-PVa Six6 Satb2 Gaba_3,17,P17,perikaryon,GOTERM_CC_DIRECT,0.00307481519496864,0.7100138465663474,4,ok,P17 · perikaryon
HYP,CS20230722_SUPT_0455,0455 SBPV-PVa Six6 Satb2 Gaba_3,18,P18,intracellular signal transduction,GOTERM_BP_DIRECT,0.01082843797784965,0.7477727900158864,2,ok,P18 · intracellular signal transduction
HYP,CS20230722_SUPT_0455,0455 SBPV-PVa Six6 Satb2 Gaba_3,19,P19,TOPO_DOM:Lumenal,UP_SEQ_FEATURE,0.10827170703146044,0.4679346951928131,0,ok,P19 · TOPO_DOM:Lumenal
HYP,CS20230722_SUPT_0456,0456 AHN Onecut3 Gaba_1,0,P0,regulation of synapse organization,GOTERM_BP_DIRECT,4.819761471059405e-6,2.875387656243724,25,ok,P0 · regulation of synapse organization
HYP,CS20230722_SUPT_0456,0456 AHN Onecut3 Gaba_1,1,P1,mRNA transcription by RNA polymerase II,GOTERM_BP_DIRECT,0.00152824015508806,0.956462588444948,4,ok,P1 · mRNA transcription by RNA polymerase II
HYP,CS20230722_SUPT_0456,0456 AHN Onecut3 Gaba_1,2,P2,Cell projection,UP_KW_CELLULAR_COMPONENT,0.00339157413775154,1.2290643460801154,2,ok,P2 · Cell projection
HYP,CS20230722_SUPT_0456,0456 AHN Onecut3 Gaba_1,3,P3,Glycoprotein,UP_KW_PTM,0.08030527556099759,0.661481971568229,0,ok,P3 · Glycoprotein
HYP,CS20230722_SUPT_0456,0456 AHN Onecut3 Gaba_1,4,P4,cellular_component,GOTERM_CC_DIRECT,0.36896411796649353,0.342921541652022,0,ok,P4 · cellular_component
HYP,CS20230722_SUPT_0456,0456 AHN Onecut3 Gaba_1,5,P5,CARBOHYD:N-linked (GlcNAc...) asparagine,UP_SEQ_FEATURE,7.5419393411567825e-06,2.595257254365203,14,ok,P5 · CARBOHYD:N-linked (GlcNAc...) asparagine
HYP,CS20230722_SUPT_0456,0456 AHN Onecut3 Gaba_1,6,P6,COMPBIAS:Pro residues,UP_SEQ_FEATURE,0.1212332028927541,0.612255340982785,0,ok,P6 · COMPBIAS:Pro residues
HYP,CS20230722_SUPT_0456,0456 AHN Onecut3 Gaba_1,7,P7,TOPO_DOM:Cytoplasmic,UP_SEQ_FEATURE,0.00624927604797348,1.3048355845296746,9,ok,P7 · TOPO_DOM:Cytoplasmic
HYP,CS20230722_SUPT_0456,0456 AHN Onecut3 Gaba_1,8,P8,Transcription regulation,UP_KW_BIOLOGICAL_PROCESS,0.07344614996248966,0.6394881839174315,0,ok,P8 · Transcription regulation
HYP,CS20230722_SUPT_0456,0456 AHN Onecut3 Gaba_1,9,P9,intracellular receptor signaling pathway,GOTERM_BP_DIRECT,0.00103856496741651,1.3744382196956624,26,ok,P9 · intracellular receptor signaling pathway
HYP,CS20230722_SUPT_0456,0456 AHN Onecut3 Gaba_1,10,P10,plasma membrane,GOTERM_CC_DIRECT,0.00674390930072884,1.2232691699475675,5,ok,P10 · plasma membrane
HYP,CS20230722_SUPT_0456,0456 AHN Onecut3 Gaba_1,11,P11,Phosphoprotein,UP_KW_PTM,8.5639161098854e-4,2.250717491348096,11,ok,P11 · Phosphoprotein
HYP,CS20230722_SUPT_0456,0456 AHN Onecut3 Gaba_1,12,P12,Cell membrane,UP_KW_CELLULAR_COMPONENT,8.713046787489767e-5,1.6547434283394522,9,ok,P12 · Cell membrane
HYP,CS20230722_SUPT_0456,0456 AHN Onecut3 Gaba_1,13,P13,extracellular region,GOTERM_CC_DIRECT,0.00461034296553237,1.4890247161437136,7,ok,P13 · extracellular region
HYP,CS20230722_SUPT_0456,0456 AHN Onecut3 Gaba_1,14,P14,calcium ion binding,GOTERM_MF_DIRECT,0.00132060946058743,1.4242669268740442,19,ok,P14 · calcium ion binding
HYP,CS20230722_SUPT_0456,0456 AHN Onecut3 Gaba_1,15,P15,IPR000742:EGF,INTERPRO,1.1895443695915e-4,2.1070794692052597,61,ok,P15 · IPR000742:EGF
HYP,CS20230722_SUPT_0456,0456 AHN Onecut3 Gaba_1,16,P16,Cell membrane,UP_KW_CELLULAR_COMPONENT,0.06455735237518102,0.7527067829261476,0,ok,P16 · Cell membrane
HYP,CS20230722_SUPT_0456,0456 AHN Onecut3 Gaba_1,17,P17,Glycoprotein,UP_KW_PTM,0.01124543474836013,1.09163203544583,1,ok,P17 · Glycoprotein
HYP,CS20230722_SUPT_0456,0456 AHN Onecut3 Gaba_1,18,P18,Cell projection,UP_KW_CELLULAR_COMPONENT,0.01414040054913748,0.8781832841074235,4,ok,P18 · Cell projection
HYP,CS20230722_SUPT_0456,0456 AHN Onecut3 Gaba_1,19,P19,cytoplasm,GOTERM_CC_DIRECT,0.01141837603605073,1.1723752410832984,5,ok,P19 · cytoplasm
HYP,CS20230722_SUPT_0457,0457 AHN Onecut3 Gaba_2,0,P0,membrane,GOTERM_CC_DIRECT,0.19245222296705872,0.3233807563676467,0,ok,P0 · membrane
HYP,CS20230722_SUPT_0457,0457 AHN Onecut3 Gaba_2,1,P1,CARBOHYD:N-linked (GlcNAc...) asparagine,UP_SEQ_FEATURE,0.00128027162050519,1.4387720647166629,13,ok,P1 · CARBOHYD:N-linked (GlcNAc...) asparagine
HYP,CS20230722_SUPT_0457,0457 AHN Onecut3 Gaba_2,2,P2,L-amino acid transmembrane transporter activity,GOTERM_MF_DIRECT,1.3208920488741e-4,2.1191322292578607,14,ok,P2 · L-amino acid transmembrane transporte...
HYP,CS20230722_SUPT_0457,0457 AHN Onecut3 Gaba_2,3,P3,IPR001628:Znf_hrmn_rcpt,INTERPRO,0.00686897795071287,1.5897233715729402,28,ok,P3 · IPR001628:Znf_hrmn_rcpt
HYP,CS20230722_SUPT_0457,0457 AHN Onecut3 Gaba_2,4,P4,ATP binding,GOTERM_MF_DIRECT,0.02224790652177084,0.7282033767101618,1,ok,P4 · ATP binding
HYP,CS20230722_SUPT_0457,0457 AHN Onecut3 Gaba_2,5,P5,Cell adhesion,UP_KW_BIOLOGICAL_PROCESS,0.00142620790700293,1.6185264208397476,20,ok,P5 · Cell adhesion
HYP,CS20230722_SUPT_0457,0457 AHN Onecut3 Gaba_2,6,P6,plasma membrane,GOTERM_CC_DIRECT,6.646935977766151e-5,2.358605244059263,26,ok,P6 · plasma membrane
HYP,CS20230722_SUPT_0457,0457 AHN Onecut3 Gaba_2,7,P7,Cell membrane,UP_KW_CELLULAR_COMPONENT,0.00525888418906467,1.360032802879624,6,ok,P7 · Cell membrane
HYP,CS20230722_SUPT_0457,0457 AHN Onecut3 Gaba_2,8,P8,Transmembrane helix,UP_KW_DOMAIN,0.25570823476336974,0.3128025859818121,0,ok,P8 · Transmembrane helix
HYP,CS20230722_SUPT_0457,0457 AHN Onecut3 Gaba_2,9,P9,CARBOHYD:N-linked (GlcNAc...) asparagine,UP_SEQ_FEATURE,4.5422752371137e-4,2.202903481963361,19,ok,P9 · CARBOHYD:N-linked (GlcNAc...) asparagine
HYP,CS20230722_SUPT_0457,0457 AHN Onecut3 Gaba_2,10,P10,cell differentiation,GOTERM_BP_DIRECT,3.7761808704901e-4,2.526305306763179,18,ok,P10 · cell differentiation
HYP,CS20230722_SUPT_0457,0457 AHN Onecut3 Gaba_2,11,P11,plasma membrane,GOTERM_CC_DIRECT,8.821668345451507e-7,4.504462044599793,24,ok,P11 · plasma membrane
HYP,CS20230722_SUPT_0457,0457 AHN Onecut3 Gaba_2,12,P12,nucleoplasm,GOTERM_CC_DIRECT,0.03125484304364363,1.1130721665417151,1,ok,P12 · nucleoplasm
HYP,CS20230722_SUPT_0457,0457 AHN Onecut3 Gaba_2,13,P13,cell surface receptor signaling pathway,GOTERM_BP_DIRECT,0.00517776539636283,0.8610459453465911,4,ok,P13 · cell surface receptor signaling pathway
HYP,CS20230722_SUPT_0457,0457 AHN Onecut3 Gaba_2,14,P14,Ion channel,UP_KW_MOLECULAR_FUNCTION,0.01272608249454212,1.3515864840569085,8,ok,P14 · Ion channel
HYP,CS20230722_SUPT_0457,0457 AHN Onecut3 Gaba_2,15,P15,wound healing,GOTERM_BP_DIRECT,7.0520664806051e-4,2.206635980341386,14,ok,P15 · wound healing
HYP,CS20230722_SUPT_0457,0457 AHN Onecut3 Gaba_2,16,P16,Membrane,UP_KW_CELLULAR_COMPONENT,0.11598865189448268,0.6680802852895557,0,ok,P16 · Membrane
HYP,CS20230722_SUPT_0457,0457 AHN Onecut3 Gaba_2,17,P17,cytoplasm,GOTERM_CC_DIRECT,0.05595412334278629,0.4728673179549359,0,ok,P17 · cytoplasm
HYP,CS20230722_SUPT_0457,0457 AHN Onecut3 Gaba_2,18,P18,Cell adhesion,UP_KW_BIOLOGICAL_PROCESS,0.01497302986057439,0.7792421327503009,3,ok,P18 · Cell adhesion
HYP,CS20230722_SUPT_0457,0457 AHN Onecut3 Gaba_2,19,P19,COMPBIAS:Polar residues,UP_SEQ_FEATURE,0.11830336379372568,0.46904930652093835,0,ok,P19 · COMPBIAS:Polar residues
HYP,CS20230722_SUPT_0458,0458 AHN Onecut3 Gaba_3,0,P0,vasodilation,GOTERM_BP_DIRECT,5.1232110372995e-4,1.631965381597228,5,ok,P0 · vasodilation
HYP,CS20230722_SUPT_0458,0458 AHN Onecut3 Gaba_3,1,P1,SM00326:SH3,SMART,0.00316466632440258,2.171331198000436,14,ok,P1 · SM00326:SH3
HYP,CS20230722_SUPT_0458,0458 AHN Onecut3 Gaba_3,2,P2,Cell membrane,UP_KW_CELLULAR_COMPONENT,0.06428315778735474,0.6069756612751837,0,ok,P2 · Cell membrane
HYP,CS20230722_SUPT_0458,0458 AHN Onecut3 Gaba_3,3,P3,neuronal cell body,GOTERM_CC_DIRECT,1.253498661171e-4,2.488393964502977,34,ok,P3 · neuronal cell body
HYP,CS20230722_SUPT_0458,0458 AHN Onecut3 Gaba_3,4,P4,mmu04010:MAPK signaling pathway,KEGG_PATHWAY,0.00211172755764857,1.1920168090384098,3,ok,P4 · mmu04010:MAPK signaling pathway
HYP,CS20230722_SUPT_0458,0458 AHN Onecut3 Gaba_3,5,P5,plasma membrane,GOTERM_CC_DIRECT,0.01336457537318572,1.4494787397472024,5,ok,P5 · plasma membrane
HYP,CS20230722_SUPT_0458,0458 AHN Onecut3 Gaba_3,6,P6,regulation of synapse organization,GOTERM_BP_DIRECT,4.166885191483239e-6,2.8903936573672087,13,ok,P6 · regulation of synapse organization
HYP,CS20230722_SUPT_0458,0458 AHN Onecut3 Gaba_3,7,P7,Disulfide bond,UP_KW_PTM,0.00102125309267515,1.222051910944581,9,ok,P7 · Disulfide bond
HYP,CS20230722_SUPT_0458,0458 AHN Onecut3 Gaba_3,8,P8,postsynaptic membrane,GOTERM_CC_DIRECT,5.053368376420451e-7,2.384099710793428,51,ok,P8 · postsynaptic membrane
HYP,CS20230722_SUPT_0458,0458 AHN Onecut3 Gaba_3,9,P9,Transcription regulation,UP_KW_BIOLOGICAL_PROCESS,0.00148803014009012,1.3266729100718588,9,ok,P9 · Transcription regulation
HYP,CS20230722_SUPT_0458,0458 AHN Onecut3 Gaba_3,10,P10,Repeat,UP_KW_DOMAIN,1.0549098706775e-4,1.8383926044212064,12,ok,P10 · Repeat
HYP,CS20230722_SUPT_0458,0458 AHN Onecut3 Gaba_3,11,P11,molecular_function,GOTERM_MF_DIRECT,0.00934895611346527,1.3501891339009973,2,ok,P11 · molecular_function
HYP,CS20230722_SUPT_0458,0458 AHN Onecut3 Gaba_3,12,P12,Extracellular matrix,UP_KW_CELLULAR_COMPONENT,0.0155655035613375,0.9100059663481814,2,ok,P12 · Extracellular matrix
HYP,CS20230722_SUPT_0458,0458 AHN Onecut3 Gaba_3,13,P13,mmu05202:Transcriptional misregulation in cancer,KEGG_PATHWAY,0.00109730031262981,1.0184502456996134,7,ok,P13 · mmu05202:Transcriptional misregulatio...
HYP,CS20230722_SUPT_0458,0458 AHN Onecut3 Gaba_3,14,P14,cellular response to hormone stimulus,GOTERM_BP_DIRECT,4.1223850671131e-4,0.636437716323464,3,ok,P14 · cellular response to hormone stimulus
HYP,CS20230722_SUPT_0458,0458 AHN Onecut3 Gaba_3,15,P15,plasma membrane,GOTERM_CC_DIRECT,8.8670664641013e-4,1.2016384028155,8,ok,P15 · plasma membrane
HYP,CS20230722_SUPT_0458,0458 AHN Onecut3 Gaba_3,16,P16,CARBOHYD:N-linked (GlcNAc...) asparagine,UP_SEQ_FEATURE,0.00913874499945136,1.2272170042929722,6,ok,P16 · CARBOHYD:N-linked (GlcNAc...) asparagine
HYP,CS20230722_SUPT_0458,0458 AHN Onecut3 Gaba_3,17,P17,cytoplasm,GOTERM_CC_DIRECT,0.1274792635787576,0.6430095554420393,0,ok,P17 · cytoplasm
HYP,CS20230722_SUPT_0458,0458 AHN Onecut3 Gaba_3,18,P18,COMPBIAS:Low complexity,UP_SEQ_FEATURE,0.01447654431122569,1.0602969115837586,3,ok,P18 · COMPBIAS:Low complexity
HYP,CS20230722_SUPT_0458,0458 AHN Onecut3 Gaba_3,19,P19,9+2 motile cilium,GOTERM_CC_DIRECT,1.284971751449e-4,2.76128835218158,12,ok,P19 · 9+2 motile cilium
HYP,CS20230722_SUPT_0459,0459 ZI Pax6 Gaba_1,0,P0,intracellular signal transduction,GOTERM_BP_DIRECT,1.2120596945877e-4,1.9759571491751151,14,ok,P0 · intracellular signal transduction
HYP,CS20230722_SUPT_0459,0459 ZI Pax6 Gaba_1,1,P1,ACT_SITE:For sulfotransferase activity,UP_SEQ_FEATURE,1.106659988773096e-6,2.7496971536365455,32,ok,P1 · ACT_SITE:For sulfotransferase activity
HYP,CS20230722_SUPT_0459,0459 ZI Pax6 Gaba_1,2,P2,Synapse,UP_KW_CELLULAR_COMPONENT,8.298266037031244e-5,2.9046193241950986,58,ok,P2 · Synapse
HYP,CS20230722_SUPT_0459,0459 ZI Pax6 Gaba_1,3,P3,positive regulation of cell population proliferation,GOTERM_BP_DIRECT,0.01838595290565392,1.1003902213741588,3,ok,P3 · positive regulation of cell populatio...
HYP,CS20230722_SUPT_0459,0459 ZI Pax6 Gaba_1,4,P4,biological_process,GOTERM_BP_DIRECT,0.01337931606858579,1.292203104538745,1,ok,P4 · biological_process
HYP,CS20230722_SUPT_0459,0459 ZI Pax6 Gaba_1,5,P5,extracellular matrix,GOTERM_CC_DIRECT,3.5941080669645e-4,1.970056003221452,13,ok,P5 · extracellular matrix
HYP,CS20230722_SUPT_0459,0459 ZI Pax6 Gaba_1,6,P6,COMPBIAS:Polar residues,UP_SEQ_FEATURE,0.17178235811993664,0.5022299745683907,0,ok,P6 · COMPBIAS:Polar residues
HYP,CS20230722_SUPT_0459,0459 ZI Pax6 Gaba_1,7,P7,mmu04080:Neuroactive ligand-receptor interaction,KEGG_PATHWAY,0.00430219815297815,1.164923417507513,6,ok,P7 · mmu04080:Neuroactive ligand-receptor ...
HYP,CS20230722_SUPT_0459,0459 ZI Pax6 Gaba_1,8,P8,cell adhesion,GOTERM_BP_DIRECT,0.02325611421881206,0.7381347004420485,4,ok,P8 · cell adhesion
HYP,CS20230722_SUPT_0459,0459 ZI Pax6 Gaba_1,9,P9,molecular_function,GOTERM_MF_DIRECT,0.0590416205176558,1.08884142233111,0,ok,P9 · molecular_function
HYP,CS20230722_SUPT_0459,0459 ZI Pax6 Gaba_1,10,P10,regulation of synapse organization,GOTERM_BP_DIRECT,1.2600592500375304e-5,2.374579702444967,21,ok,P10 · regulation of synapse organization
HYP,CS20230722_SUPT_0459,0459 ZI Pax6 Gaba_1,11,P11,Disulfide bond,UP_KW_PTM,0.0020397046132926,1.7310350038760085,9,ok,P11 · Disulfide bond
HYP,CS20230722_SUPT_0459,0459 ZI Pax6 Gaba_1,12,P12,Developmental protein,UP_KW_MOLECULAR_FUNCTION,3.0699857066538276e-5,1.4430927495913963,21,ok,P12 · Developmental protein
HYP,CS20230722_SUPT_0459,0459 ZI Pax6 Gaba_1,13,P13,Repeat,UP_KW_DOMAIN,0.01477472070221226,0.732159816566876,1,ok,P13 · Repeat
HYP,CS20230722_SUPT_0459,0459 ZI Pax6 Gaba_1,14,P14,Myosin,UP_KW_MOLECULAR_FUNCTION,6.7718257790395e-4,2.5825054122383917,5,ok,P14 · Myosin
HYP,CS20230722_SUPT_0459,0459 ZI Pax6 Gaba_1,15,P15,COMPBIAS:Basic and acidic residues,UP_SEQ_FEATURE,0.05655555569744687,0.9250510991554336,0,ok,P15 · COMPBIAS:Basic and acidic residues
HYP,CS20230722_SUPT_0459,0459 ZI Pax6 Gaba_1,16,P16,Signal,UP_KW_DOMAIN,0.03410781588140009,0.6221940457040906,1,ok,P16 · Signal
HYP,CS20230722_SUPT_0459,0459 ZI Pax6 Gaba_1,17,P17,CARBOHYD:N-linked (GlcNAc...) asparagine,UP_SEQ_FEATURE,2.972374238363603e-7,2.597997249693836,15,ok,P17 · CARBOHYD:N-linked (GlcNAc...) asparagine
HYP,CS20230722_SUPT_0459,0459 ZI Pax6 Gaba_1,18,P18,COMPBIAS:Polar residues,UP_SEQ_FEATURE,0.05899966707730644,0.8847512618235289,0,ok,P18 · COMPBIAS:Polar residues
HYP,CS20230722_SUPT_0459,0459 ZI Pax6 Gaba_1,19,P19,Cell membrane,UP_KW_CELLULAR_COMPONENT,0.03836826526120842,0.7226056610894498,2,ok,P19 · Cell membrane
HYP,CS20230722_SUPT_0466,0466 ZI Pax6 Gaba_8,0,P0,zinc ion binding,GOTERM_MF_DIRECT,0.11520793494001652,0.6309209715230327,0,ok,P0 · zinc ion binding
HYP,CS20230722_SUPT_0466,0466 ZI Pax6 Gaba_8,1,P1,glutamatergic synapse,GOTERM_CC_DIRECT,0.00421749755014462,1.1697420260478364,2,ok,P1 · glutamatergic synapse
HYP,CS20230722_SUPT_0466,0466 ZI Pax6 Gaba_8,2,P2,extracellular matrix organization,GOTERM_BP_DIRECT,0.00391971139468995,1.824388981880015,5,ok,P2 · extracellular matrix organization
HYP,CS20230722_SUPT_0466,0466 ZI Pax6 Gaba_8,3,P3,mmu04517:IgSF CAM signaling,KEGG_PATHWAY,0.00144573588477061,2.178526075669524,19,ok,P3 · mmu04517:IgSF CAM signaling
HYP,CS20230722_SUPT_0466,0466 ZI Pax6 Gaba_8,4,P4,nucleus,GOTERM_CC_DIRECT,0.00773546628304216,1.7775506193031765,16,ok,P4 · nucleus
HYP,CS20230722_SUPT_0466,0466 ZI Pax6 Gaba_8,5,P5,IPR013320:ConA-like_dom_sf,INTERPRO,0.00308873342192007,1.4266080664733207,1,ok,P5 · IPR013320:ConA-like_dom_sf
HYP,CS20230722_SUPT_0466,0466 ZI Pax6 Gaba_8,6,P6,Cell membrane,UP_KW_CELLULAR_COMPONENT,9.0380785372697e-4,1.12985557481493,5,ok,P6 · Cell membrane
HYP,CS20230722_SUPT_0466,0466 ZI Pax6 Gaba_8,7,P7,NA,NA,NA,NA,0,no_terms,P7
HYP,CS20230722_SUPT_0466,0466 ZI Pax6 Gaba_8,8,P8,extracellular matrix,GOTERM_CC_DIRECT,3.4010448308285177e-05,2.246131532377074,24,ok,P8 · extracellular matrix
HYP,CS20230722_SUPT_0466,0466 ZI Pax6 Gaba_8,9,P9,mmu04080:Neuroactive ligand-receptor interaction,KEGG_PATHWAY,1.2959865829013884e-5,2.2954670440428395,56,ok,P9 · mmu04080:Neuroactive ligand-receptor ...
HYP,CS20230722_SUPT_0466,0466 ZI Pax6 Gaba_8,10,P10,nucleus,GOTERM_CC_DIRECT,0.10341325057428204,0.6705743556858232,0,ok,P10 · nucleus
HYP,CS20230722_SUPT_0466,0466 ZI Pax6 Gaba_8,11,P11,biological_process,GOTERM_BP_DIRECT,0.3412633955639235,0.3171724576395533,0,ok,P11 · biological_process
HYP,CS20230722_SUPT_0466,0466 ZI Pax6 Gaba_8,12,P12,CARBOHYD:N-linked (GlcNAc...) asparagine,UP_SEQ_FEATURE,3.9585366671555906e-5,1.701221280649902,17,ok,P12 · CARBOHYD:N-linked (GlcNAc...) asparagine
HYP,CS20230722_SUPT_0466,0466 ZI Pax6 Gaba_8,13,P13,COMPBIAS:Basic and acidic residues,UP_SEQ_FEATURE,0.02535284431854029,1.0566777163107188,1,ok,P13 · COMPBIAS:Basic and acidic residues
HYP,CS20230722_SUPT_0466,0466 ZI Pax6 Gaba_8,14,P14,Signal,UP_KW_DOMAIN,0.09732937024041578,0.7247044805548069,0,ok,P14 · Signal
HYP,CS20230722_SUPT_0466,0466 ZI Pax6 Gaba_8,15,P15,nucleoplasm,GOTERM_CC_DIRECT,0.03454909096584344,0.5430819662374976,2,ok,P15 · nucleoplasm
HYP,CS20230722_SUPT_0466,0466 ZI Pax6 Gaba_8,16,P16,COMPBIAS:Pro residues,UP_SEQ_FEATURE,0.0125455724621421,0.8889949772098796,1,ok,P16 · COMPBIAS:Pro residues
HYP,CS20230722_SUPT_0466,0466 ZI Pax6 Gaba_8,17,P17,Cleavage on pair of basic residues,UP_KW_PTM,0.00342348297390853,0.9986496197668614,3,ok,P17 · Cleavage on pair of basic residues
HYP,CS20230722_SUPT_0466,0466 ZI Pax6 Gaba_8,18,P18,Cytoskeleton,UP_KW_CELLULAR_COMPONENT,0.04603664147130564,0.8898868345772587,1,ok,P18 · Cytoskeleton
HYP,CS20230722_SUPT_0466,0466 ZI Pax6 Gaba_8,19,P19,Phosphoprotein,UP_KW_PTM,0.03254607933477736,0.9817344280035508,2,ok,P19 · Phosphoprotein
HYP,CS20230722_SUPT_0470,0470 DMH-LHA Gsx1 Gaba_1,0,P0,Transport,UP_KW_BIOLOGICAL_PROCESS,0.01012140492840036,1.3409186001665832,4,ok,P0 · Transport
HYP,CS20230722_SUPT_0470,0470 DMH-LHA Gsx1 Gaba_1,1,P1,extracellular matrix,GOTERM_CC_DIRECT,1.2108997818508471e-5,2.988584569504805,18,ok,P1 · extracellular matrix
HYP,CS20230722_SUPT_0470,0470 DMH-LHA Gsx1 Gaba_1,2,P2,Differentiation,UP_KW_BIOLOGICAL_PROCESS,0.00326523057096025,2.111824251167531,12,ok,P2 · Differentiation
HYP,CS20230722_SUPT_0470,0470 DMH-LHA Gsx1 Gaba_1,3,P3,CARBOHYD:N-linked (GlcNAc...) asparagine,UP_SEQ_FEATURE,3.377971891449659e-5,2.686799623672303,39,ok,P3 · CARBOHYD:N-linked (GlcNAc...) asparagine
HYP,CS20230722_SUPT_0470,0470 DMH-LHA Gsx1 Gaba_1,4,P4,TOPO_DOM:Cytoplasmic,UP_SEQ_FEATURE,0.00587067373369098,1.113569819301525,5,ok,P4 · TOPO_DOM:Cytoplasmic
HYP,CS20230722_SUPT_0470,0470 DMH-LHA Gsx1 Gaba_1,5,P5,REPEAT:LRR 17,UP_SEQ_FEATURE,0.00153794402265823,2.0982446194138213,38,ok,P5 · REPEAT:LRR 17
HYP,CS20230722_SUPT_0470,0470 DMH-LHA Gsx1 Gaba_1,6,P6,Transmembrane helix,UP_KW_DOMAIN,0.01725736664460687,1.2954160640699086,4,ok,P6 · Transmembrane helix
HYP,CS20230722_SUPT_0470,0470 DMH-LHA Gsx1 Gaba_1,7,P7,axon guidance,GOTERM_BP_DIRECT,8.371078288034645e-6,2.565836438188861,39,ok,P7 · axon guidance
HYP,CS20230722_SUPT_0470,0470 DMH-LHA Gsx1 Gaba_1,8,P8,postsynaptic specialization membrane,GOTERM_CC_DIRECT,1.702648369119e-4,2.1273757240728144,33,ok,P8 · postsynaptic specialization membrane
HYP,CS20230722_SUPT_0470,0470 DMH-LHA Gsx1 Gaba_1,9,P9,Transcription,UP_KW_BIOLOGICAL_PROCESS,0.09312382639061062,0.5195142583079122,0,ok,P9 · Transcription
HYP,CS20230722_SUPT_0470,0470 DMH-LHA Gsx1 Gaba_1,10,P10,DOMAIN:C2 1,UP_SEQ_FEATURE,5.9886642476477e-4,1.869225746925277,8,ok,P10 · DOMAIN:C2 1
HYP,CS20230722_SUPT_0470,0470 DMH-LHA Gsx1 Gaba_1,11,P11,REPEAT:WD 4,UP_SEQ_FEATURE,0.00836496218623017,1.6176607956761044,8,ok,P11 · REPEAT:WD 4
HYP,CS20230722_SUPT_0470,0470 DMH-LHA Gsx1 Gaba_1,12,P12,intracellular signal transduction,GOTERM_BP_DIRECT,0.00113198787029337,1.8633547088997264,3,ok,P12 · intracellular signal transduction
HYP,CS20230722_SUPT_0470,0470 DMH-LHA Gsx1 Gaba_1,13,P13,TRANSMEM:Helical,UP_SEQ_FEATURE,0.22154288204883996,0.5302430105269529,0,ok,P13 · TRANSMEM:Helical
HYP,CS20230722_SUPT_0470,0470 DMH-LHA Gsx1 Gaba_1,14,P14,mmu04080:Neuroactive ligand-receptor interaction,KEGG_PATHWAY,0.00248714724568053,1.1325859503921023,7,ok,P14 · mmu04080:Neuroactive ligand-receptor ...
HYP,CS20230722_SUPT_0470,0470 DMH-LHA Gsx1 Gaba_1,15,P15,DOMAIN:KRAB,UP_SEQ_FEATURE,0.00413094027315748,1.3872218466009123,11,ok,P15 · DOMAIN:KRAB
HYP,CS20230722_SUPT_0470,0470 DMH-LHA Gsx1 Gaba_1,16,P16,mmu01100:Metabolic pathways,KEGG_PATHWAY,0.06013387552960063,0.7802350549742755,0,ok,P16 · mmu01100:Metabolic pathways
HYP,CS20230722_SUPT_0470,0470 DMH-LHA Gsx1 Gaba_1,17,P17,Repeat,UP_KW_DOMAIN,0.00545727385025448,1.22902774457755,7,ok,P17 · Repeat
HYP,CS20230722_SUPT_0470,0470 DMH-LHA Gsx1 Gaba_1,18,P18,cellular_component,GOTERM_CC_DIRECT,0.04029573023859498,1.268948568877002,1,ok,P18 · cellular_component
HYP,CS20230722_SUPT_0470,0470 DMH-LHA Gsx1 Gaba_1,19,P19,Transmembrane helix,UP_KW_DOMAIN,0.10870947470434626,0.6241400958316218,0,ok,P19 · Transmembrane helix
HYP,CS20230722_SUPT_0471,0471 DMH-LHA Gsx1 Gaba_2,0,P0,transmembrane signaling receptor activity,GOTERM_MF_DIRECT,2.718410573306e-4,1.0740239292097455,5,ok,P0 · transmembrane signaling receptor acti...
HYP,CS20230722_SUPT_0471,0471 DMH-LHA Gsx1 Gaba_2,1,P1,COMPBIAS:Polar residues,UP_SEQ_FEATURE,5.4067835510867e-4,2.544192859372241,27,ok,P1 · COMPBIAS:Polar residues
HYP,CS20230722_SUPT_0471,0471 DMH-LHA Gsx1 Gaba_2,2,P2,IPR001478:PDZ,INTERPRO,0.01635390623593345,1.7307087348618837,5,ok,P2 · IPR001478:PDZ
HYP,CS20230722_SUPT_0471,0471 DMH-LHA Gsx1 Gaba_2,3,P3,L-amino acid transmembrane transporter activity,GOTERM_MF_DIRECT,2.6305541530196e-4,1.291712697770618,8,ok,P3 · L-amino acid transmembrane transporte...
HYP,CS20230722_SUPT_0471,0471 DMH-LHA Gsx1 Gaba_2,4,P4,phospholipid catabolic process,GOTERM_BP_DIRECT,1.9685944671376e-4,1.5664183866807169,15,ok,P4 · phospholipid catabolic process
HYP,CS20230722_SUPT_0471,0471 DMH-LHA Gsx1 Gaba_2,5,P5,cytoplasmic side of plasma membrane,GOTERM_CC_DIRECT,4.831919850469641e-5,3.168055470057139,38,ok,P5 · cytoplasmic side of plasma membrane
HYP,CS20230722_SUPT_0471,0471 DMH-LHA Gsx1 Gaba_2,6,P6,mmu04518:Integrin signaling,KEGG_PATHWAY,0.00496058964959989,0.9444650383131314,7,ok,P6 · mmu04518:Integrin signaling
HYP,CS20230722_SUPT_0471,0471 DMH-LHA Gsx1 Gaba_2,7,P7,IPR002035:VWF_A,INTERPRO,5.7348752351198e-4,3.1076222677263985,4,ok,P7 · IPR002035:VWF_A
HYP,CS20230722_SUPT_0471,0471 DMH-LHA Gsx1 Gaba_2,8,P8,CARBOHYD:N-linked (GlcNAc...) asparagine,UP_SEQ_FEATURE,0.00132950527270885,1.3666329998779176,10,ok,P8 · CARBOHYD:N-linked (GlcNAc...) asparagine
HYP,CS20230722_SUPT_0471,0471 DMH-LHA Gsx1 Gaba_2,9,P9,CARBOHYD:N-linked (GlcNAc...) asparagine,UP_SEQ_FEATURE,0.18024103532081456,0.3849531911436268,0,ok,P9 · CARBOHYD:N-linked (GlcNAc...) asparagine
HYP,CS20230722_SUPT_0471,0471 DMH-LHA Gsx1 Gaba_2,10,P10,COMPBIAS:Polar residues,UP_SEQ_FEATURE,0.00342337421613769,1.960524459907519,6,ok,P10 · COMPBIAS:Polar residues
HYP,CS20230722_SUPT_0471,0471 DMH-LHA Gsx1 Gaba_2,11,P11,calcium ion binding,GOTERM_MF_DIRECT,0.00257414662580384,1.6506486562030318,19,ok,P11 · calcium ion binding
HYP,CS20230722_SUPT_0471,0471 DMH-LHA Gsx1 Gaba_2,12,P12,NA,NA,NA,NA,0,no_terms,P12
HYP,CS20230722_SUPT_0471,0471 DMH-LHA Gsx1 Gaba_2,13,P13,Glycoprotein,UP_KW_PTM,0.0409888838337573,0.8369000788397208,2,ok,P13 · Glycoprotein
HYP,CS20230722_SUPT_0471,0471 DMH-LHA Gsx1 Gaba_2,14,P14,Disulfide bond,UP_KW_PTM,0.33030740708503487,0.3565527188944189,0,ok,P14 · Disulfide bond
HYP,CS20230722_SUPT_0471,0471 DMH-LHA Gsx1 Gaba_2,15,P15,Developmental protein,UP_KW_MOLECULAR_FUNCTION,0.00527638311266294,1.574927117980506,2,ok,P15 · Developmental protein
HYP,CS20230722_SUPT_0471,0471 DMH-LHA Gsx1 Gaba_2,16,P16,perinuclear region of cytoplasm,GOTERM_CC_DIRECT,0.02621701332056586,0.7630773729416749,2,ok,P16 · perinuclear region of cytoplasm
HYP,CS20230722_SUPT_0471,0471 DMH-LHA Gsx1 Gaba_2,17,P17,mmu04081:Hormone signaling,KEGG_PATHWAY,1.6962083498224e-4,2.795829333246284,16,ok,P17 · mmu04081:Hormone signaling
HYP,CS20230722_SUPT_0471,0471 DMH-LHA Gsx1 Gaba_2,18,P18,modulation of chemical synaptic transmission,GOTERM_BP_DIRECT,2.072035564837963e-5,3.2281002728469725,15,ok,P18 · modulation of chemical synaptic trans...
HYP,CS20230722_SUPT_0471,0471 DMH-LHA Gsx1 Gaba_2,19,P19,MOTIF:Cell attachment site,UP_SEQ_FEATURE,0.0018340626770659,0.9412358427599236,8,ok,P19 · MOTIF:Cell attachment site
HYP,CS20230722_SUPT_0473,0473 DMH-LHA Gsx1 Gaba_4,0,P0,TRANSMEM:Helical; Name=3,UP_SEQ_FEATURE,0.13470623783415658,0.7443860251838814,0,ok,P0 · TRANSMEM:Helical; Name=3
HYP,CS20230722_SUPT_0473,0473 DMH-LHA Gsx1 Gaba_4,1,P1,mmu04360:Axon guidance,KEGG_PATHWAY,1.3066152068687664e-5,2.680990132477753,42,ok,P1 · mmu04360:Axon guidance
HYP,CS20230722_SUPT_0473,0473 DMH-LHA Gsx1 Gaba_4,2,P2,regulation of transcription by RNA polymerase II,GOTERM_BP_DIRECT,0.13564244938210862,0.4717204972064677,0,ok,P2 · regulation of transcription by RNA po...
HYP,CS20230722_SUPT_0473,0473 DMH-LHA Gsx1 Gaba_4,3,P3,mmu01100:Metabolic pathways,KEGG_PATHWAY,0.04906587967519308,0.6027884200944371,1,ok,P3 · mmu01100:Metabolic pathways
HYP,CS20230722_SUPT_0473,0473 DMH-LHA Gsx1 Gaba_4,4,P4,calcium ion binding,GOTERM_MF_DIRECT,0.00131013026020191,2.083077876458274,28,ok,P4 · calcium ion binding
HYP,CS20230722_SUPT_0473,0473 DMH-LHA Gsx1 Gaba_4,5,P5,intracellular protein transport,GOTERM_BP_DIRECT,0.01107225865729945,1.3412413384838406,2,ok,P5 · intracellular protein transport
HYP,CS20230722_SUPT_0473,0473 DMH-LHA Gsx1 Gaba_4,6,P6,molecular_function,GOTERM_MF_DIRECT,0.04334597965994265,0.9051239105684528,2,ok,P6 · molecular_function
HYP,CS20230722_SUPT_0473,0473 DMH-LHA Gsx1 Gaba_4,7,P7,Cell membrane,UP_KW_CELLULAR_COMPONENT,3.5570889380645e-4,1.5963810039177675,13,ok,P7 · Cell membrane
HYP,CS20230722_SUPT_0473,0473 DMH-LHA Gsx1 Gaba_4,8,P8,cytosol,GOTERM_CC_DIRECT,0.10605338243537037,0.6652375206718607,0,ok,P8 · cytosol
HYP,CS20230722_SUPT_0473,0473 DMH-LHA Gsx1 Gaba_4,9,P9,Signal,UP_KW_DOMAIN,0.0648268258124652,0.7150757485722061,0,ok,P9 · Signal
HYP,CS20230722_SUPT_0473,0473 DMH-LHA Gsx1 Gaba_4,10,P10,DOMAIN:C2H2-type,UP_SEQ_FEATURE,0.07612453700514517,0.6616775750479087,0,ok,P10 · DOMAIN:C2H2-type
HYP,CS20230722_SUPT_0473,0473 DMH-LHA Gsx1 Gaba_4,11,P11,NA,NA,NA,NA,0,no_terms,P11
HYP,CS20230722_SUPT_0473,0473 DMH-LHA Gsx1 Gaba_4,12,P12,TOPO_DOM:Cytoplasmic,UP_SEQ_FEATURE,0.0033006822603021,1.763869049742803,14,ok,P12 · TOPO_DOM:Cytoplasmic
HYP,CS20230722_SUPT_0473,0473 DMH-LHA Gsx1 Gaba_4,13,P13,Extracellular matrix,UP_KW_CELLULAR_COMPONENT,0.01779791918321094,0.9573778145765518,5,ok,P13 · Extracellular matrix
HYP,CS20230722_SUPT_0473,0473 DMH-LHA Gsx1 Gaba_4,14,P14,glutamatergic synapse,GOTERM_CC_DIRECT,6.256983335037207e-6,2.482370088189384,47,ok,P14 · glutamatergic synapse
HYP,CS20230722_SUPT_0473,0473 DMH-LHA Gsx1 Gaba_4,15,P15,Repeat,UP_KW_DOMAIN,0.03481379285048858,0.8920311215287937,2,ok,P15 · Repeat
HYP,CS20230722_SUPT_0473,0473 DMH-LHA Gsx1 Gaba_4,16,P16,apical plasma membrane,GOTERM_CC_DIRECT,0.0054710211585034,0.8526018051524051,1,ok,P16 · apical plasma membrane
HYP,CS20230722_SUPT_0473,0473 DMH-LHA Gsx1 Gaba_4,17,P17,CARBOHYD:N-linked (GlcNAc...) asparagine,UP_SEQ_FEATURE,0.00918735492285205,1.3206025089246791,9,ok,P17 · CARBOHYD:N-linked (GlcNAc...) asparagine
HYP,CS20230722_SUPT_0473,0473 DMH-LHA Gsx1 Gaba_4,18,P18,Transmembrane helix,UP_KW_DOMAIN,0.10870947470434626,0.35514788683077864,0,ok,P18 · Transmembrane helix
HYP,CS20230722_SUPT_0473,0473 DMH-LHA Gsx1 Gaba_4,19,P19,sperm midpiece,GOTERM_CC_DIRECT,0.00171229753279693,1.3548186324233915,10,ok,P19 · sperm midpiece
HYP,CS20230722_SUPT_0474,0474 PVHd-DMH Lhx6 Gaba_1,0,P0,COMPBIAS:Polar residues,UP_SEQ_FEATURE,0.00109032477863877,1.4961268063228623,7,ok,P0 · COMPBIAS:Polar residues
HYP,CS20230722_SUPT_0474,0474 PVHd-DMH Lhx6 Gaba_1,1,P1,CARBOHYD:N-linked (GlcNAc...) asparagine,UP_SEQ_FEATURE,0.0665747085421522,0.6084817345534328,0,ok,P1 · CARBOHYD:N-linked (GlcNAc...) asparagine
HYP,CS20230722_SUPT_0474,0474 PVHd-DMH Lhx6 Gaba_1,2,P2,Transmembrane helix,UP_KW_DOMAIN,0.00160650728006106,1.9756266910584104,15,ok,P2 · Transmembrane helix
HYP,CS20230722_SUPT_0474,0474 PVHd-DMH Lhx6 Gaba_1,3,P3,"DNA-binding transcription activator activity, RNA polymerase II-specific",GOTERM_MF_DIRECT,0.00481824323244012,0.8390474624110574,5,ok,P3 · DNA-binding transcription activator a...
HYP,CS20230722_SUPT_0474,0474 PVHd-DMH Lhx6 Gaba_1,4,P4,extracellular region,GOTERM_CC_DIRECT,2.8183574785248e-4,2.496554442903695,32,ok,P4 · extracellular region
HYP,CS20230722_SUPT_0474,0474 PVHd-DMH Lhx6 Gaba_1,5,P5,TOPO_DOM:Lumenal,UP_SEQ_FEATURE,0.00127525198551505,0.7783652558604629,1,ok,P5 · TOPO_DOM:Lumenal
HYP,CS20230722_SUPT_0474,0474 PVHd-DMH Lhx6 Gaba_1,6,P6,Cell membrane,UP_KW_CELLULAR_COMPONENT,4.2977993648316194e-5,1.3762497457402745,8,ok,P6 · Cell membrane
HYP,CS20230722_SUPT_0474,0474 PVHd-DMH Lhx6 Gaba_1,7,P7,Apoptosis,UP_KW_BIOLOGICAL_PROCESS,0.00550286867958967,1.2097864781199017,1,ok,P7 · Apoptosis
HYP,CS20230722_SUPT_0474,0474 PVHd-DMH Lhx6 Gaba_1,8,P8,regulation of DNA-templated transcription,GOTERM_BP_DIRECT,0.06472374933862948,0.6952099227700976,0,ok,P8 · regulation of DNA-templated transcrip...
HYP,CS20230722_SUPT_0474,0474 PVHd-DMH Lhx6 Gaba_1,9,P9,DOMAIN:Fibronectin type-III 4,UP_SEQ_FEATURE,0.00201250526402916,1.544493647479379,18,ok,P9 · DOMAIN:Fibronectin type-III 4
HYP,CS20230722_SUPT_0474,0474 PVHd-DMH Lhx6 Gaba_1,10,P10,zinc ion binding,GOTERM_MF_DIRECT,0.1012318994493441,0.5062546284343613,0,ok,P10 · zinc ion binding
HYP,CS20230722_SUPT_0474,0474 PVHd-DMH Lhx6 Gaba_1,11,P11,Extracellular matrix,UP_KW_CELLULAR_COMPONENT,0.00966801893999421,1.232035506587837,3,ok,P11 · Extracellular matrix
HYP,CS20230722_SUPT_0474,0474 PVHd-DMH Lhx6 Gaba_1,12,P12,calcium ion binding,GOTERM_MF_DIRECT,0.02769914446477555,0.8148390022351004,1,ok,P12 · calcium ion binding
HYP,CS20230722_SUPT_0474,0474 PVHd-DMH Lhx6 Gaba_1,13,P13,TOPO_DOM:Cytoplasmic,UP_SEQ_FEATURE,6.852161189321975e-6,3.019976629735536,43,ok,P13 · TOPO_DOM:Cytoplasmic
HYP,CS20230722_SUPT_0474,0474 PVHd-DMH Lhx6 Gaba_1,14,P14,G protein-coupled peptide receptor activity,GOTERM_MF_DIRECT,4.5160514604542e-4,1.525310184260022,13,ok,P14 · G protein-coupled peptide receptor ac...
HYP,CS20230722_SUPT_0474,0474 PVHd-DMH Lhx6 Gaba_1,15,P15,molecular_function,GOTERM_MF_DIRECT,0.13168046671233463,0.4220403188949865,0,ok,P15 · molecular_function
HYP,CS20230722_SUPT_0474,0474 PVHd-DMH Lhx6 Gaba_1,16,P16,protein binding,GOTERM_MF_DIRECT,0.12224676256151971,0.377890073700794,0,ok,P16 · protein binding
HYP,CS20230722_SUPT_0474,0474 PVHd-DMH Lhx6 Gaba_1,17,P17,Nucleus,UP_KW_CELLULAR_COMPONENT,0.02169117014122638,0.7737082096633032,1,ok,P17 · Nucleus
HYP,CS20230722_SUPT_0474,0474 PVHd-DMH Lhx6 Gaba_1,18,P18,cell differentiation,GOTERM_BP_DIRECT,2.9899721724272e-4,1.770953387413712,5,ok,P18 · cell differentiation
HYP,CS20230722_SUPT_0474,0474 PVHd-DMH Lhx6 Gaba_1,19,P19,negative regulation of DNA-templated transcription,GOTERM_BP_DIRECT,0.00266684098755667,1.071977141304373,7,ok,P19 · negative regulation of DNA-templated ...
HYP,CS20230722_SUPT_0478,0478 TU-ARH Otp Six6 Gaba_1,0,P0,plasma membrane,GOTERM_CC_DIRECT,0.06015369691417489,0.963399621580716,0,ok,P0 · plasma membrane
HYP,CS20230722_SUPT_0478,0478 TU-ARH Otp Six6 Gaba_1,1,P1,Developmental protein,UP_KW_MOLECULAR_FUNCTION,0.02435967466932576,0.9757395089086276,4,ok,P1 · Developmental protein
HYP,CS20230722_SUPT_0478,0478 TU-ARH Otp Six6 Gaba_1,2,P2,IPR003961:FN3_dom,INTERPRO,0.00232876478255763,1.7682377910292824,26,ok,P2 · IPR003961:FN3_dom
HYP,CS20230722_SUPT_0478,0478 TU-ARH Otp Six6 Gaba_1,3,P3,Potassium transport,UP_KW_BIOLOGICAL_PROCESS,0.00283672196071021,1.4678455802100765,9,ok,P3 · Potassium transport
HYP,CS20230722_SUPT_0478,0478 TU-ARH Otp Six6 Gaba_1,4,P4,cell projection,GOTERM_CC_DIRECT,0.00527472059546926,0.8121098488816159,5,ok,P4 · cell projection
HYP,CS20230722_SUPT_0478,0478 TU-ARH Otp Six6 Gaba_1,5,P5,extracellular matrix,GOTERM_CC_DIRECT,3.6505891541888e-4,1.9220454746334428,14,ok,P5 · extracellular matrix
HYP,CS20230722_SUPT_0478,0478 TU-ARH Otp Six6 Gaba_1,6,P6,Repeat,UP_KW_DOMAIN,0.0380683378313625,0.5738142647252904,1,ok,P6 · Repeat
HYP,CS20230722_SUPT_0478,0478 TU-ARH Otp Six6 Gaba_1,7,P7,axon,GOTERM_CC_DIRECT,0.0016556256126354,1.7528828234016032,30,ok,P7 · axon
HYP,CS20230722_SUPT_0478,0478 TU-ARH Otp Six6 Gaba_1,8,P8,CARBOHYD:N-linked (GlcNAc...) asparagine,UP_SEQ_FEATURE,0.09698756952192523,0.4292275119258727,0,ok,P8 · CARBOHYD:N-linked (GlcNAc...) asparagine
HYP,CS20230722_SUPT_0478,0478 TU-ARH Otp Six6 Gaba_1,9,P9,Glycosyltransferase,UP_KW_MOLECULAR_FUNCTION,0.00778687297961502,1.1985076266325334,7,ok,P9 · Glycosyltransferase
HYP,CS20230722_SUPT_0478,0478 TU-ARH Otp Six6 Gaba_1,10,P10,axon guidance,GOTERM_BP_DIRECT,2.2103220186116e-4,1.8534792148914483,20,ok,P10 · axon guidance
HYP,CS20230722_SUPT_0478,0478 TU-ARH Otp Six6 Gaba_1,11,P11,nucleoplasm,GOTERM_CC_DIRECT,0.01095085032494661,0.896892645020516,1,ok,P11 · nucleoplasm
HYP,CS20230722_SUPT_0478,0478 TU-ARH Otp Six6 Gaba_1,12,P12,cytosol,GOTERM_CC_DIRECT,0.00271139564393181,1.7550681020056875,4,ok,P12 · cytosol
HYP,CS20230722_SUPT_0478,0478 TU-ARH Otp Six6 Gaba_1,13,P13,phospholipase C-activating G protein-coupled receptor signaling pathway,GOTERM_BP_DIRECT,0.00363391834661744,0.9617483180177748,9,ok,P13 · phospholipase C-activating G protein-...
HYP,CS20230722_SUPT_0478,0478 TU-ARH Otp Six6 Gaba_1,14,P14,CARBOHYD:N-linked (GlcNAc...) asparagine,UP_SEQ_FEATURE,7.426504777336541e-7,3.546790729258828,58,ok,P14 · CARBOHYD:N-linked (GlcNAc...) asparagine
HYP,CS20230722_SUPT_0478,0478 TU-ARH Otp Six6 Gaba_1,15,P15,extracellular matrix,GOTERM_CC_DIRECT,0.00924940493085581,1.5717877552578785,7,ok,P15 · extracellular matrix
HYP,CS20230722_SUPT_0478,0478 TU-ARH Otp Six6 Gaba_1,16,P16,response to wounding,GOTERM_BP_DIRECT,6.7123803176624e-4,0.8422887263231085,4,ok,P16 · response to wounding
HYP,CS20230722_SUPT_0478,0478 TU-ARH Otp Six6 Gaba_1,17,P17,COMPBIAS:Polar residues,UP_SEQ_FEATURE,0.02917547006281501,0.9218269043300864,1,ok,P17 · COMPBIAS:Polar residues
HYP,CS20230722_SUPT_0478,0478 TU-ARH Otp Six6 Gaba_1,18,P18,Cell projection,UP_KW_CELLULAR_COMPONENT,0.04141211250655068,0.7992842808578762,1,ok,P18 · Cell projection
HYP,CS20230722_SUPT_0478,0478 TU-ARH Otp Six6 Gaba_1,19,P19,COMPBIAS:Basic and acidic residues,UP_SEQ_FEATURE,0.32871857585382064,0.3892201351749267,0,ok,P19 · COMPBIAS:Basic and acidic residues
HYP,CS20230722_SUPT_0479,0479 TU-ARH Otp Six6 Gaba_2,0,P0,COMPBIAS:Low complexity,UP_SEQ_FEATURE,0.00522662729169688,1.5890027722771904,10,ok,P0 · COMPBIAS:Low complexity
HYP,CS20230722_SUPT_0479,0479 TU-ARH Otp Six6 Gaba_2,1,P1,IPR013098:Ig_I-set,INTERPRO,4.633892979674496e-5,2.287836790191245,36,ok,P1 · IPR013098:Ig_I-set
HYP,CS20230722_SUPT_0479,0479 TU-ARH Otp Six6 Gaba_2,2,P2,regulation of synapse organization,GOTERM_BP_DIRECT,1.4345050718268364e-6,1.6198627762424032,9,ok,P2 · regulation of synapse organization
HYP,CS20230722_SUPT_0479,0479 TU-ARH Otp Six6 Gaba_2,3,P3,TRANSMEM:Helical,UP_SEQ_FEATURE,0.00696431080991818,1.1805722065834212,10,ok,P3 · TRANSMEM:Helical
HYP,CS20230722_SUPT_0479,0479 TU-ARH Otp Six6 Gaba_2,4,P4,mmu00190:Oxidative phosphorylation,KEGG_PATHWAY,0.001548441512342,1.2752132991649554,2,ok,P4 · mmu00190:Oxidative phosphorylation
HYP,CS20230722_SUPT_0479,0479 TU-ARH Otp Six6 Gaba_2,5,P5,protein phosphorylation,GOTERM_BP_DIRECT,0.00870890154830248,1.4016236913425733,8,ok,P5 · protein phosphorylation
HYP,CS20230722_SUPT_0479,0479 TU-ARH Otp Six6 Gaba_2,6,P6,Extracellular matrix,UP_KW_CELLULAR_COMPONENT,3.9852623709075e-4,2.2113776690386016,17,ok,P6 · Extracellular matrix
HYP,CS20230722_SUPT_0479,0479 TU-ARH Otp Six6 Gaba_2,7,P7,Glycoprotein,UP_KW_PTM,4.3777435120109e-4,1.478652721201565,8,ok,P7 · Glycoprotein
HYP,CS20230722_SUPT_0479,0479 TU-ARH Otp Six6 Gaba_2,8,P8,COMPBIAS:Polar residues,UP_SEQ_FEATURE,0.06019650354230343,0.48779120453151453,0,ok,P8 · COMPBIAS:Polar residues
HYP,CS20230722_SUPT_0479,0479 TU-ARH Otp Six6 Gaba_2,9,P9,COMPBIAS:Polar residues,UP_SEQ_FEATURE,0.1745587147652395,0.4069717349875997,0,ok,P9 · COMPBIAS:Polar residues
HYP,CS20230722_SUPT_0479,0479 TU-ARH Otp Six6 Gaba_2,10,P10,cell differentiation,GOTERM_BP_DIRECT,0.0035622987245772,1.21426935086489,6,ok,P10 · cell differentiation
HYP,CS20230722_SUPT_0479,0479 TU-ARH Otp Six6 Gaba_2,11,P11,positive regulation of cell migration,GOTERM_BP_DIRECT,4.7279042421194825e-5,1.3714165966016016,11,ok,P11 · positive regulation of cell migration
HYP,CS20230722_SUPT_0479,0479 TU-ARH Otp Six6 Gaba_2,12,P12,COMPBIAS:Polar residues,UP_SEQ_FEATURE,0.00303042760285781,1.0959931397320093,4,ok,P12 · COMPBIAS:Polar residues
HYP,CS20230722_SUPT_0479,0479 TU-ARH Otp Six6 Gaba_2,13,P13,postsynaptic membrane,GOTERM_CC_DIRECT,0.00343604411572531,1.4904303452655656,17,ok,P13 · postsynaptic membrane
HYP,CS20230722_SUPT_0479,0479 TU-ARH Otp Six6 Gaba_2,14,P14,9+2 motile cilium,GOTERM_CC_DIRECT,1.6100913548592e-4,1.858386687100415,19,ok,P14 · 9+2 motile cilium
HYP,CS20230722_SUPT_0479,0479 TU-ARH Otp Six6 Gaba_2,15,P15,endodermal cell differentiation,GOTERM_BP_DIRECT,7.590931794312178e-5,2.4824492472146686,11,ok,P15 · endodermal cell differentiation
HYP,CS20230722_SUPT_0479,0479 TU-ARH Otp Six6 Gaba_2,16,P16,Glycoprotein,UP_KW_PTM,0.00366067510039005,1.0578704601461308,4,ok,P16 · Glycoprotein
HYP,CS20230722_SUPT_0479,0479 TU-ARH Otp Six6 Gaba_2,17,P17,IPR006028:GABAA/Glycine_rcpt,INTERPRO,0.00145677689708445,1.6733544200161763,36,ok,P17 · IPR006028:GABAA/Glycine_rcpt
HYP,CS20230722_SUPT_0479,0479 TU-ARH Otp Six6 Gaba_2,18,P18,CARBOHYD:N-linked (GlcNAc...) asparagine,UP_SEQ_FEATURE,0.2652863140402396,0.4708776711818643,0,ok,P18 · CARBOHYD:N-linked (GlcNAc...) asparagine
HYP,CS20230722_SUPT_0479,0479 TU-ARH Otp Six6 Gaba_2,19,P19,cytoskeleton,GOTERM_CC_DIRECT,0.05292073807096814,0.5422719673490274,0,ok,P19 · cytoskeleton
HYP,CS20230722_SUPT_0480,0480 TU-ARH Otp Six6 Gaba_3,0,P0,CARBOHYD:N-linked (GlcNAc...) asparagine,UP_SEQ_FEATURE,0.00402686498980772,1.0053004806611578,7,ok,P0 · CARBOHYD:N-linked (GlcNAc...) asparagine
HYP,CS20230722_SUPT_0480,0480 TU-ARH Otp Six6 Gaba_3,1,P1,Cell membrane,UP_KW_CELLULAR_COMPONENT,0.00764584527469735,1.3038494001190757,6,ok,P1 · Cell membrane
HYP,CS20230722_SUPT_0480,0480 TU-ARH Otp Six6 Gaba_3,2,P2,COMPBIAS:Basic and acidic residues,UP_SEQ_FEATURE,0.03347626349419332,0.7489981138162253,3,ok,P2 · COMPBIAS:Basic and acidic residues
HYP,CS20230722_SUPT_0480,0480 TU-ARH Otp Six6 Gaba_3,3,P3,SM00382:AAA,SMART,1.2406090219456e-4,2.461543688423315,57,ok,P3 · SM00382:AAA
HYP,CS20230722_SUPT_0480,0480 TU-ARH Otp Six6 Gaba_3,4,P4,regulation of synapse organization,GOTERM_BP_DIRECT,2.5645747920409083e-6,2.5188298464289685,15,ok,P4 · regulation of synapse organization
HYP,CS20230722_SUPT_0480,0480 TU-ARH Otp Six6 Gaba_3,5,P5,Cell membrane,UP_KW_CELLULAR_COMPONENT,0.03836826526120842,0.651682182560261,1,ok,P5 · Cell membrane
HYP,CS20230722_SUPT_0480,0480 TU-ARH Otp Six6 Gaba_3,6,P6,negative regulation of transcription by RNA polymerase II,GOTERM_BP_DIRECT,0.00397395216441795,1.434134114070561,14,ok,P6 · negative regulation of transcription ...
HYP,CS20230722_SUPT_0480,0480 TU-ARH Otp Six6 Gaba_3,7,P7,axon guidance,GOTERM_BP_DIRECT,9.7396976575684e-4,1.4859228567921925,16,ok,P7 · axon guidance
HYP,CS20230722_SUPT_0480,0480 TU-ARH Otp Six6 Gaba_3,8,P8,Disulfide bond,UP_KW_PTM,0.14495686846968842,0.5903888090243083,0,ok,P8 · Disulfide bond
HYP,CS20230722_SUPT_0480,0480 TU-ARH Otp Six6 Gaba_3,9,P9,IPR000008:C2_dom,INTERPRO,0.00519656640762665,1.2866802656008718,7,ok,P9 · IPR000008:C2_dom
HYP,CS20230722_SUPT_0480,0480 TU-ARH Otp Six6 Gaba_3,10,P10,Transcription regulation,UP_KW_BIOLOGICAL_PROCESS,0.02365443892587565,0.8246741458652541,2,ok,P10 · Transcription regulation
HYP,CS20230722_SUPT_0480,0480 TU-ARH Otp Six6 Gaba_3,11,P11,Transport,UP_KW_BIOLOGICAL_PROCESS,0.2127710497332974,0.343942056262156,0,ok,P11 · Transport
HYP,CS20230722_SUPT_0480,0480 TU-ARH Otp Six6 Gaba_3,12,P12,extracellular matrix,GOTERM_CC_DIRECT,3.3044773992541854e-6,3.075920284907269,14,ok,P12 · extracellular matrix
HYP,CS20230722_SUPT_0480,0480 TU-ARH Otp Six6 Gaba_3,13,P13,CARBOHYD:N-linked (GlcNAc...) asparagine,UP_SEQ_FEATURE,3.6483033933153e-4,1.601468868394364,22,ok,P13 · CARBOHYD:N-linked (GlcNAc...) asparagine
HYP,CS20230722_SUPT_0480,0480 TU-ARH Otp Six6 Gaba_3,14,P14,positive regulation of cell migration,GOTERM_BP_DIRECT,7.410963521339e-4,1.3473580895868016,3,ok,P14 · positive regulation of cell migration
HYP,CS20230722_SUPT_0480,0480 TU-ARH Otp Six6 Gaba_3,15,P15,CARBOHYD:N-linked (GlcNAc...) asparagine,UP_SEQ_FEATURE,6.476916634744e-4,1.7699991191029545,16,ok,P15 · CARBOHYD:N-linked (GlcNAc...) asparagine
HYP,CS20230722_SUPT_0480,0480 TU-ARH Otp Six6 Gaba_3,16,P16,SM00355:ZnF_C2H2,SMART,4.6386845271459e-4,1.795441427305077,20,ok,P16 · SM00355:ZnF_C2H2
HYP,CS20230722_SUPT_0480,0480 TU-ARH Otp Six6 Gaba_3,17,P17,potassium ion transmembrane transport,GOTERM_BP_DIRECT,0.00241766049622618,1.6447303961785176,14,ok,P17 · potassium ion transmembrane transport
HYP,CS20230722_SUPT_0480,0480 TU-ARH Otp Six6 Gaba_3,18,P18,COMPBIAS:Low complexity,UP_SEQ_FEATURE,0.10922445588557272,0.46035472975526737,0,ok,P18 · COMPBIAS:Low complexity
HYP,CS20230722_SUPT_0480,0480 TU-ARH Otp Six6 Gaba_3,19,P19,COMPBIAS:Pro residues,UP_SEQ_FEATURE,0.08750323388168049,0.4233870961775083,0,ok,P19 · COMPBIAS:Pro residues
HYP,CS20230722_SUPT_0481,0481 TMd-DMH Foxd2 Gaba_1,0,P0,IPR027417:P-loop_NTPase,INTERPRO,0.0484954131656008,0.6103566956349132,1,ok,P0 · IPR027417:P-loop_NTPase
HYP,CS20230722_SUPT_0481,0481 TMd-DMH Foxd2 Gaba_1,1,P1,IPR011993:PH-like_dom_sf,INTERPRO,0.00137400830820801,2.608581712181132,7,ok,P1 · IPR011993:PH-like_dom_sf
HYP,CS20230722_SUPT_0481,0481 TMd-DMH Foxd2 Gaba_1,2,P2,TOPO_DOM:Cytoplasmic,UP_SEQ_FEATURE,7.935867434145913e-5,1.6167101328898306,8,ok,P2 · TOPO_DOM:Cytoplasmic
HYP,CS20230722_SUPT_0481,0481 TMd-DMH Foxd2 Gaba_1,3,P3,extracellular matrix organization,GOTERM_BP_DIRECT,3.1811885577922e-4,2.7992366560559563,17,ok,P3 · extracellular matrix organization
HYP,CS20230722_SUPT_0481,0481 TMd-DMH Foxd2 Gaba_1,4,P4,mitochondrial inner membrane,GOTERM_CC_DIRECT,0.02886141712650385,1.376343187798586,2,ok,P4 · mitochondrial inner membrane
HYP,CS20230722_SUPT_0481,0481 TMd-DMH Foxd2 Gaba_1,5,P5,DNA binding,GOTERM_MF_DIRECT,0.10414633119963868,0.6843106658331916,0,ok,P5 · DNA binding
HYP,CS20230722_SUPT_0481,0481 TMd-DMH Foxd2 Gaba_1,6,P6,dendritic spine,GOTERM_CC_DIRECT,4.2433730360607e-4,1.7019910243416576,18,ok,P6 · dendritic spine
HYP,CS20230722_SUPT_0481,0481 TMd-DMH Foxd2 Gaba_1,7,P7,protein kinase activity,GOTERM_MF_DIRECT,0.00270364145170553,1.6834260776960863,10,ok,P7 · protein kinase activity
HYP,CS20230722_SUPT_0481,0481 TMd-DMH Foxd2 Gaba_1,8,P8,cell surface,GOTERM_CC_DIRECT,5.42506665389126e-5,2.574376244328462,22,ok,P8 · cell surface
HYP,CS20230722_SUPT_0481,0481 TMd-DMH Foxd2 Gaba_1,9,P9,DNA binding,GOTERM_MF_DIRECT,0.02288526407862785,0.8732634370865413,4,ok,P9 · DNA binding
HYP,CS20230722_SUPT_0481,0481 TMd-DMH Foxd2 Gaba_1,10,P10,CARBOHYD:N-linked (GlcNAc...) asparagine,UP_SEQ_FEATURE,0.0103307560747866,0.8104052165711926,2,ok,P10 · CARBOHYD:N-linked (GlcNAc...) asparagine
HYP,CS20230722_SUPT_0481,0481 TMd-DMH Foxd2 Gaba_1,11,P11,Membrane,UP_KW_CELLULAR_COMPONENT,0.32227312394812135,0.31289110536977527,0,ok,P11 · Membrane
HYP,CS20230722_SUPT_0481,0481 TMd-DMH Foxd2 Gaba_1,12,P12,mmu04510:Focal adhesion,KEGG_PATHWAY,2.6206915823195e-4,2.3797345378884267,31,ok,P12 · mmu04510:Focal adhesion
HYP,CS20230722_SUPT_0481,0481 TMd-DMH Foxd2 Gaba_1,13,P13,postsynaptic density membrane,GOTERM_CC_DIRECT,0.00221281438017762,0.8900280752364476,3,ok,P13 · postsynaptic density membrane
HYP,CS20230722_SUPT_0481,0481 TMd-DMH Foxd2 Gaba_1,14,P14,DNA-binding,UP_KW_MOLECULAR_FUNCTION,0.00453045351224612,1.1031209156124169,14,ok,P14 · DNA-binding
HYP,CS20230722_SUPT_0481,0481 TMd-DMH Foxd2 Gaba_1,15,P15,cilium movement,GOTERM_BP_DIRECT,2.9554267690427e-4,2.0864684555630295,12,ok,P15 · cilium movement
HYP,CS20230722_SUPT_0481,0481 TMd-DMH Foxd2 Gaba_1,16,P16,Transmembrane helix,UP_KW_DOMAIN,0.38156369959422864,0.18469353275205772,0,ok,P16 · Transmembrane helix
HYP,CS20230722_SUPT_0481,0481 TMd-DMH Foxd2 Gaba_1,17,P17,Phosphoprotein,UP_KW_PTM,0.05225304195087835,0.6948670050118185,0,ok,P17 · Phosphoprotein
HYP,CS20230722_SUPT_0481,0481 TMd-DMH Foxd2 Gaba_1,18,P18,TOPO_DOM:Cytoplasmic,UP_SEQ_FEATURE,0.01868663598782424,0.8691405988142932,4,ok,P18 · TOPO_DOM:Cytoplasmic
HYP,CS20230722_SUPT_0481,0481 TMd-DMH Foxd2 Gaba_1,19,P19,CARBOHYD:N-linked (GlcNAc...) asparagine,UP_SEQ_FEATURE,3.7627832916852e-4,2.18109197089668,21,ok,P19 · CARBOHYD:N-linked (GlcNAc...) asparagine
HYP,CS20230722_SUPT_0487,0487 DMH Hmx2 Gaba_1,0,P0,cellular_component,GOTERM_CC_DIRECT,0.02156961918126558,1.332753931624186,2,ok,P0 · cellular_component
HYP,CS20230722_SUPT_0487,0487 DMH Hmx2 Gaba_1,1,P1,DNA binding,GOTERM_MF_DIRECT,0.05108484685887776,0.730396468048205,0,ok,P1 · DNA binding
HYP,CS20230722_SUPT_0487,0487 DMH Hmx2 Gaba_1,2,P2,regulation of synapse organization,GOTERM_BP_DIRECT,6.321283234872256e-6,2.320798939971676,21,ok,P2 · regulation of synapse organization
HYP,CS20230722_SUPT_0487,0487 DMH Hmx2 Gaba_1,3,P3,brain development,GOTERM_BP_DIRECT,0.00198723255837745,2.0149633314289503,7,ok,P3 · brain development
HYP,CS20230722_SUPT_0487,0487 DMH Hmx2 Gaba_1,4,P4,RNA polymerase II-specific DNA-binding transcription factor binding,GOTERM_MF_DIRECT,0.00334957331312865,1.567275110064415,31,ok,P4 · RNA polymerase II-specific DNA-bindin...
HYP,CS20230722_SUPT_0487,0487 DMH Hmx2 Gaba_1,5,P5,DOMAIN:SH3,UP_SEQ_FEATURE,0.00556087848910614,1.47072967926252,11,ok,P5 · DOMAIN:SH3
HYP,CS20230722_SUPT_0487,0487 DMH Hmx2 Gaba_1,6,P6,COMPBIAS:Low complexity,UP_SEQ_FEATURE,0.00347863839952641,1.66259395465677,7,ok,P6 · COMPBIAS:Low complexity
HYP,CS20230722_SUPT_0487,0487 DMH Hmx2 Gaba_1,7,P7,TOPO_DOM:Extracellular,UP_SEQ_FEATURE,7.586422306636148e-6,2.396441238814887,24,ok,P7 · TOPO_DOM:Extracellular
HYP,CS20230722_SUPT_0487,0487 DMH Hmx2 Gaba_1,8,P8,CARBOHYD:N-linked (GlcNAc...) asparagine,UP_SEQ_FEATURE,9.366500166912922e-6,2.183833202653431,9,ok,P8 · CARBOHYD:N-linked (GlcNAc...) asparagine
HYP,CS20230722_SUPT_0487,0487 DMH Hmx2 Gaba_1,9,P9,Glycoprotein,UP_KW_PTM,0.06895733823236976,0.5391182887704624,0,ok,P9 · Glycoprotein
HYP,CS20230722_SUPT_0487,0487 DMH Hmx2 Gaba_1,10,P10,extracellular matrix,GOTERM_CC_DIRECT,0.01917756416183617,0.9360223970188742,1,ok,P10 · extracellular matrix
HYP,CS20230722_SUPT_0487,0487 DMH Hmx2 Gaba_1,11,P11,heparin proteoglycan biosynthetic process,GOTERM_BP_DIRECT,7.154073663857576e-5,1.810954839315956,15,ok,P11 · heparin proteoglycan biosynthetic pro...
HYP,CS20230722_SUPT_0487,0487 DMH Hmx2 Gaba_1,12,P12,CARBOHYD:N-linked (GlcNAc...) asparagine,UP_SEQ_FEATURE,7.0904337987226e-4,1.271077377710547,7,ok,P12 · CARBOHYD:N-linked (GlcNAc...) asparagine
HYP,CS20230722_SUPT_0487,0487 DMH Hmx2 Gaba_1,13,P13,Cytoskeleton,COG_ONTOLOGY,0.00177469497523041,1.771629008515107,2,ok,P13 · Cytoskeleton
HYP,CS20230722_SUPT_0487,0487 DMH Hmx2 Gaba_1,14,P14,positive regulation of cell migration,GOTERM_BP_DIRECT,0.00299953619614859,1.5386055025303962,22,ok,P14 · positive regulation of cell migration
HYP,CS20230722_SUPT_0487,0487 DMH Hmx2 Gaba_1,15,P15,plasma membrane,GOTERM_CC_DIRECT,0.01277837694185256,0.5986398412548922,1,ok,P15 · plasma membrane
HYP,CS20230722_SUPT_0487,0487 DMH Hmx2 Gaba_1,16,P16,ATP binding,GOTERM_MF_DIRECT,0.0455121965261116,0.6031102026292853,1,ok,P16 · ATP binding
HYP,CS20230722_SUPT_0487,0487 DMH Hmx2 Gaba_1,17,P17,nucleus,GOTERM_CC_DIRECT,0.18832220032912467,0.5583553333744454,0,ok,P17 · nucleus
HYP,CS20230722_SUPT_0487,0487 DMH Hmx2 Gaba_1,18,P18,Glycoprotein,UP_KW_PTM,2.8719329958505e-4,1.886761847488144,14,ok,P18 · Glycoprotein
HYP,CS20230722_SUPT_0487,0487 DMH Hmx2 Gaba_1,19,P19,Cytoskeleton,UP_KW_CELLULAR_COMPONENT,0.00237443110487082,1.8299216506813871,6,ok,P19 · Cytoskeleton
HYP,CS20230722_SUPT_0488,0488 DMH Hmx2 Gaba_2,0,P0,mmu04080:Neuroactive ligand-receptor interaction,KEGG_PATHWAY,0.0030915989738687,1.0376686015724907,5,ok,P0 · mmu04080:Neuroactive ligand-receptor ...
HYP,CS20230722_SUPT_0488,0488 DMH Hmx2 Gaba_2,1,P1,plasma membrane,GOTERM_CC_DIRECT,0.01281854470688936,0.7735853476644552,4,ok,P1 · plasma membrane
HYP,CS20230722_SUPT_0488,0488 DMH Hmx2 Gaba_2,2,P2,DOMAIN:C2 1,UP_SEQ_FEATURE,0.00190749359071381,1.7062523591741707,9,ok,P2 · DOMAIN:C2 1
HYP,CS20230722_SUPT_0488,0488 DMH Hmx2 Gaba_2,3,P3,zinc ion binding,GOTERM_MF_DIRECT,3.0980171692981e-4,1.7948621844726735,21,ok,P3 · zinc ion binding
HYP,CS20230722_SUPT_0488,0488 DMH Hmx2 Gaba_2,4,P4,Cell division,UP_KW_BIOLOGICAL_PROCESS,0.03424009856041028,1.3000611486303215,2,ok,P4 · Cell division
HYP,CS20230722_SUPT_0488,0488 DMH Hmx2 Gaba_2,5,P5,regulation of synapse organization,GOTERM_BP_DIRECT,5.5165937447314e-4,1.4300343834320894,7,ok,P5 · regulation of synapse organization
HYP,CS20230722_SUPT_0488,0488 DMH Hmx2 Gaba_2,6,P6,CARBOHYD:N-linked (GlcNAc...) asparagine,UP_SEQ_FEATURE,3.3063789483413e-4,2.5289632543073752,17,ok,P6 · CARBOHYD:N-linked (GlcNAc...) asparagine
HYP,CS20230722_SUPT_0488,0488 DMH Hmx2 Gaba_2,7,P7,Membrane,UP_KW_CELLULAR_COMPONENT,2.135192516021606e-5,1.6333203315847,6,ok,P7 · Membrane
HYP,CS20230722_SUPT_0488,0488 DMH Hmx2 Gaba_2,8,P8,IPR013098:Ig_I-set,INTERPRO,2.5413918061011936e-5,1.9009269187346176,32,ok,P8 · IPR013098:Ig_I-set
HYP,CS20230722_SUPT_0488,0488 DMH Hmx2 Gaba_2,9,P9,mmu04664:Fc epsilon RI signaling pathway,KEGG_PATHWAY,0.00120928629222122,2.0771715638886676,5,ok,P9 · mmu04664:Fc epsilon RI signaling pathway
HYP,CS20230722_SUPT_0488,0488 DMH Hmx2 Gaba_2,10,P10,IPR000152:EGF-type_Asp/Asn_hydroxyl_site,INTERPRO,9.5942830513807e-4,1.9113445066986032,23,ok,P10 · IPR000152:EGF-type_Asp/Asn_hydroxyl_site
HYP,CS20230722_SUPT_0488,0488 DMH Hmx2 Gaba_2,11,P11,Disulfide bond,UP_KW_PTM,0.07614936132777912,0.6670126496344858,0,ok,P11 · Disulfide bond
HYP,CS20230722_SUPT_0488,0488 DMH Hmx2 Gaba_2,12,P12,membrane,GOTERM_CC_DIRECT,0.00416307762080584,0.9232114235820994,2,ok,P12 · membrane
HYP,CS20230722_SUPT_0488,0488 DMH Hmx2 Gaba_2,13,P13,mmu04080:Neuroactive ligand-receptor interaction,KEGG_PATHWAY,5.33312626024683e-5,2.487625642610106,29,ok,P13 · mmu04080:Neuroactive ligand-receptor ...
HYP,CS20230722_SUPT_0488,0488 DMH Hmx2 Gaba_2,14,P14,Secreted,UP_KW_CELLULAR_COMPONENT,0.11355376434889553,0.5332825048420318,0,ok,P14 · Secreted
HYP,CS20230722_SUPT_0488,0488 DMH Hmx2 Gaba_2,15,P15,mmu04081:Hormone signaling,KEGG_PATHWAY,1.4500579218925e-4,1.6029716335833015,3,ok,P15 · mmu04081:Hormone signaling
HYP,CS20230722_SUPT_0488,0488 DMH Hmx2 Gaba_2,16,P16,negative regulation of DNA-templated transcription,GOTERM_BP_DIRECT,0.01397063236037898,1.2947358220833531,6,ok,P16 · negative regulation of DNA-templated ...
HYP,CS20230722_SUPT_0488,0488 DMH Hmx2 Gaba_2,17,P17,Transmembrane helix,UP_KW_DOMAIN,0.6070375471259071,0.16206678596414448,0,ok,P17 · Transmembrane helix
HYP,CS20230722_SUPT_0488,0488 DMH Hmx2 Gaba_2,18,P18,Immunoglobulin domain,UP_KW_DOMAIN,6.8860338327223e-4,1.3997742484582925,15,ok,P18 · Immunoglobulin domain
HYP,CS20230722_SUPT_0488,0488 DMH Hmx2 Gaba_2,19,P19,glutamatergic synapse,GOTERM_CC_DIRECT,8.1803791039947e-4,0.9691977445777662,7,ok,P19 · glutamatergic synapse
HYP,CS20230722_SUPT_0489,0489 DMH Hmx2 Gaba_3,0,P0,methyltransferase activity,GOTERM_MF_DIRECT,0.00258239495894249,2.0009032888232445,8,ok,P0 · methyltransferase activity
HYP,CS20230722_SUPT_0489,0489 DMH Hmx2 Gaba_3,1,P1,Cytoplasm,UP_KW_CELLULAR_COMPONENT,0.00837742094378131,0.8745105705712962,2,ok,P1 · Cytoplasm
HYP,CS20230722_SUPT_0489,0489 DMH Hmx2 Gaba_3,2,P2,cell surface,GOTERM_CC_DIRECT,0.00421209482482768,1.054211296810357,6,ok,P2 · cell surface
HYP,CS20230722_SUPT_0489,0489 DMH Hmx2 Gaba_3,3,P3,cell surface,GOTERM_CC_DIRECT,6.877731878715702e-6,1.782892340349634,15,ok,P3 · cell surface
HYP,CS20230722_SUPT_0489,0489 DMH Hmx2 Gaba_3,4,P4,IPR003961:FN3_dom,INTERPRO,4.596811050398761e-5,2.4702780114795866,8,ok,P4 · IPR003961:FN3_dom
HYP,CS20230722_SUPT_0489,0489 DMH Hmx2 Gaba_3,5,P5,postsynaptic membrane,GOTERM_CC_DIRECT,0.00743204725875369,1.340771094240315,8,ok,P5 · postsynaptic membrane
HYP,CS20230722_SUPT_0489,0489 DMH Hmx2 Gaba_3,6,P6,photoreceptor inner segment,GOTERM_CC_DIRECT,0.00311383198898593,1.3546929271527413,7,ok,P6 · photoreceptor inner segment
HYP,CS20230722_SUPT_0489,0489 DMH Hmx2 Gaba_3,7,P7,biological_process,GOTERM_BP_DIRECT,0.03024310827897287,0.9452395224777086,1,ok,P7 · biological_process
HYP,CS20230722_SUPT_0489,0489 DMH Hmx2 Gaba_3,8,P8,mmu04360:Axon guidance,KEGG_PATHWAY,2.027242952655847e-5,2.664400775435591,30,ok,P8 · mmu04360:Axon guidance
HYP,CS20230722_SUPT_0489,0489 DMH Hmx2 Gaba_3,9,P9,DOMAIN:C2 1,UP_SEQ_FEATURE,0.00598396101824919,1.765875517144644,19,ok,P9 · DOMAIN:C2 1
HYP,CS20230722_SUPT_0489,0489 DMH Hmx2 Gaba_3,10,P10,Activator,UP_KW_MOLECULAR_FUNCTION,0.0385847569750091,0.9495143436910444,1,ok,P10 · Activator
HYP,CS20230722_SUPT_0489,0489 DMH Hmx2 Gaba_3,11,P11,presynaptic modulation of chemical synaptic transmission,GOTERM_BP_DIRECT,6.812140434333e-4,1.1372330486890068,8,ok,P11 · presynaptic modulation of chemical sy...
HYP,CS20230722_SUPT_0489,0489 DMH Hmx2 Gaba_3,12,P12,COMPBIAS:Low complexity,UP_SEQ_FEATURE,0.2214495110422593,0.35578886345734934,0,ok,P12 · COMPBIAS:Low complexity
HYP,CS20230722_SUPT_0489,0489 DMH Hmx2 Gaba_3,13,P13,synapse,GOTERM_CC_DIRECT,4.6768801306659e-4,1.9973313357134344,26,ok,P13 · synapse
HYP,CS20230722_SUPT_0489,0489 DMH Hmx2 Gaba_3,14,P14,cell surface,GOTERM_CC_DIRECT,0.07371912086816444,0.7163995455949118,0,ok,P14 · cell surface
HYP,CS20230722_SUPT_0489,0489 DMH Hmx2 Gaba_3,15,P15,cellular_component,GOTERM_CC_DIRECT,5.885439444882362e-5,3.287039031103989,3,ok,P15 · cellular_component
HYP,CS20230722_SUPT_0489,0489 DMH Hmx2 Gaba_3,16,P16,DOMAIN:Ig-like,UP_SEQ_FEATURE,0.00347362181887709,1.1548409249911924,10,ok,P16 · DOMAIN:Ig-like
HYP,CS20230722_SUPT_0489,0489 DMH Hmx2 Gaba_3,17,P17,cilium,GOTERM_CC_DIRECT,0.0044258323611796,1.296953590877795,7,ok,P17 · cilium
HYP,CS20230722_SUPT_0489,0489 DMH Hmx2 Gaba_3,18,P18,TOPO_DOM:Cytoplasmic,UP_SEQ_FEATURE,0.00608557872541799,1.0938374396645616,4,ok,P18 · TOPO_DOM:Cytoplasmic
HYP,CS20230722_SUPT_0489,0489 DMH Hmx2 Gaba_3,19,P19,mmu05014:Amyotrophic lateral sclerosis,KEGG_PATHWAY,7.832432444270296e-5,2.163969010559972,13,ok,P19 · mmu05014:Amyotrophic lateral sclerosis
HYP,CS20230722_SUPT_0491,0491 DMH Hmx2 Gaba_5,0,P0,Developmental protein,UP_KW_MOLECULAR_FUNCTION,5.9405377543903e-4,1.8957694619742456,13,ok,P0 · Developmental protein
HYP,CS20230722_SUPT_0491,0491 DMH Hmx2 Gaba_5,1,P1,Cleavage on pair of basic residues,UP_KW_PTM,0.0020789523831865,2.056041602796075,12,ok,P1 · Cleavage on pair of basic residues
HYP,CS20230722_SUPT_0491,0491 DMH Hmx2 Gaba_5,2,P2,CARBOHYD:N-linked (GlcNAc...) asparagine,UP_SEQ_FEATURE,5.1374673877349e-4,1.6699214809853966,16,ok,P2 · CARBOHYD:N-linked (GlcNAc...) asparagine
HYP,CS20230722_SUPT_0491,0491 DMH Hmx2 Gaba_5,3,P3,plasma membrane,GOTERM_CC_DIRECT,0.01850798825417858,0.9001635493167538,2,ok,P3 · plasma membrane
HYP,CS20230722_SUPT_0491,0491 DMH Hmx2 Gaba_5,4,P4,membrane raft,GOTERM_CC_DIRECT,2.1192069984666e-4,1.5245190288622077,12,ok,P4 · membrane raft
HYP,CS20230722_SUPT_0491,0491 DMH Hmx2 Gaba_5,5,P5,COMPBIAS:Basic and acidic residues,UP_SEQ_FEATURE,0.02281187354662308,0.781651104991069,2,ok,P5 · COMPBIAS:Basic and acidic residues
HYP,CS20230722_SUPT_0491,0491 DMH Hmx2 Gaba_5,6,P6,neuron development,GOTERM_BP_DIRECT,1.0632451626949e-4,2.353786788298545,52,ok,P6 · neuron development
HYP,CS20230722_SUPT_0491,0491 DMH Hmx2 Gaba_5,7,P7,COMPBIAS:Basic residues,UP_SEQ_FEATURE,0.12855518938744415,0.6238640522353288,0,ok,P7 · COMPBIAS:Basic residues
HYP,CS20230722_SUPT_0491,0491 DMH Hmx2 Gaba_5,8,P8,CARBOHYD:N-linked (GlcNAc...) asparagine,UP_SEQ_FEATURE,0.00132950527270885,1.4274117724576298,10,ok,P8 · CARBOHYD:N-linked (GlcNAc...) asparagine
HYP,CS20230722_SUPT_0491,0491 DMH Hmx2 Gaba_5,9,P9,DOMAIN:EGF-like,UP_SEQ_FEATURE,2.6878029256663e-4,1.9423821656966769,12,ok,P9 · DOMAIN:EGF-like
HYP,CS20230722_SUPT_0491,0491 DMH Hmx2 Gaba_5,10,P10,cytosol,GOTERM_CC_DIRECT,0.00759967940202446,1.2564998185474614,2,ok,P10 · cytosol
HYP,CS20230722_SUPT_0491,0491 DMH Hmx2 Gaba_5,11,P11,Transmembrane,UP_KW_DOMAIN,0.2437701243301479,0.3393485842016352,0,ok,P11 · Transmembrane
HYP,CS20230722_SUPT_0491,0491 DMH Hmx2 Gaba_5,12,P12,IPR013098:Ig_I-set,INTERPRO,1.0253006500958e-4,1.9880516355857265,23,ok,P12 · IPR013098:Ig_I-set
HYP,CS20230722_SUPT_0491,0491 DMH Hmx2 Gaba_5,13,P13,CARBOHYD:N-linked (GlcNAc...) asparagine,UP_SEQ_FEATURE,0.00472214407533344,0.6996196871477823,3,ok,P13 · CARBOHYD:N-linked (GlcNAc...) asparagine
HYP,CS20230722_SUPT_0491,0491 DMH Hmx2 Gaba_5,14,P14,CARBOHYD:N-linked (GlcNAc...) asparagine,UP_SEQ_FEATURE,0.00357226444970044,1.72596965509591,7,ok,P14 · CARBOHYD:N-linked (GlcNAc...) asparagine
HYP,CS20230722_SUPT_0491,0491 DMH Hmx2 Gaba_5,15,P15,biological_process,GOTERM_BP_DIRECT,0.03024310827897287,1.2854041291521412,2,ok,P15 · biological_process
HYP,CS20230722_SUPT_0491,0491 DMH Hmx2 Gaba_5,16,P16,TOPO_DOM:Cytoplasmic,UP_SEQ_FEATURE,0.2873365957210783,0.352581942595871,0,ok,P16 · TOPO_DOM:Cytoplasmic
HYP,CS20230722_SUPT_0491,0491 DMH Hmx2 Gaba_5,17,P17,nucleoplasm,GOTERM_CC_DIRECT,0.03510853897463685,1.0166239942516997,1,ok,P17 · nucleoplasm
HYP,CS20230722_SUPT_0491,0491 DMH Hmx2 Gaba_5,18,P18,Growth factor,UP_KW_MOLECULAR_FUNCTION,0.00198439004404602,1.892236153547442,15,ok,P18 · Growth factor
HYP,CS20230722_SUPT_0491,0491 DMH Hmx2 Gaba_5,19,P19,cell adhesion,GOTERM_BP_DIRECT,0.01516541287195972,1.0265055551447435,4,ok,P19 · cell adhesion
HYP,CS20230722_SUPT_0493,0493 ARH-PVp Tbx3 Gaba_1,0,P0,Cytoplasm,UP_KW_CELLULAR_COMPONENT,0.05680312306241405,0.9233532440249336,0,ok,P0 · Cytoplasm
HYP,CS20230722_SUPT_0493,0493 ARH-PVp Tbx3 Gaba_1,1,P1,Membrane,UP_KW_CELLULAR_COMPONENT,5.8396177747086e-4,2.276398594673914,18,ok,P1 · Membrane
HYP,CS20230722_SUPT_0493,0493 ARH-PVp Tbx3 Gaba_1,2,P2,CARBOHYD:N-linked (GlcNAc...) asparagine,UP_SEQ_FEATURE,0.01506170021241374,1.057460821642468,5,ok,P2 · CARBOHYD:N-linked (GlcNAc...) asparagine
HYP,CS20230722_SUPT_0493,0493 ARH-PVp Tbx3 Gaba_1,3,P3,dendritic spine,GOTERM_CC_DIRECT,4.246756733410007e-6,2.443877298107935,29,ok,P3 · dendritic spine
HYP,CS20230722_SUPT_0493,0493 ARH-PVp Tbx3 Gaba_1,4,P4,plasma membrane,GOTERM_CC_DIRECT,0.02547578043678973,0.6977636481902014,2,ok,P4 · plasma membrane
HYP,CS20230722_SUPT_0493,0493 ARH-PVp Tbx3 Gaba_1,5,P5,signaling receptor activity,GOTERM_MF_DIRECT,0.0168526884742275,0.8499335285469108,3,ok,P5 · signaling receptor activity
HYP,CS20230722_SUPT_0493,0493 ARH-PVp Tbx3 Gaba_1,6,P6,TRANSMEM:Helical; Signal-anchor for type II membrane protein,UP_SEQ_FEATURE,3.3815713978577e-4,2.318615702505186,18,ok,P6 · TRANSMEM:Helical; Signal-anchor for t...
HYP,CS20230722_SUPT_0493,0493 ARH-PVp Tbx3 Gaba_1,7,P7,signal transduction,GOTERM_BP_DIRECT,2.8517460823957e-4,1.635319185392292,11,ok,P7 · signal transduction
HYP,CS20230722_SUPT_0493,0493 ARH-PVp Tbx3 Gaba_1,8,P8,cell adhesion,GOTERM_BP_DIRECT,2.106455505988895e-6,2.821379284536788,42,ok,P8 · cell adhesion
HYP,CS20230722_SUPT_0493,0493 ARH-PVp Tbx3 Gaba_1,9,P9,COMPBIAS:Polar residues,UP_SEQ_FEATURE,0.2671809970588769,0.47342814618509826,0,ok,P9 · COMPBIAS:Polar residues
HYP,CS20230722_SUPT_0493,0493 ARH-PVp Tbx3 Gaba_1,10,P10,transcription cis-regulatory region binding,GOTERM_MF_DIRECT,0.01356561946396011,0.6718545293075374,2,ok,P10 · transcription cis-regulatory region b...
HYP,CS20230722_SUPT_0493,0493 ARH-PVp Tbx3 Gaba_1,11,P11,IPR050169:Krueppel_C2H2_ZnF,INTERPRO,0.01019212893554595,0.8245517527534731,3,ok,P11 · IPR050169:Krueppel_C2H2_ZnF
HYP,CS20230722_SUPT_0493,0493 ARH-PVp Tbx3 Gaba_1,12,P12,cell surface receptor signaling pathway,GOTERM_BP_DIRECT,0.01487086310693415,1.2067543858733918,6,ok,P12 · cell surface receptor signaling pathway
HYP,CS20230722_SUPT_0493,0493 ARH-PVp Tbx3 Gaba_1,13,P13,NA,NA,NA,NA,0,no_terms,P13
HYP,CS20230722_SUPT_0493,0493 ARH-PVp Tbx3 Gaba_1,14,P14,positive regulation of cell migration,GOTERM_BP_DIRECT,4.4592959204381e-4,1.2802428042269405,6,ok,P14 · positive regulation of cell migration
HYP,CS20230722_SUPT_0493,0493 ARH-PVp Tbx3 Gaba_1,15,P15,Cell projection,UP_KW_CELLULAR_COMPONENT,0.08015632840097069,0.5625185099962113,0,ok,P15 · Cell projection
HYP,CS20230722_SUPT_0493,0493 ARH-PVp Tbx3 Gaba_1,16,P16,Motor protein,UP_KW_MOLECULAR_FUNCTION,0.01347029360954633,1.3085342550645305,6,ok,P16 · Motor protein
HYP,CS20230722_SUPT_0493,0493 ARH-PVp Tbx3 Gaba_1,17,P17,Cell projection,UP_KW_CELLULAR_COMPONENT,3.0328172011796e-4,1.456339643884672,4,ok,P17 · Cell projection
HYP,CS20230722_SUPT_0493,0493 ARH-PVp Tbx3 Gaba_1,18,P18,zinc ion binding,GOTERM_MF_DIRECT,0.01449082415780018,1.130772601634431,6,ok,P18 · zinc ion binding
HYP,CS20230722_SUPT_0493,0493 ARH-PVp Tbx3 Gaba_1,19,P19,Calcium,UP_KW_LIGAND,8.1322330474349e-4,2.115325895622615,17,ok,P19 · Calcium
HYP,CS20230722_SUPT_0495,0495 ARH-PVp Tbx3 Gaba_3,0,P0,small GTPase-mediated signal transduction,GOTERM_BP_DIRECT,9.2470980206925e-4,1.4261006215887737,8,ok,P0 · small GTPase-mediated signal transduc...
HYP,CS20230722_SUPT_0495,0495 ARH-PVp Tbx3 Gaba_3,1,P1,nucleus,GOTERM_CC_DIRECT,0.00858021452864512,1.0745584000551465,2,ok,P1 · nucleus
HYP,CS20230722_SUPT_0495,0495 ARH-PVp Tbx3 Gaba_3,2,P2,Disulfide bond,UP_KW_PTM,7.037093529210714e-5,1.7673495716956038,19,ok,P2 · Disulfide bond
HYP,CS20230722_SUPT_0495,0495 ARH-PVp Tbx3 Gaba_3,3,P3,COMPBIAS:Low complexity,UP_SEQ_FEATURE,0.00220595613700382,1.546311931853179,9,ok,P3 · COMPBIAS:Low complexity
HYP,CS20230722_SUPT_0495,0495 ARH-PVp Tbx3 Gaba_3,4,P4,monoatomic ion transmembrane transport,GOTERM_BP_DIRECT,0.00416769964332088,0.5906404269783738,2,ok,P4 · monoatomic ion transmembrane transport
HYP,CS20230722_SUPT_0495,0495 ARH-PVp Tbx3 Gaba_3,5,P5,intracellular signal transduction,GOTERM_BP_DIRECT,0.01618366594502797,1.0380136288517507,9,ok,P5 · intracellular signal transduction
HYP,CS20230722_SUPT_0495,0495 ARH-PVp Tbx3 Gaba_3,6,P6,zinc ion binding,GOTERM_MF_DIRECT,0.32127966137197905,0.3074249928846118,0,ok,P6 · zinc ion binding
HYP,CS20230722_SUPT_0495,0495 ARH-PVp Tbx3 Gaba_3,7,P7,cell adhesion,GOTERM_BP_DIRECT,1.0563989933675455e-5,2.8082945967817268,30,ok,P7 · cell adhesion
HYP,CS20230722_SUPT_0495,0495 ARH-PVp Tbx3 Gaba_3,8,P8,Glycoprotein,UP_KW_PTM,0.00287438519339325,1.2300393189919288,4,ok,P8 · Glycoprotein
HYP,CS20230722_SUPT_0495,0495 ARH-PVp Tbx3 Gaba_3,9,P9,TRANSMEM:Helical,UP_SEQ_FEATURE,0.2165703994736361,0.4522811300489285,0,ok,P9 · TRANSMEM:Helical
HYP,CS20230722_SUPT_0495,0495 ARH-PVp Tbx3 Gaba_3,10,P10,membrane,GOTERM_CC_DIRECT,0.0809487153581182,0.6810795511109912,0,ok,P10 · membrane
HYP,CS20230722_SUPT_0495,0495 ARH-PVp Tbx3 Gaba_3,11,P11,negative regulation of cell population proliferation,GOTERM_BP_DIRECT,0.03576296540839321,0.6508227797043058,1,ok,P11 · negative regulation of cell populatio...
HYP,CS20230722_SUPT_0495,0495 ARH-PVp Tbx3 Gaba_3,12,P12,NA,NA,NA,NA,0,no_terms,P12
HYP,CS20230722_SUPT_0495,0495 ARH-PVp Tbx3 Gaba_3,13,P13,negative regulation of DNA-templated transcription,GOTERM_BP_DIRECT,0.01565553243874988,1.622556043380334,8,ok,P13 · negative regulation of DNA-templated ...
HYP,CS20230722_SUPT_0495,0495 ARH-PVp Tbx3 Gaba_3,14,P14,axon guidance,GOTERM_BP_DIRECT,2.5691654796627e-4,1.6365490368368925,27,ok,P14 · axon guidance
HYP,CS20230722_SUPT_0495,0495 ARH-PVp Tbx3 Gaba_3,15,P15,metal ion binding,GOTERM_MF_DIRECT,0.0111529162112061,0.5838835407769095,1,ok,P15 · metal ion binding
HYP,CS20230722_SUPT_0495,0495 ARH-PVp Tbx3 Gaba_3,16,P16,COMPBIAS:Polar residues,UP_SEQ_FEATURE,7.7519573613902e-4,1.4004231499690811,6,ok,P16 · COMPBIAS:Polar residues
HYP,CS20230722_SUPT_0495,0495 ARH-PVp Tbx3 Gaba_3,17,P17,extracellular matrix,GOTERM_CC_DIRECT,0.00924940493085581,0.9489954929910606,1,ok,P17 · extracellular matrix
HYP,CS20230722_SUPT_0495,0495 ARH-PVp Tbx3 Gaba_3,18,P18,cilium,GOTERM_CC_DIRECT,0.01099856573189282,1.302401512917327,3,ok,P18 · cilium
HYP,CS20230722_SUPT_0495,0495 ARH-PVp Tbx3 Gaba_3,19,P19,plasma membrane,GOTERM_CC_DIRECT,1.3603309820948993e-7,3.45053163112623,33,ok,P19 · plasma membrane
HYP,CS20230722_SUPT_0524,0524 LHA Barhl2 Glut_1,0,P0,Developmental protein,UP_KW_MOLECULAR_FUNCTION,0.00989192993722142,1.5607519679284192,2,ok,P0 · Developmental protein
HYP,CS20230722_SUPT_0524,0524 LHA Barhl2 Glut_1,1,P1,mitochondrial matrix,GOTERM_CC_DIRECT,0.00345815227130976,1.0977170528398552,11,ok,P1 · mitochondrial matrix
HYP,CS20230722_SUPT_0524,0524 LHA Barhl2 Glut_1,2,P2,Repeat,UP_KW_DOMAIN,0.00253799573919727,0.7582411199401301,3,ok,P2 · Repeat
HYP,CS20230722_SUPT_0524,0524 LHA Barhl2 Glut_1,3,P3,positive regulation of cell migration,GOTERM_BP_DIRECT,2.8505100260928e-4,2.576141781755574,14,ok,P3 · positive regulation of cell migration
HYP,CS20230722_SUPT_0524,0524 LHA Barhl2 Glut_1,4,P4,L-amino acid transmembrane transporter activity,GOTERM_MF_DIRECT,2.1450661113077e-4,1.5406558199022709,9,ok,P4 · L-amino acid transmembrane transporte...
HYP,CS20230722_SUPT_0524,0524 LHA Barhl2 Glut_1,5,P5,Cell membrane,UP_KW_CELLULAR_COMPONENT,0.00314383746565743,1.2435948039682103,8,ok,P5 · Cell membrane
HYP,CS20230722_SUPT_0524,0524 LHA Barhl2 Glut_1,6,P6,positive regulation of gene expression,GOTERM_BP_DIRECT,0.00107038830146746,1.9221770976347672,24,ok,P6 · positive regulation of gene expression
HYP,CS20230722_SUPT_0524,0524 LHA Barhl2 Glut_1,7,P7,plasma membrane,GOTERM_CC_DIRECT,6.7264937861348e-4,1.3245875224584285,3,ok,P7 · plasma membrane
HYP,CS20230722_SUPT_0524,0524 LHA Barhl2 Glut_1,8,P8,cellular_component,GOTERM_CC_DIRECT,0.08178707304346822,0.8800466310612028,0,ok,P8 · cellular_component
HYP,CS20230722_SUPT_0524,0524 LHA Barhl2 Glut_1,9,P9,Membrane,UP_KW_CELLULAR_COMPONENT,0.00438313374201319,1.3607999772456365,7,ok,P9 · Membrane
HYP,CS20230722_SUPT_0524,0524 LHA Barhl2 Glut_1,10,P10,CARBOHYD:N-linked (GlcNAc...) asparagine,UP_SEQ_FEATURE,1.1057519780323e-4,1.8519178254009685,15,ok,P10 · CARBOHYD:N-linked (GlcNAc...) asparagine
HYP,CS20230722_SUPT_0524,0524 LHA Barhl2 Glut_1,11,P11,Ion channel,UP_KW_MOLECULAR_FUNCTION,8.901186500564881e-6,2.3725146249889018,45,ok,P11 · Ion channel
HYP,CS20230722_SUPT_0524,0524 LHA Barhl2 Glut_1,12,P12,IPR011993:PH-like_dom_sf,INTERPRO,3.9563833130448e-4,2.0131479302751094,10,ok,P12 · IPR011993:PH-like_dom_sf
HYP,CS20230722_SUPT_0524,0524 LHA Barhl2 Glut_1,13,P13,COMPBIAS:Low complexity,UP_SEQ_FEATURE,0.01240911319759204,0.8822999390674093,2,ok,P13 · COMPBIAS:Low complexity
HYP,CS20230722_SUPT_0524,0524 LHA Barhl2 Glut_1,14,P14,Developmental protein,UP_KW_MOLECULAR_FUNCTION,0.00127643977854113,1.8572057900335737,9,ok,P14 · Developmental protein
HYP,CS20230722_SUPT_0524,0524 LHA Barhl2 Glut_1,15,P15,Transmembrane,UP_KW_DOMAIN,0.10663623234119518,0.35426207901347095,0,ok,P15 · Transmembrane
HYP,CS20230722_SUPT_0524,0524 LHA Barhl2 Glut_1,16,P16,transcription coactivator binding,GOTERM_MF_DIRECT,4.7102290061223e-4,0.8126949595470077,1,ok,P16 · transcription coactivator binding
HYP,CS20230722_SUPT_0524,0524 LHA Barhl2 Glut_1,17,P17,Disulfide bond,UP_KW_PTM,0.07614936132777912,0.5864908558797574,0,ok,P17 · Disulfide bond
HYP,CS20230722_SUPT_0524,0524 LHA Barhl2 Glut_1,18,P18,cell surface,GOTERM_CC_DIRECT,0.00459779272916236,0.658740969441806,2,ok,P18 · cell surface
HYP,CS20230722_SUPT_0524,0524 LHA Barhl2 Glut_1,19,P19,CARBOHYD:N-linked (GlcNAc...) asparagine,UP_SEQ_FEATURE,0.00811466379609858,0.644219381810282,4,ok,P19 · CARBOHYD:N-linked (GlcNAc...) asparagine
HYP,CS20230722_SUPT_0525,0525 LHA Barhl2 Glut_2,0,P0,"DNA-binding transcription activator activity, RNA polymerase II-specific",GOTERM_MF_DIRECT,0.01359612817735011,0.9099471540134532,6,ok,P0 · DNA-binding transcription activator a...
HYP,CS20230722_SUPT_0525,0525 LHA Barhl2 Glut_2,1,P1,L-amino acid transmembrane transporter activity,GOTERM_MF_DIRECT,2.1450661113077e-4,1.9020982109366915,11,ok,P1 · L-amino acid transmembrane transporte...
HYP,CS20230722_SUPT_0525,0525 LHA Barhl2 Glut_2,2,P2,Cytoskeleton,UP_KW_CELLULAR_COMPONENT,0.07741550788977287,0.5950108378761311,0,ok,P2 · Cytoskeleton
HYP,CS20230722_SUPT_0525,0525 LHA Barhl2 Glut_2,3,P3,mmu04360:Axon guidance,KEGG_PATHWAY,1.652376493684161e-7,3.2582728218214423,56,ok,P3 · mmu04360:Axon guidance
HYP,CS20230722_SUPT_0525,0525 LHA Barhl2 Glut_2,4,P4,TOPO_DOM:Extracellular,UP_SEQ_FEATURE,0.02951138117422456,0.7542262485308588,2,ok,P4 · TOPO_DOM:Extracellular
HYP,CS20230722_SUPT_0525,0525 LHA Barhl2 Glut_2,5,P5,neuropeptide signaling pathway,GOTERM_BP_DIRECT,0.00172998567004911,1.6736215711899347,6,ok,P5 · neuropeptide signaling pathway
HYP,CS20230722_SUPT_0525,0525 LHA Barhl2 Glut_2,6,P6,MOTIF:Nuclear localization signal,UP_SEQ_FEATURE,0.02668932735469589,0.5195258801208188,1,ok,P6 · MOTIF:Nuclear localization signal
HYP,CS20230722_SUPT_0525,0525 LHA Barhl2 Glut_2,7,P7,mmu04512:ECM-receptor interaction,KEGG_PATHWAY,6.2014373941546e-4,1.9310538166824165,18,ok,P7 · mmu04512:ECM-receptor interaction
HYP,CS20230722_SUPT_0525,0525 LHA Barhl2 Glut_2,8,P8,Cleavage on pair of basic residues,UP_KW_PTM,0.0020789523831865,1.3236530260576225,4,ok,P8 · Cleavage on pair of basic residues
HYP,CS20230722_SUPT_0525,0525 LHA Barhl2 Glut_2,9,P9,DOMAIN:EF-hand 1,UP_SEQ_FEATURE,0.01606153548656663,1.319231749125933,7,ok,P9 · DOMAIN:EF-hand 1
HYP,CS20230722_SUPT_0525,0525 LHA Barhl2 Glut_2,10,P10,inner dynein arm,GOTERM_CC_DIRECT,1.442943363782242e-5,3.264611489002121,44,ok,P10 · inner dynein arm
HYP,CS20230722_SUPT_0525,0525 LHA Barhl2 Glut_2,11,P11,nucleoplasm,GOTERM_CC_DIRECT,0.06878291517310842,0.9466728893672364,0,ok,P11 · nucleoplasm
HYP,CS20230722_SUPT_0525,0525 LHA Barhl2 Glut_2,12,P12,CARBOHYD:N-linked (GlcNAc...) asparagine,UP_SEQ_FEATURE,4.52300808484e-4,2.507815108079679,33,ok,P12 · CARBOHYD:N-linked (GlcNAc...) asparagine
HYP,CS20230722_SUPT_0525,0525 LHA Barhl2 Glut_2,13,P13,cell adhesion,GOTERM_BP_DIRECT,0.02088155240453479,0.8574923863481961,1,ok,P13 · cell adhesion
HYP,CS20230722_SUPT_0525,0525 LHA Barhl2 Glut_2,14,P14,Repressor,UP_KW_MOLECULAR_FUNCTION,0.00684750487919706,1.1802128112532233,5,ok,P14 · Repressor
HYP,CS20230722_SUPT_0525,0525 LHA Barhl2 Glut_2,15,P15,positive regulation of cell population proliferation,GOTERM_BP_DIRECT,0.01628075142807364,0.6889924903522,2,ok,P15 · positive regulation of cell populatio...
HYP,CS20230722_SUPT_0525,0525 LHA Barhl2 Glut_2,16,P16,cytoskeleton,GOTERM_CC_DIRECT,0.04263936766359082,0.9328715359853994,1,ok,P16 · cytoskeleton
HYP,CS20230722_SUPT_0525,0525 LHA Barhl2 Glut_2,17,P17,Glycoprotein,UP_KW_PTM,0.00742085220202011,1.107126395508791,4,ok,P17 · Glycoprotein
HYP,CS20230722_SUPT_0525,0525 LHA Barhl2 Glut_2,18,P18,Phosphoprotein,UP_KW_PTM,0.05760692734616479,0.992618715434908,0,ok,P18 · Phosphoprotein
HYP,CS20230722_SUPT_0525,0525 LHA Barhl2 Glut_2,19,P19,DOMAIN:Fibronectin type-III,UP_SEQ_FEATURE,3.598379800218677e-5,3.123669343530839,39,ok,P19 · DOMAIN:Fibronectin type-III
HYP,CS20230722_SUPT_0530,0530 SI-MA-LPO-LHA Skor1 Glut_1,0,P0,cilium movement involved in cell motility,GOTERM_BP_DIRECT,2.96717293152431e-6,2.9577047335376947,43,ok,P0 · cilium movement involved in cell moti...
HYP,CS20230722_SUPT_0530,0530 SI-MA-LPO-LHA Skor1 Glut_1,1,P1,plasma membrane,GOTERM_CC_DIRECT,3.9157761861088e-4,1.3622168710038416,6,ok,P1 · plasma membrane
HYP,CS20230722_SUPT_0530,0530 SI-MA-LPO-LHA Skor1 Glut_1,2,P2,Transcription regulation,UP_KW_BIOLOGICAL_PROCESS,0.04160487857110619,0.760218009136399,3,ok,P2 · Transcription regulation
HYP,CS20230722_SUPT_0530,0530 SI-MA-LPO-LHA Skor1 Glut_1,3,P3,CARBOHYD:N-linked (GlcNAc...) asparagine,UP_SEQ_FEATURE,0.00221409170729576,1.432656844334564,7,ok,P3 · CARBOHYD:N-linked (GlcNAc...) asparagine
HYP,CS20230722_SUPT_0530,0530 SI-MA-LPO-LHA Skor1 Glut_1,4,P4,Glycoprotein,UP_KW_PTM,0.00715958759208794,0.9555643463719083,6,ok,P4 · Glycoprotein
HYP,CS20230722_SUPT_0530,0530 SI-MA-LPO-LHA Skor1 Glut_1,5,P5,regulation of synapse organization,GOTERM_BP_DIRECT,3.7428858300774e-4,1.9006346097293632,14,ok,P5 · regulation of synapse organization
HYP,CS20230722_SUPT_0530,0530 SI-MA-LPO-LHA Skor1 Glut_1,6,P6,cell division,GOTERM_BP_DIRECT,0.00133781356431775,1.8281402220487435,5,ok,P6 · cell division
HYP,CS20230722_SUPT_0530,0530 SI-MA-LPO-LHA Skor1 Glut_1,7,P7,Secreted,UP_KW_CELLULAR_COMPONENT,0.06954254890209123,0.4886838112901853,0,ok,P7 · Secreted
HYP,CS20230722_SUPT_0530,0530 SI-MA-LPO-LHA Skor1 Glut_1,8,P8,metal ion binding,GOTERM_MF_DIRECT,0.00179932027247024,1.4323676806705747,1,ok,P8 · metal ion binding
HYP,CS20230722_SUPT_0530,0530 SI-MA-LPO-LHA Skor1 Glut_1,9,P9,Mitochondrion inner membrane,UP_KW_CELLULAR_COMPONENT,0.0113301233400571,1.2241173601469613,8,ok,P9 · Mitochondrion inner membrane
HYP,CS20230722_SUPT_0530,0530 SI-MA-LPO-LHA Skor1 Glut_1,10,P10,Transit peptide,UP_KW_DOMAIN,0.00243454595401262,1.6903996439084572,5,ok,P10 · Transit peptide
HYP,CS20230722_SUPT_0530,0530 SI-MA-LPO-LHA Skor1 Glut_1,11,P11,axon,GOTERM_CC_DIRECT,0.04921564886134855,0.5989250162549027,1,ok,P11 · axon
HYP,CS20230722_SUPT_0530,0530 SI-MA-LPO-LHA Skor1 Glut_1,12,P12,CARBOHYD:N-linked (GlcNAc...) asparagine,UP_SEQ_FEATURE,1.477597117314514e-6,3.288464108004471,15,ok,P12 · CARBOHYD:N-linked (GlcNAc...) asparagine
HYP,CS20230722_SUPT_0530,0530 SI-MA-LPO-LHA Skor1 Glut_1,13,P13,ACT_SITE:Proton acceptor,UP_SEQ_FEATURE,0.00999069991522034,0.8940740110577894,6,ok,P13 · ACT_SITE:Proton acceptor
HYP,CS20230722_SUPT_0530,0530 SI-MA-LPO-LHA Skor1 Glut_1,14,P14,postsynaptic membrane,GOTERM_CC_DIRECT,2.0678073851441e-4,1.431474450162739,30,ok,P14 · postsynaptic membrane
HYP,CS20230722_SUPT_0530,0530 SI-MA-LPO-LHA Skor1 Glut_1,15,P15,CARBOHYD:N-linked (GlcNAc...) asparagine,UP_SEQ_FEATURE,2.0433225637942e-4,2.115703018332142,11,ok,P15 · CARBOHYD:N-linked (GlcNAc...) asparagine
HYP,CS20230722_SUPT_0530,0530 SI-MA-LPO-LHA Skor1 Glut_1,16,P16,CARBOHYD:N-linked (GlcNAc...) asparagine,UP_SEQ_FEATURE,0.03117014522884803,0.5935933151719724,1,ok,P16 · CARBOHYD:N-linked (GlcNAc...) asparagine
HYP,CS20230722_SUPT_0530,0530 SI-MA-LPO-LHA Skor1 Glut_1,17,P17,NA,NA,NA,NA,0,no_terms,P17
HYP,CS20230722_SUPT_0530,0530 SI-MA-LPO-LHA Skor1 Glut_1,18,P18,heparan sulfate proteoglycan biosynthetic process,GOTERM_BP_DIRECT,4.927455055562975e-5,2.207465811146846,23,ok,P18 · heparan sulfate proteoglycan biosynth...
HYP,CS20230722_SUPT_0530,0530 SI-MA-LPO-LHA Skor1 Glut_1,19,P19,DOMAIN:EF-hand 1,UP_SEQ_FEATURE,0.00702308510222849,1.4506110489140358,6,ok,P19 · DOMAIN:EF-hand 1
HYP,CS20230722_SUPT_0544,0544 DMH Nkx2-4 Glut_1,0,P0,endoplasmic reticulum membrane,GOTERM_CC_DIRECT,0.17102100442440202,0.5312237866253042,0,ok,P0 · endoplasmic reticulum membrane
HYP,CS20230722_SUPT_0544,0544 DMH Nkx2-4 Glut_1,1,P1,DOMAIN:Fibronectin type-III,UP_SEQ_FEATURE,1.4695619121856173e-6,2.34646481007469,52,ok,P1 · DOMAIN:Fibronectin type-III
HYP,CS20230722_SUPT_0544,0544 DMH Nkx2-4 Glut_1,2,P2,cell surface,GOTERM_CC_DIRECT,1.1426466031417e-4,1.7100802641088435,20,ok,P2 · cell surface
HYP,CS20230722_SUPT_0544,0544 DMH Nkx2-4 Glut_1,3,P3,Transmembrane helix,UP_KW_DOMAIN,0.2048299928916108,0.33174181475045245,0,ok,P3 · Transmembrane helix
HYP,CS20230722_SUPT_0544,0544 DMH Nkx2-4 Glut_1,4,P4,monoatomic ion transport,GOTERM_BP_DIRECT,1.1695490924574636e-6,3.0062197903460706,99,ok,P4 · monoatomic ion transport
HYP,CS20230722_SUPT_0544,0544 DMH Nkx2-4 Glut_1,5,P5,cilium,GOTERM_CC_DIRECT,0.00816253541508574,1.1462564281786,3,ok,P5 · cilium
HYP,CS20230722_SUPT_0544,0544 DMH Nkx2-4 Glut_1,6,P6,ATP binding,GOTERM_MF_DIRECT,0.0288654627796921,1.110731751370185,1,ok,P6 · ATP binding
HYP,CS20230722_SUPT_0544,0544 DMH Nkx2-4 Glut_1,7,P7,Activator,UP_KW_MOLECULAR_FUNCTION,0.1002259917940984,0.4827407897278594,0,ok,P7 · Activator
HYP,CS20230722_SUPT_0544,0544 DMH Nkx2-4 Glut_1,8,P8,nucleoplasm,GOTERM_CC_DIRECT,0.3563790951705268,0.18728991278577556,0,ok,P8 · nucleoplasm
HYP,CS20230722_SUPT_0544,0544 DMH Nkx2-4 Glut_1,9,P9,IPR011993:PH-like_dom_sf,INTERPRO,0.00100627284574082,2.0027236130563364,9,ok,P9 · IPR011993:PH-like_dom_sf
HYP,CS20230722_SUPT_0544,0544 DMH Nkx2-4 Glut_1,10,P10,Transmembrane helix,UP_KW_DOMAIN,0.0607632297671575,0.839016263154833,0,ok,P10 · Transmembrane helix
HYP,CS20230722_SUPT_0544,0544 DMH Nkx2-4 Glut_1,11,P11,mmu05202:Transcriptional misregulation in cancer,KEGG_PATHWAY,0.01262115591061063,1.1387032785715014,4,ok,P11 · mmu05202:Transcriptional misregulatio...
HYP,CS20230722_SUPT_0544,0544 DMH Nkx2-4 Glut_1,12,P12,DNA binding,GOTERM_MF_DIRECT,0.00619548304639142,1.5122755805257366,16,ok,P12 · DNA binding
HYP,CS20230722_SUPT_0544,0544 DMH Nkx2-4 Glut_1,13,P13,nervous system development,GOTERM_BP_DIRECT,1.826265691453301e-5,1.296530517407786,7,ok,P13 · nervous system development
HYP,CS20230722_SUPT_0544,0544 DMH Nkx2-4 Glut_1,14,P14,cytosol,GOTERM_CC_DIRECT,0.06475113885600545,0.5539505146418204,0,ok,P14 · cytosol
HYP,CS20230722_SUPT_0544,0544 DMH Nkx2-4 Glut_1,15,P15,Cell projection,UP_KW_CELLULAR_COMPONENT,0.0056077761246812,0.7331067196305676,1,ok,P15 · Cell projection
HYP,CS20230722_SUPT_0544,0544 DMH Nkx2-4 Glut_1,16,P16,zinc ion binding,GOTERM_MF_DIRECT,0.00313239400459131,1.510121900294887,4,ok,P16 · zinc ion binding
HYP,CS20230722_SUPT_0544,0544 DMH Nkx2-4 Glut_1,17,P17,Transcription regulation,UP_KW_BIOLOGICAL_PROCESS,0.0068976686390569,0.7320111717000476,3,ok,P17 · Transcription regulation
HYP,CS20230722_SUPT_0544,0544 DMH Nkx2-4 Glut_1,18,P18,Synapse,UP_KW_CELLULAR_COMPONENT,0.00170324038313705,1.6232676815113252,17,ok,P18 · Synapse
HYP,CS20230722_SUPT_0544,0544 DMH Nkx2-4 Glut_1,19,P19,focal adhesion,GOTERM_CC_DIRECT,0.00931198666091155,1.2158134151843667,5,ok,P19 · focal adhesion
HYP,CS20230722_SUPT_0545,0545 DMH Nkx2-4 Glut_2,0,P0,DOMAIN:C2H2-type,UP_SEQ_FEATURE,1.2226376817043e-4,2.1815291198526023,17,ok,P0 · DOMAIN:C2H2-type
HYP,CS20230722_SUPT_0545,0545 DMH Nkx2-4 Glut_2,1,P1,cell adhesion,GOTERM_BP_DIRECT,0.05274782961064966,0.4554609369322085,0,ok,P1 · cell adhesion
HYP,CS20230722_SUPT_0545,0545 DMH Nkx2-4 Glut_2,2,P2,mmu00310:Lysine degradation,KEGG_PATHWAY,0.00164527702901272,1.5589184863049237,35,ok,P2 · mmu00310:Lysine degradation
HYP,CS20230722_SUPT_0545,0545 DMH Nkx2-4 Glut_2,3,P3,axon guidance,GOTERM_BP_DIRECT,7.109012735169711e-9,3.4361800177752255,70,ok,P3 · axon guidance
HYP,CS20230722_SUPT_0545,0545 DMH Nkx2-4 Glut_2,4,P4,membrane raft,GOTERM_CC_DIRECT,2.1192069984666e-4,1.1777788366610813,8,ok,P4 · membrane raft
HYP,CS20230722_SUPT_0545,0545 DMH Nkx2-4 Glut_2,5,P5,Cytoplasm,UP_KW_CELLULAR_COMPONENT,0.08209243666437749,0.5844090031984323,0,ok,P5 · Cytoplasm
HYP,CS20230722_SUPT_0545,0545 DMH Nkx2-4 Glut_2,6,P6,cell surface,GOTERM_CC_DIRECT,0.0258155153812188,0.8004163157101254,1,ok,P6 · cell surface
HYP,CS20230722_SUPT_0545,0545 DMH Nkx2-4 Glut_2,7,P7,cellular_component,GOTERM_CC_DIRECT,0.05258942938072783,0.6719634348249187,0,ok,P7 · cellular_component
HYP,CS20230722_SUPT_0545,0545 DMH Nkx2-4 Glut_2,8,P8,CARBOHYD:N-linked (GlcNAc...) asparagine,UP_SEQ_FEATURE,0.00886502115989511,0.6426664175189096,3,ok,P8 · CARBOHYD:N-linked (GlcNAc...) asparagine
HYP,CS20230722_SUPT_0545,0545 DMH Nkx2-4 Glut_2,9,P9,Developmental protein,UP_KW_MOLECULAR_FUNCTION,0.03811160504080495,1.0789906465857089,2,ok,P9 · Developmental protein
HYP,CS20230722_SUPT_0545,0545 DMH Nkx2-4 Glut_2,10,P10,Cell membrane,UP_KW_CELLULAR_COMPONENT,0.01079620606564486,1.545472569937476,9,ok,P10 · Cell membrane
HYP,CS20230722_SUPT_0545,0545 DMH Nkx2-4 Glut_2,11,P11,Activator,UP_KW_MOLECULAR_FUNCTION,0.06699563358437086,0.7303651426617139,0,ok,P11 · Activator
HYP,CS20230722_SUPT_0545,0545 DMH Nkx2-4 Glut_2,12,P12,TRANSIT:Mitochondrion,UP_SEQ_FEATURE,0.04397837680787801,0.9784192682654936,1,ok,P12 · TRANSIT:Mitochondrion
HYP,CS20230722_SUPT_0545,0545 DMH Nkx2-4 Glut_2,13,P13,mmu04517:IgSF CAM signaling,KEGG_PATHWAY,3.8041378235532e-4,2.396510476377574,37,ok,P13 · mmu04517:IgSF CAM signaling
HYP,CS20230722_SUPT_0545,0545 DMH Nkx2-4 Glut_2,14,P14,positive regulation of gene expression,GOTERM_BP_DIRECT,0.04401802211695684,0.5065672785196792,1,ok,P14 · positive regulation of gene expression
HYP,CS20230722_SUPT_0545,0545 DMH Nkx2-4 Glut_2,15,P15,COMPBIAS:Acidic residues,UP_SEQ_FEATURE,0.04833432481999567,0.6215518879361962,1,ok,P15 · COMPBIAS:Acidic residues
HYP,CS20230722_SUPT_0545,0545 DMH Nkx2-4 Glut_2,16,P16,extracellular matrix,GOTERM_CC_DIRECT,2.0615218643840285e-5,2.597678880931296,31,ok,P16 · extracellular matrix
HYP,CS20230722_SUPT_0545,0545 DMH Nkx2-4 Glut_2,17,P17,Repeat,UP_KW_DOMAIN,0.03481379285048858,0.6346482016200652,1,ok,P17 · Repeat
HYP,CS20230722_SUPT_0545,0545 DMH Nkx2-4 Glut_2,18,P18,system development,GOTERM_BP_DIRECT,0.00162576227159977,0.6540746577290162,1,ok,P18 · system development
HYP,CS20230722_SUPT_0545,0545 DMH Nkx2-4 Glut_2,19,P19,nucleus,GOTERM_CC_DIRECT,0.03431916071614417,0.9110285537938888,1,ok,P19 · nucleus
HYP,CS20230722_SUPT_0546,0546 MPN-MPO-PVpo Hmx2 Glut_1,0,P0,chromosome,GOTERM_CC_DIRECT,0.00318548565782335,1.3841894170229367,6,ok,P0 · chromosome
HYP,CS20230722_SUPT_0546,0546 MPN-MPO-PVpo Hmx2 Glut_1,1,P1,COMPBIAS:Acidic residues,UP_SEQ_FEATURE,0.00177810254383201,0.8317907169449192,3,ok,P1 · COMPBIAS:Acidic residues
HYP,CS20230722_SUPT_0546,0546 MPN-MPO-PVpo Hmx2 Glut_1,2,P2,COMPBIAS:Basic and acidic residues,UP_SEQ_FEATURE,0.0071525667963502,1.2888127745357782,7,ok,P2 · COMPBIAS:Basic and acidic residues
HYP,CS20230722_SUPT_0546,0546 MPN-MPO-PVpo Hmx2 Glut_1,3,P3,TOPO_DOM:Lumenal,UP_SEQ_FEATURE,6.036390129277147e-6,2.666982353934295,77,ok,P3 · TOPO_DOM:Lumenal
HYP,CS20230722_SUPT_0546,0546 MPN-MPO-PVpo Hmx2 Glut_1,4,P4,Angiogenesis,UP_KW_BIOLOGICAL_PROCESS,5.0260543316498e-4,1.2400769275278394,12,ok,P4 · Angiogenesis
HYP,CS20230722_SUPT_0546,0546 MPN-MPO-PVpo Hmx2 Glut_1,5,P5,SM00060:FN3,SMART,1.1169919144477691e-5,2.722243026845015,66,ok,P5 · SM00060:FN3
HYP,CS20230722_SUPT_0546,0546 MPN-MPO-PVpo Hmx2 Glut_1,6,P6,cell surface,GOTERM_CC_DIRECT,7.139286892316809e-5,1.1462819520041874,18,ok,P6 · cell surface
HYP,CS20230722_SUPT_0546,0546 MPN-MPO-PVpo Hmx2 Glut_1,7,P7,Glycoprotein,UP_KW_PTM,0.03787797120693377,0.9388018914851431,2,ok,P7 · Glycoprotein
HYP,CS20230722_SUPT_0546,0546 MPN-MPO-PVpo Hmx2 Glut_1,8,P8,Transport,UP_KW_BIOLOGICAL_PROCESS,0.00174761846990985,1.5473566867980957,6,ok,P8 · Transport
HYP,CS20230722_SUPT_0546,0546 MPN-MPO-PVpo Hmx2 Glut_1,9,P9,IPR029063:SAM-dependent_MTases_sf,INTERPRO,0.00506905438760984,1.8210345678864055,3,ok,P9 · IPR029063:SAM-dependent_MTases_sf
HYP,CS20230722_SUPT_0546,0546 MPN-MPO-PVpo Hmx2 Glut_1,10,P10,COMPBIAS:Polar residues,UP_SEQ_FEATURE,0.00342337421613769,1.645754584267728,2,ok,P10 · COMPBIAS:Polar residues
HYP,CS20230722_SUPT_0546,0546 MPN-MPO-PVpo Hmx2 Glut_1,11,P11,mmu04010:MAPK signaling pathway,KEGG_PATHWAY,3.5948107843677e-4,1.2633843228369093,8,ok,P11 · mmu04010:MAPK signaling pathway
HYP,CS20230722_SUPT_0546,0546 MPN-MPO-PVpo Hmx2 Glut_1,12,P12,peptide hormone binding,GOTERM_MF_DIRECT,2.1233168501609e-4,1.3693360256402898,12,ok,P12 · peptide hormone binding
HYP,CS20230722_SUPT_0546,0546 MPN-MPO-PVpo Hmx2 Glut_1,13,P13,Glycoprotein,UP_KW_PTM,0.00321109367535517,1.5553927472111888,11,ok,P13 · Glycoprotein
HYP,CS20230722_SUPT_0546,0546 MPN-MPO-PVpo Hmx2 Glut_1,14,P14,Synapse,UP_KW_CELLULAR_COMPONENT,4.3229380856913e-4,2.3079260792777645,29,ok,P14 · Synapse
HYP,CS20230722_SUPT_0546,0546 MPN-MPO-PVpo Hmx2 Glut_1,15,P15,cell adhesion,GOTERM_BP_DIRECT,0.00320857424428112,1.1227363425928854,5,ok,P15 · cell adhesion
HYP,CS20230722_SUPT_0546,0546 MPN-MPO-PVpo Hmx2 Glut_1,16,P16,protein kinase activity,GOTERM_MF_DIRECT,0.00303631471011062,1.2904329295597576,15,ok,P16 · protein kinase activity
HYP,CS20230722_SUPT_0546,0546 MPN-MPO-PVpo Hmx2 Glut_1,17,P17,CARBOHYD:N-linked (GlcNAc...) asparagine,UP_SEQ_FEATURE,0.01577777451236411,1.148318814591352,4,ok,P17 · CARBOHYD:N-linked (GlcNAc...) asparagine
HYP,CS20230722_SUPT_0546,0546 MPN-MPO-PVpo Hmx2 Glut_1,18,P18,9+2 motile cilium,GOTERM_CC_DIRECT,1.8563556588280197e-5,2.0618838502057653,49,ok,P18 · 9+2 motile cilium
HYP,CS20230722_SUPT_0546,0546 MPN-MPO-PVpo Hmx2 Glut_1,19,P19,Glycoprotein,UP_KW_PTM,0.01739904879718958,0.5669440759768964,2,ok,P19 · Glycoprotein
HYP,CS20230722_SUPT_0552,0552 DMH Hmx2 Glut_1,0,P0,Membrane,UP_KW_CELLULAR_COMPONENT,0.29531632245066886,0.27321222019624447,0,ok,P0 · Membrane
HYP,CS20230722_SUPT_0552,0552 DMH Hmx2 Glut_1,1,P1,regulation of synapse organization,GOTERM_BP_DIRECT,3.352100208557e-4,1.065110432593701,4,ok,P1 · regulation of synapse organization
HYP,CS20230722_SUPT_0552,0552 DMH Hmx2 Glut_1,2,P2,positive regulation of calcium-mediated signaling,GOTERM_BP_DIRECT,0.00428273283408993,0.7968480472041574,4,ok,P2 · positive regulation of calcium-mediat...
HYP,CS20230722_SUPT_0552,0552 DMH Hmx2 Glut_1,3,P3,Secreted,UP_KW_CELLULAR_COMPONENT,0.00821086640058078,0.7024305471931312,3,ok,P3 · Secreted
HYP,CS20230722_SUPT_0552,0552 DMH Hmx2 Glut_1,4,P4,extracellular matrix organization,GOTERM_BP_DIRECT,0.00197307947187785,1.3758263284438852,4,ok,P4 · extracellular matrix organization
HYP,CS20230722_SUPT_0552,0552 DMH Hmx2 Glut_1,5,P5,nervous system development,GOTERM_BP_DIRECT,1.4126159276107642e-6,2.5896614351919376,44,ok,P5 · nervous system development
HYP,CS20230722_SUPT_0552,0552 DMH Hmx2 Glut_1,6,P6,IPR000742:EGF,INTERPRO,0.00130942873358171,1.0513735978724177,7,ok,P6 · IPR000742:EGF
HYP,CS20230722_SUPT_0552,0552 DMH Hmx2 Glut_1,7,P7,CARBOHYD:N-linked (GlcNAc...) asparagine,UP_SEQ_FEATURE,0.1269588054114067,0.47760983230972914,0,ok,P7 · CARBOHYD:N-linked (GlcNAc...) asparagine
HYP,CS20230722_SUPT_0552,0552 DMH Hmx2 Glut_1,8,P8,COMPBIAS:Low complexity,UP_SEQ_FEATURE,0.00783117249199718,1.2874015889089772,1,ok,P8 · COMPBIAS:Low complexity
HYP,CS20230722_SUPT_0552,0552 DMH Hmx2 Glut_1,9,P9,nucleus,GOTERM_CC_DIRECT,0.0329167913744029,0.6762473698548116,1,ok,P9 · nucleus
HYP,CS20230722_SUPT_0552,0552 DMH Hmx2 Glut_1,10,P10,immunological synapse formation,GOTERM_BP_DIRECT,1.642291188802124e-5,1.0776586505409989,2,ok,P10 · immunological synapse formation
HYP,CS20230722_SUPT_0552,0552 DMH Hmx2 Glut_1,11,P11,CARBOHYD:N-linked (GlcNAc...) asparagine,UP_SEQ_FEATURE,8.785089674554445e-6,2.2891328257674304,20,ok,P11 · CARBOHYD:N-linked (GlcNAc...) asparagine
HYP,CS20230722_SUPT_0552,0552 DMH Hmx2 Glut_1,12,P12,TOPO_DOM:Extracellular,UP_SEQ_FEATURE,0.01859472400150391,0.7206864175041221,3,ok,P12 · TOPO_DOM:Extracellular
HYP,CS20230722_SUPT_0552,0552 DMH Hmx2 Glut_1,13,P13,Cell membrane,UP_KW_CELLULAR_COMPONENT,0.00553459369409695,0.6705278565740497,2,ok,P13 · Cell membrane
HYP,CS20230722_SUPT_0552,0552 DMH Hmx2 Glut_1,14,P14,intracellular signal transduction,GOTERM_BP_DIRECT,0.00429011553400704,1.1126980469643415,7,ok,P14 · intracellular signal transduction
HYP,CS20230722_SUPT_0552,0552 DMH Hmx2 Glut_1,15,P15,Secreted,UP_KW_CELLULAR_COMPONENT,0.05246457299889836,0.5698967624754464,0,ok,P15 · Secreted
HYP,CS20230722_SUPT_0552,0552 DMH Hmx2 Glut_1,16,P16,nucleoplasm,GOTERM_CC_DIRECT,0.00371513005148258,0.8712268434194596,2,ok,P16 · nucleoplasm
HYP,CS20230722_SUPT_0552,0552 DMH Hmx2 Glut_1,17,P17,Transmembrane helix,UP_KW_DOMAIN,0.0120196114538156,0.938009975861597,2,ok,P17 · Transmembrane helix
HYP,CS20230722_SUPT_0552,0552 DMH Hmx2 Glut_1,18,P18,IPR013783:Ig-like_fold,INTERPRO,0.00115227107297267,1.6973826977929007,23,ok,P18 · IPR013783:Ig-like_fold
HYP,CS20230722_SUPT_0552,0552 DMH Hmx2 Glut_1,19,P19,Calcium,UP_KW_LIGAND,0.00479185160502573,2.1189909796865045,10,ok,P19 · Calcium
HYP,CS20230722_SUPT_0555,0555 ARH-PVp Tbx3 Glut_2,0,P0,TRANSMEM:Helical; Signal-anchor for type II membrane protein,UP_SEQ_FEATURE,0.00349837401490413,1.1392874364147356,7,ok,P0 · TRANSMEM:Helical; Signal-anchor for t...
HYP,CS20230722_SUPT_0555,0555 ARH-PVp Tbx3 Glut_2,1,P1,Mitochondrion inner membrane,UP_KW_CELLULAR_COMPONENT,0.01924656005782132,1.0605031700257403,2,ok,P1 · Mitochondrion inner membrane
HYP,CS20230722_SUPT_0555,0555 ARH-PVp Tbx3 Glut_2,2,P2,calcium ion binding,GOTERM_MF_DIRECT,0.00286133344721064,1.5884314702864746,16,ok,P2 · calcium ion binding
HYP,CS20230722_SUPT_0555,0555 ARH-PVp Tbx3 Glut_2,3,P3,Metal-binding,UP_KW_LIGAND,0.112357940602581,0.7275650533224014,0,ok,P3 · Metal-binding
HYP,CS20230722_SUPT_0555,0555 ARH-PVp Tbx3 Glut_2,4,P4,glutamatergic synapse,GOTERM_CC_DIRECT,1.4513814776552e-4,2.331858719178088,23,ok,P4 · glutamatergic synapse
HYP,CS20230722_SUPT_0555,0555 ARH-PVp Tbx3 Glut_2,5,P5,intracellular signal transduction,GOTERM_BP_DIRECT,0.00606814125956004,0.943693488979812,3,ok,P5 · intracellular signal transduction
HYP,CS20230722_SUPT_0555,0555 ARH-PVp Tbx3 Glut_2,6,P6,IPR001304:C-type_lectin-like,INTERPRO,0.0161380372544373,1.1193855976038831,12,ok,P6 · IPR001304:C-type_lectin-like
HYP,CS20230722_SUPT_0555,0555 ARH-PVp Tbx3 Glut_2,7,P7,positive regulation of cell population proliferation,GOTERM_BP_DIRECT,0.00189205389294844,1.946694255670828,16,ok,P7 · positive regulation of cell populatio...
HYP,CS20230722_SUPT_0555,0555 ARH-PVp Tbx3 Glut_2,8,P8,axon guidance,GOTERM_BP_DIRECT,4.8975834697147526e-5,1.8901057728707835,14,ok,P8 · axon guidance
HYP,CS20230722_SUPT_0555,0555 ARH-PVp Tbx3 Glut_2,9,P9,CARBOHYD:N-linked (GlcNAc...) asparagine,UP_SEQ_FEATURE,0.0370450977336965,0.4356966160911657,1,ok,P9 · CARBOHYD:N-linked (GlcNAc...) asparagine
HYP,CS20230722_SUPT_0555,0555 ARH-PVp Tbx3 Glut_2,10,P10,IPR011993:PH-like_dom_sf,INTERPRO,0.00799795393523619,1.7382286024921454,5,ok,P10 · IPR011993:PH-like_dom_sf
HYP,CS20230722_SUPT_0555,0555 ARH-PVp Tbx3 Glut_2,11,P11,nucleus,GOTERM_CC_DIRECT,0.2671514918777761,0.31414298007883457,0,ok,P11 · nucleus
HYP,CS20230722_SUPT_0555,0555 ARH-PVp Tbx3 Glut_2,12,P12,positive regulation of gene expression,GOTERM_BP_DIRECT,0.03368047315725796,0.7289322893264942,1,ok,P12 · positive regulation of gene expression
HYP,CS20230722_SUPT_0555,0555 ARH-PVp Tbx3 Glut_2,13,P13,SM00060:FN3,SMART,0.00186666629376248,1.9046706989099884,22,ok,P13 · SM00060:FN3
HYP,CS20230722_SUPT_0555,0555 ARH-PVp Tbx3 Glut_2,14,P14,COMPBIAS:Basic and acidic residues,UP_SEQ_FEATURE,0.07488061016206293,0.4322672459740029,0,ok,P14 · COMPBIAS:Basic and acidic residues
HYP,CS20230722_SUPT_0555,0555 ARH-PVp Tbx3 Glut_2,15,P15,TOPO_DOM:Extracellular,UP_SEQ_FEATURE,1.4547071332276e-4,2.2605148774080246,18,ok,P15 · TOPO_DOM:Extracellular
HYP,CS20230722_SUPT_0555,0555 ARH-PVp Tbx3 Glut_2,16,P16,biological_process,GOTERM_BP_DIRECT,0.13464075736363862,0.5867513913072071,0,ok,P16 · biological_process
HYP,CS20230722_SUPT_0555,0555 ARH-PVp Tbx3 Glut_2,17,P17,mmu05202:Transcriptional misregulation in cancer,KEGG_PATHWAY,0.01544336917951893,1.2436403140996082,3,ok,P17 · mmu05202:Transcriptional misregulatio...
HYP,CS20230722_SUPT_0555,0555 ARH-PVp Tbx3 Glut_2,18,P18,Signal,UP_KW_DOMAIN,0.2882946318053049,0.4177609745739517,0,ok,P18 · Signal
HYP,CS20230722_SUPT_0555,0555 ARH-PVp Tbx3 Glut_2,19,P19,DOMAIN:C2,UP_SEQ_FEATURE,0.00741358768710426,1.6504780439604043,4,ok,P19 · DOMAIN:C2
HYP,CS20230722_SUPT_0556,0556 ARH-PVp Tbx3 Glut_3,0,P0,Cell junction,UP_KW_CELLULAR_COMPONENT,1.6594559423122e-4,1.9701828661185328,13,ok,P0 · Cell junction
HYP,CS20230722_SUPT_0556,0556 ARH-PVp Tbx3 Glut_3,1,P1,cell division,GOTERM_BP_DIRECT,0.08847769675552138,0.8743452689550328,0,ok,P1 · cell division
HYP,CS20230722_SUPT_0556,0556 ARH-PVp Tbx3 Glut_3,2,P2,Transmembrane helix,UP_KW_DOMAIN,0.0973988768587382,0.622568956879578,0,ok,P2 · Transmembrane helix
HYP,CS20230722_SUPT_0556,0556 ARH-PVp Tbx3 Glut_3,3,P3,ATP binding,GOTERM_MF_DIRECT,1.2669535269133e-4,2.595911810554515,28,ok,P3 · ATP binding
HYP,CS20230722_SUPT_0556,0556 ARH-PVp Tbx3 Glut_3,4,P4,TOPO_DOM:Extracellular,UP_SEQ_FEATURE,8.191445503044634e-5,2.6482583063715848,41,ok,P4 · TOPO_DOM:Extracellular
HYP,CS20230722_SUPT_0556,0556 ARH-PVp Tbx3 Glut_3,5,P5,mRNA splicing,UP_KW_BIOLOGICAL_PROCESS,0.00685170034535566,1.9152825898943096,6,ok,P5 · mRNA splicing
HYP,CS20230722_SUPT_0556,0556 ARH-PVp Tbx3 Glut_3,6,P6,Nucleus,UP_KW_CELLULAR_COMPONENT,0.17803094252086732,0.5366431467541513,0,ok,P6 · Nucleus
HYP,CS20230722_SUPT_0556,0556 ARH-PVp Tbx3 Glut_3,7,P7,cellular_component,GOTERM_CC_DIRECT,0.11947362664596126,0.8627674036371101,0,ok,P7 · cellular_component
HYP,CS20230722_SUPT_0556,0556 ARH-PVp Tbx3 Glut_3,8,P8,TOPO_DOM:Cytoplasmic,UP_SEQ_FEATURE,0.5132080727944536,0.10768184416399292,0,ok,P8 · TOPO_DOM:Cytoplasmic
HYP,CS20230722_SUPT_0556,0556 ARH-PVp Tbx3 Glut_3,9,P9,negative regulation of DNA-templated transcription,GOTERM_BP_DIRECT,0.01586700618663823,0.8745042826281466,2,ok,P9 · negative regulation of DNA-templated ...
HYP,CS20230722_SUPT_0556,0556 ARH-PVp Tbx3 Glut_3,10,P10,mmu05016:Huntington disease,KEGG_PATHWAY,5.5387629652817e-4,1.742889752903623,18,ok,P10 · mmu05016:Huntington disease
HYP,CS20230722_SUPT_0556,0556 ARH-PVp Tbx3 Glut_3,11,P11,Endoplasmic reticulum,UP_KW_CELLULAR_COMPONENT,0.08480982795097856,0.6935763799429742,0,ok,P11 · Endoplasmic reticulum
HYP,CS20230722_SUPT_0556,0556 ARH-PVp Tbx3 Glut_3,12,P12,Endoplasmic reticulum,UP_KW_CELLULAR_COMPONENT,0.00778059586321765,0.7273623547965976,2,ok,P12 · Endoplasmic reticulum
HYP,CS20230722_SUPT_0556,0556 ARH-PVp Tbx3 Glut_3,13,P13,apical plasma membrane,GOTERM_CC_DIRECT,7.80396062673035e-5,1.601933191741631,8,ok,P13 · apical plasma membrane
HYP,CS20230722_SUPT_0556,0556 ARH-PVp Tbx3 Glut_3,14,P14,Cytoplasm,UP_KW_CELLULAR_COMPONENT,0.04336945528555556,0.793051722611938,1,ok,P14 · Cytoplasm
HYP,CS20230722_SUPT_0556,0556 ARH-PVp Tbx3 Glut_3,15,P15,Extracellular matrix,UP_KW_CELLULAR_COMPONENT,9.5122697097162e-4,2.6455193554015146,36,ok,P15 · Extracellular matrix
HYP,CS20230722_SUPT_0556,0556 ARH-PVp Tbx3 Glut_3,16,P16,plasma membrane,GOTERM_CC_DIRECT,0.00334562092894862,0.8840143505146606,3,ok,P16 · plasma membrane
HYP,CS20230722_SUPT_0556,0556 ARH-PVp Tbx3 Glut_3,17,P17,regulation of transcription by RNA polymerase II,GOTERM_BP_DIRECT,0.2898542385203778,0.4048191595015514,0,ok,P17 · regulation of transcription by RNA po...
HYP,CS20230722_SUPT_0556,0556 ARH-PVp Tbx3 Glut_3,18,P18,plasma membrane,GOTERM_CC_DIRECT,0.01336457537318572,1.3774460881078137,9,ok,P18 · plasma membrane
HYP,CS20230722_SUPT_0556,0556 ARH-PVp Tbx3 Glut_3,19,P19,mmu04080:Neuroactive ligand-receptor interaction,KEGG_PATHWAY,0.0030915989738687,1.326852483771175,6,ok,P19 · mmu04080:Neuroactive ligand-receptor ...
HYP,CS20230722_SUPT_0564,0564 VMH Fezf1 Glut_2,0,P0,Glycoprotein,UP_KW_PTM,5.87549346300293e-5,2.8198435001429227,23,ok,P0 · Glycoprotein
HYP,CS20230722_SUPT_0564,0564 VMH Fezf1 Glut_2,1,P1,plasma membrane,GOTERM_CC_DIRECT,6.809433564297063e-5,2.323035210987922,38,ok,P1 · plasma membrane
HYP,CS20230722_SUPT_0564,0564 VMH Fezf1 Glut_2,2,P2,endoplasmic reticulum,GOTERM_CC_DIRECT,0.02558017466991901,1.3368636788571289,2,ok,P2 · endoplasmic reticulum
HYP,CS20230722_SUPT_0564,0564 VMH Fezf1 Glut_2,3,P3,CARBOHYD:N-linked (GlcNAc...) asparagine,UP_SEQ_FEATURE,0.02151989928732258,0.8684479663295791,5,ok,P3 · CARBOHYD:N-linked (GlcNAc...) asparagine
HYP,CS20230722_SUPT_0564,0564 VMH Fezf1 Glut_2,4,P4,Membrane,UP_KW_CELLULAR_COMPONENT,0.01403031561657675,0.8745189110826286,1,ok,P4 · Membrane
HYP,CS20230722_SUPT_0564,0564 VMH Fezf1 Glut_2,5,P5,Cell membrane,UP_KW_CELLULAR_COMPONENT,0.0119483003094504,0.7166280587684707,3,ok,P5 · Cell membrane
HYP,CS20230722_SUPT_0564,0564 VMH Fezf1 Glut_2,6,P6,regulation of synapse organization,GOTERM_BP_DIRECT,4.819761471059405e-6,1.9621955024162647,14,ok,P6 · regulation of synapse organization
HYP,CS20230722_SUPT_0564,0564 VMH Fezf1 Glut_2,7,P7,Disulfide bond,UP_KW_PTM,0.00307104260050396,1.4917601650977923,14,ok,P7 · Disulfide bond
HYP,CS20230722_SUPT_0564,0564 VMH Fezf1 Glut_2,8,P8,NA,NA,NA,NA,0,no_terms,P8
HYP,CS20230722_SUPT_0564,0564 VMH Fezf1 Glut_2,9,P9,microtubule,GOTERM_CC_DIRECT,0.03877493896544828,1.0758348991744118,2,ok,P9 · microtubule
HYP,CS20230722_SUPT_0564,0564 VMH Fezf1 Glut_2,10,P10,Kinase,UP_KW_MOLECULAR_FUNCTION,0.03993430264182123,0.9416633089710342,1,ok,P10 · Kinase
HYP,CS20230722_SUPT_0564,0564 VMH Fezf1 Glut_2,11,P11,mmu05022:Pathways of neurodegeneration - multiple diseases,KEGG_PATHWAY,0.01311273173077189,1.4959802046769901,2,ok,P11 · mmu05022:Pathways of neurodegeneratio...
HYP,CS20230722_SUPT_0564,0564 VMH Fezf1 Glut_2,12,P12,COMPBIAS:Basic and acidic residues,UP_SEQ_FEATURE,0.03347626349419332,0.868852984196818,3,ok,P12 · COMPBIAS:Basic and acidic residues
HYP,CS20230722_SUPT_0564,0564 VMH Fezf1 Glut_2,13,P13,Lipoprotein,UP_KW_PTM,0.02402695924097224,0.7983542106852838,1,ok,P13 · Lipoprotein
HYP,CS20230722_SUPT_0564,0564 VMH Fezf1 Glut_2,14,P14,CARBOHYD:N-linked (GlcNAc...) asparagine,UP_SEQ_FEATURE,2.7903651472720615e-5,2.4659834686381727,92,ok,P14 · CARBOHYD:N-linked (GlcNAc...) asparagine
HYP,CS20230722_SUPT_0564,0564 VMH Fezf1 Glut_2,15,P15,DOMAIN:C2 1,UP_SEQ_FEATURE,1.3131419661185e-4,1.9563045003423185,28,ok,P15 · DOMAIN:C2 1
HYP,CS20230722_SUPT_0564,0564 VMH Fezf1 Glut_2,16,P16,NA,NA,NA,NA,0,no_terms,P16
HYP,CS20230722_SUPT_0564,0564 VMH Fezf1 Glut_2,17,P17,biological_process,GOTERM_BP_DIRECT,0.03024310827897287,1.2102686110782042,1,ok,P17 · biological_process
HYP,CS20230722_SUPT_0564,0564 VMH Fezf1 Glut_2,18,P18,cellular_component,GOTERM_CC_DIRECT,0.08429890149580638,0.7291257489228528,0,ok,P18 · cellular_component
HYP,CS20230722_SUPT_0564,0564 VMH Fezf1 Glut_2,19,P19,nervous system development,GOTERM_BP_DIRECT,6.3176468485584e-4,1.535771253626914,8,ok,P19 · nervous system development
HYP,CS20230722_SUPT_0565,0565 VMH Fezf1 Glut_3,0,P0,mmu04151:PI3K-Akt signaling pathway,KEGG_PATHWAY,0.00119295125702103,2.0426243006138143,12,ok,P0 · mmu04151:PI3K-Akt signaling pathway
HYP,CS20230722_SUPT_0565,0565 VMH Fezf1 Glut_3,1,P1,TOPO_DOM:Extracellular,UP_SEQ_FEATURE,0.00222042303559761,1.1844533988055337,6,ok,P1 · TOPO_DOM:Extracellular
HYP,CS20230722_SUPT_0565,0565 VMH Fezf1 Glut_3,2,P2,CARBOHYD:N-linked (GlcNAc...) asparagine,UP_SEQ_FEATURE,0.00379002513081632,1.3566717481679855,8,ok,P2 · CARBOHYD:N-linked (GlcNAc...) asparagine
HYP,CS20230722_SUPT_0565,0565 VMH Fezf1 Glut_3,3,P3,IPR013098:Ig_I-set,INTERPRO,2.2465858522458764e-6,2.2451610179558705,63,ok,P3 · IPR013098:Ig_I-set
HYP,CS20230722_SUPT_0565,0565 VMH Fezf1 Glut_3,4,P4,CARBOHYD:N-linked (GlcNAc...) asparagine,UP_SEQ_FEATURE,1.6068194259356e-4,1.6089222069433242,15,ok,P4 · CARBOHYD:N-linked (GlcNAc...) asparagine
HYP,CS20230722_SUPT_0565,0565 VMH Fezf1 Glut_3,5,P5,zinc ion binding,GOTERM_MF_DIRECT,0.00336167469388379,1.4240714651616144,9,ok,P5 · zinc ion binding
HYP,CS20230722_SUPT_0565,0565 VMH Fezf1 Glut_3,6,P6,regulation of synapse organization,GOTERM_BP_DIRECT,4.819761471059405e-6,1.8789348778800616,10,ok,P6 · regulation of synapse organization
HYP,CS20230722_SUPT_0565,0565 VMH Fezf1 Glut_3,7,P7,Developmental protein,UP_KW_MOLECULAR_FUNCTION,4.0198861051646e-4,1.635427195509436,10,ok,P7 · Developmental protein
HYP,CS20230722_SUPT_0565,0565 VMH Fezf1 Glut_3,8,P8,positive regulation of DNA repair,GOTERM_BP_DIRECT,4.0585212037285e-4,1.175053297736976,6,ok,P8 · positive regulation of DNA repair
HYP,CS20230722_SUPT_0565,0565 VMH Fezf1 Glut_3,9,P9,Acetylation,UP_KW_PTM,0.01606525478531724,1.5639803099670269,4,ok,P9 · Acetylation
HYP,CS20230722_SUPT_0565,0565 VMH Fezf1 Glut_3,10,P10,transmembrane transport,GOTERM_BP_DIRECT,0.0188082729870778,0.8765028591239488,2,ok,P10 · transmembrane transport
HYP,CS20230722_SUPT_0565,0565 VMH Fezf1 Glut_3,11,P11,CARBOHYD:N-linked (GlcNAc...) asparagine,UP_SEQ_FEATURE,1.11238818147e-6,3.681514035993211,16,ok,P11 · CARBOHYD:N-linked (GlcNAc...) asparagine
HYP,CS20230722_SUPT_0565,0565 VMH Fezf1 Glut_3,12,P12,cellular_component,GOTERM_CC_DIRECT,0.24664348379781517,0.5829189329866347,0,ok,P12 · cellular_component
HYP,CS20230722_SUPT_0565,0565 VMH Fezf1 Glut_3,13,P13,mmu04020:Calcium signaling pathway,KEGG_PATHWAY,1.1441342368769e-4,1.927124985420984,11,ok,P13 · mmu04020:Calcium signaling pathway
HYP,CS20230722_SUPT_0565,0565 VMH Fezf1 Glut_3,14,P14,Glycosyltransferase,UP_KW_MOLECULAR_FUNCTION,0.00868924686878327,1.0411349983125493,10,ok,P14 · Glycosyltransferase
HYP,CS20230722_SUPT_0565,0565 VMH Fezf1 Glut_3,15,P15,protein-DNA complex,GOTERM_CC_DIRECT,0.00310609561561535,1.618040029129847,14,ok,P15 · protein-DNA complex
HYP,CS20230722_SUPT_0565,0565 VMH Fezf1 Glut_3,16,P16,protein binding,GOTERM_MF_DIRECT,0.02394028729440026,0.6211256624811995,1,ok,P16 · protein binding
HYP,CS20230722_SUPT_0565,0565 VMH Fezf1 Glut_3,17,P17,Signal,UP_KW_DOMAIN,0.1202737944122024,0.4332889304386311,0,ok,P17 · Signal
HYP,CS20230722_SUPT_0565,0565 VMH Fezf1 Glut_3,18,P18,positive regulation of ERK1 and ERK2 cascade,GOTERM_BP_DIRECT,4.671666263673e-4,1.0781405623467124,8,ok,P18 · positive regulation of ERK1 and ERK2 ...
HYP,CS20230722_SUPT_0565,0565 VMH Fezf1 Glut_3,19,P19,DOMAIN:C2H2-type,UP_SEQ_FEATURE,0.00329839296744326,1.0750862212343415,9,ok,P19 · DOMAIN:C2H2-type
HYP,CS20230722_SUPT_0566,0566 VMH Nr5a1 Glut_1,0,P0,MOTIF:PDZ-binding,UP_SEQ_FEATURE,1.5513721670589e-4,1.1392886438955645,5,ok,P0 · MOTIF:PDZ-binding
HYP,CS20230722_SUPT_0566,0566 VMH Nr5a1 Glut_1,1,P1,regulation of synapse organization,GOTERM_BP_DIRECT,3.7428858300774e-4,1.2471162437475931,5,ok,P1 · regulation of synapse organization
HYP,CS20230722_SUPT_0566,0566 VMH Nr5a1 Glut_1,2,P2,CARBOHYD:N-linked (GlcNAc...) asparagine,UP_SEQ_FEATURE,1.9474357271762e-4,2.403991798428595,24,ok,P2 · CARBOHYD:N-linked (GlcNAc...) asparagine
HYP,CS20230722_SUPT_0566,0566 VMH Nr5a1 Glut_1,3,P3,Lipid degradation,UP_KW_BIOLOGICAL_PROCESS,0.00369460627233663,1.4563198120747598,7,ok,P3 · Lipid degradation
HYP,CS20230722_SUPT_0566,0566 VMH Nr5a1 Glut_1,4,P4,vasculogenesis,GOTERM_BP_DIRECT,9.4159225039905e-4,1.6868612457681074,13,ok,P4 · vasculogenesis
HYP,CS20230722_SUPT_0566,0566 VMH Nr5a1 Glut_1,5,P5,TOPO_DOM:Lumenal,UP_SEQ_FEATURE,0.0219458479938749,0.8331179348939391,1,ok,P5 · TOPO_DOM:Lumenal
HYP,CS20230722_SUPT_0566,0566 VMH Nr5a1 Glut_1,6,P6,lamellipodium,GOTERM_CC_DIRECT,6.0476767871487e-4,1.8046481758016517,9,ok,P6 · lamellipodium
HYP,CS20230722_SUPT_0566,0566 VMH Nr5a1 Glut_1,7,P7,COMPBIAS:Basic and acidic residues,UP_SEQ_FEATURE,3.4766673733994e-4,2.2084202722825963,18,ok,P7 · COMPBIAS:Basic and acidic residues
HYP,CS20230722_SUPT_0566,0566 VMH Nr5a1 Glut_1,8,P8,cytosol,GOTERM_CC_DIRECT,0.02875918809930943,0.7832234665006331,4,ok,P8 · cytosol
HYP,CS20230722_SUPT_0566,0566 VMH Nr5a1 Glut_1,9,P9,PIRSF037037:Kelch-like_protein_gigaxonin,PIR_SUPERFAMILY,4.8935625431953e-4,2.427400437724166,34,ok,P9 · PIRSF037037:Kelch-like_protein_gigaxonin
HYP,CS20230722_SUPT_0566,0566 VMH Nr5a1 Glut_1,10,P10,Glycoprotein,UP_KW_PTM,1.3299269682739e-4,2.0592904282150544,17,ok,P10 · Glycoprotein
HYP,CS20230722_SUPT_0566,0566 VMH Nr5a1 Glut_1,11,P11,Membrane,UP_KW_CELLULAR_COMPONENT,0.0024945586844066,1.4490617942875244,8,ok,P11 · Membrane
HYP,CS20230722_SUPT_0566,0566 VMH Nr5a1 Glut_1,12,P12,Phosphoprotein,UP_KW_PTM,0.10195935499959706,0.4926650048571426,0,ok,P12 · Phosphoprotein
HYP,CS20230722_SUPT_0566,0566 VMH Nr5a1 Glut_1,13,P13,glutamatergic synapse,GOTERM_CC_DIRECT,1.699025351655e-4,2.100432007910404,49,ok,P13 · glutamatergic synapse
HYP,CS20230722_SUPT_0566,0566 VMH Nr5a1 Glut_1,14,P14,Repeat,UP_KW_DOMAIN,0.03903950817201732,0.6240232237088809,1,ok,P14 · Repeat
HYP,CS20230722_SUPT_0566,0566 VMH Nr5a1 Glut_1,15,P15,CARBOHYD:N-linked (GlcNAc...) asparagine,UP_SEQ_FEATURE,0.09698756952192523,0.5306595488146665,0,ok,P15 · CARBOHYD:N-linked (GlcNAc...) asparagine
HYP,CS20230722_SUPT_0566,0566 VMH Nr5a1 Glut_1,16,P16,CARBOHYD:N-linked (GlcNAc...) asparagine,UP_SEQ_FEATURE,3.5622772487633e-4,2.019206128011297,14,ok,P16 · CARBOHYD:N-linked (GlcNAc...) asparagine
HYP,CS20230722_SUPT_0566,0566 VMH Nr5a1 Glut_1,17,P17,COMPBIAS:Acidic residues,UP_SEQ_FEATURE,0.03651334852207555,0.6778506642768257,1,ok,P17 · COMPBIAS:Acidic residues
HYP,CS20230722_SUPT_0566,0566 VMH Nr5a1 Glut_1,18,P18,protein binding,GOTERM_MF_DIRECT,0.00500729928619894,1.4556855557024952,6,ok,P18 · protein binding
HYP,CS20230722_SUPT_0566,0566 VMH Nr5a1 Glut_1,19,P19,protein-containing complex,GOTERM_CC_DIRECT,0.05071458886432816,0.6129576730628872,0,ok,P19 · protein-containing complex
HYP,CS20230722_SUPT_0567,0567 VMH Nr5a1 Glut_2,0,P0,nucleoplasm,GOTERM_CC_DIRECT,0.0629275991584082,0.793192076382801,0,ok,P0 · nucleoplasm
HYP,CS20230722_SUPT_0567,0567 VMH Nr5a1 Glut_2,1,P1,neuronal cell body,GOTERM_CC_DIRECT,0.00290456255916593,0.8312836819450496,2,ok,P1 · neuronal cell body
HYP,CS20230722_SUPT_0567,0567 VMH Nr5a1 Glut_2,2,P2,Glycoprotein,UP_KW_PTM,2.2097553273149e-4,1.3071188214375695,9,ok,P2 · Glycoprotein
HYP,CS20230722_SUPT_0567,0567 VMH Nr5a1 Glut_2,3,P3,Cell membrane,UP_KW_CELLULAR_COMPONENT,0.00334989874173769,1.4544061891469504,8,ok,P3 · Cell membrane
HYP,CS20230722_SUPT_0567,0567 VMH Nr5a1 Glut_2,4,P4,regulation of synapse organization,GOTERM_BP_DIRECT,4.819761471059405e-6,1.5702085806973285,7,ok,P4 · regulation of synapse organization
HYP,CS20230722_SUPT_0567,0567 VMH Nr5a1 Glut_2,5,P5,DNA damage response,GOTERM_BP_DIRECT,0.03990981722512403,0.8248499896602887,1,ok,P5 · DNA damage response
HYP,CS20230722_SUPT_0567,0567 VMH Nr5a1 Glut_2,6,P6,metanephros development,GOTERM_BP_DIRECT,0.00221981856928593,1.6595248798627664,10,ok,P6 · metanephros development
HYP,CS20230722_SUPT_0567,0567 VMH Nr5a1 Glut_2,7,P7,signal transduction,GOTERM_BP_DIRECT,0.00213559133376423,1.370608571007928,7,ok,P7 · signal transduction
HYP,CS20230722_SUPT_0567,0567 VMH Nr5a1 Glut_2,8,P8,IPR000719:Prot_kinase_dom,INTERPRO,0.02127306275856478,1.2602396173122434,7,ok,P8 · IPR000719:Prot_kinase_dom
HYP,CS20230722_SUPT_0567,0567 VMH Nr5a1 Glut_2,9,P9,DOMAIN:Fibronectin type-III,UP_SEQ_FEATURE,5.183412257832574e-5,1.8203555253696757,34,ok,P9 · DOMAIN:Fibronectin type-III
HYP,CS20230722_SUPT_0567,0567 VMH Nr5a1 Glut_2,10,P10,TOPO_DOM:Cytoplasmic,UP_SEQ_FEATURE,2.1088171526282963e-5,2.683950661525396,40,ok,P10 · TOPO_DOM:Cytoplasmic
HYP,CS20230722_SUPT_0567,0567 VMH Nr5a1 Glut_2,11,P11,Lipoprotein,UP_KW_PTM,0.05431882023680449,0.6922955914420049,0,ok,P11 · Lipoprotein
HYP,CS20230722_SUPT_0567,0567 VMH Nr5a1 Glut_2,12,P12,Transmembrane helix,UP_KW_DOMAIN,0.11871212476139643,0.6244042704961604,0,ok,P12 · Transmembrane helix
HYP,CS20230722_SUPT_0567,0567 VMH Nr5a1 Glut_2,13,P13,DNA-binding,UP_KW_MOLECULAR_FUNCTION,0.22971442096555283,0.41695676273426513,0,ok,P13 · DNA-binding
HYP,CS20230722_SUPT_0567,0567 VMH Nr5a1 Glut_2,14,P14,Secreted,UP_KW_CELLULAR_COMPONENT,0.00424953510873647,1.6044971324945507,5,ok,P14 · Secreted
HYP,CS20230722_SUPT_0567,0567 VMH Nr5a1 Glut_2,15,P15,IPR010734:Copine_C,INTERPRO,1.3531394604908e-4,2.325976528801378,27,ok,P15 · IPR010734:Copine_C
HYP,CS20230722_SUPT_0567,0567 VMH Nr5a1 Glut_2,16,P16,Cell membrane,UP_KW_CELLULAR_COMPONENT,0.0293186927180726,0.9215225964387624,2,ok,P16 · Cell membrane
HYP,CS20230722_SUPT_0567,0567 VMH Nr5a1 Glut_2,17,P17,CARBOHYD:N-linked (GlcNAc...) asparagine,UP_SEQ_FEATURE,0.02875342025963087,0.8462706434775902,2,ok,P17 · CARBOHYD:N-linked (GlcNAc...) asparagine
HYP,CS20230722_SUPT_0567,0567 VMH Nr5a1 Glut_2,18,P18,Secreted,UP_KW_CELLULAR_COMPONENT,0.03372409425903851,0.6158078746771769,1,ok,P18 · Secreted
HYP,CS20230722_SUPT_0567,0567 VMH Nr5a1 Glut_2,19,P19,protein autophosphorylation,GOTERM_BP_DIRECT,0.00814324456527951,1.2473279865391071,13,ok,P19 · protein autophosphorylation
HYP,CS20230722_SUPT_0568,0568 VMH Nr5a1 Glut_3,0,P0,COMPBIAS:Low complexity,UP_SEQ_FEATURE,1.4066904717008093e-5,2.714704615854851,9,ok,P0 · COMPBIAS:Low complexity
HYP,CS20230722_SUPT_0568,0568 VMH Nr5a1 Glut_3,1,P1,Glycoprotein,UP_KW_PTM,0.00487050779219542,1.5062766817964857,17,ok,P1 · Glycoprotein
HYP,CS20230722_SUPT_0568,0568 VMH Nr5a1 Glut_3,2,P2,CARBOHYD:O-linked (Xyl...) (chondroitin sulfate) serine,UP_SEQ_FEATURE,2.0634071329811e-4,1.8090293983763208,16,ok,P2 · CARBOHYD:O-linked (Xyl...) (chondroit...
HYP,CS20230722_SUPT_0568,0568 VMH Nr5a1 Glut_3,3,P3,Glycoprotein,UP_KW_PTM,0.00119146813776496,1.4260107314918733,12,ok,P3 · Glycoprotein
HYP,CS20230722_SUPT_0568,0568 VMH Nr5a1 Glut_3,4,P4,Cell membrane,UP_KW_CELLULAR_COMPONENT,9.0380785372697e-4,1.2503853241134202,5,ok,P4 · Cell membrane
HYP,CS20230722_SUPT_0568,0568 VMH Nr5a1 Glut_3,5,P5,chemical synaptic transmission,GOTERM_BP_DIRECT,1.2353588539966e-4,2.7633450991565183,11,ok,P5 · chemical synaptic transmission
HYP,CS20230722_SUPT_0568,0568 VMH Nr5a1 Glut_3,6,P6,regulation of synapse organization,GOTERM_BP_DIRECT,3.7428858300774e-4,1.568142047524436,17,ok,P6 · regulation of synapse organization
HYP,CS20230722_SUPT_0568,0568 VMH Nr5a1 Glut_3,7,P7,transforming growth factor beta receptor signaling pathway,GOTERM_BP_DIRECT,0.00690714384963534,1.3748774546836406,8,ok,P7 · transforming growth factor beta recep...
HYP,CS20230722_SUPT_0568,0568 VMH Nr5a1 Glut_3,8,P8,molecular_function,GOTERM_MF_DIRECT,0.06368003415418448,0.8636546995494697,0,ok,P8 · molecular_function
HYP,CS20230722_SUPT_0568,0568 VMH Nr5a1 Glut_3,9,P9,inner dynein arm,GOTERM_CC_DIRECT,4.4043804683794e-4,1.9869340659592412,55,ok,P9 · inner dynein arm
HYP,CS20230722_SUPT_0568,0568 VMH Nr5a1 Glut_3,10,P10,CARBOHYD:N-linked (GlcNAc...) asparagine,UP_SEQ_FEATURE,0.01950983965247535,1.00110639404487,5,ok,P10 · CARBOHYD:N-linked (GlcNAc...) asparagine
HYP,CS20230722_SUPT_0568,0568 VMH Nr5a1 Glut_3,11,P11,Phosphoprotein,UP_KW_PTM,0.2793690656216999,0.4213897771889259,0,ok,P11 · Phosphoprotein
HYP,CS20230722_SUPT_0568,0568 VMH Nr5a1 Glut_3,12,P12,apical plasma membrane,GOTERM_CC_DIRECT,2.0039631321267e-4,2.3921531832578298,7,ok,P12 · apical plasma membrane
HYP,CS20230722_SUPT_0568,0568 VMH Nr5a1 Glut_3,13,P13,positive regulation of transcription by RNA polymerase II,GOTERM_BP_DIRECT,0.04571405654158503,0.778284092884884,1,ok,P13 · positive regulation of transcription ...
HYP,CS20230722_SUPT_0568,0568 VMH Nr5a1 Glut_3,14,P14,TOPO_DOM:Extracellular,UP_SEQ_FEATURE,0.00100800910784371,1.8549565218333397,13,ok,P14 · TOPO_DOM:Extracellular
HYP,CS20230722_SUPT_0568,0568 VMH Nr5a1 Glut_3,15,P15,molecular adaptor activity,GOTERM_MF_DIRECT,0.02110978337168014,0.9110139520848352,2,ok,P15 · molecular adaptor activity
HYP,CS20230722_SUPT_0568,0568 VMH Nr5a1 Glut_3,16,P16,cellular_component,GOTERM_CC_DIRECT,0.07479064875732766,0.9169808050745848,0,ok,P16 · cellular_component
HYP,CS20230722_SUPT_0568,0568 VMH Nr5a1 Glut_3,17,P17,extracellular region,GOTERM_CC_DIRECT,0.00461034296553237,0.5896409310419956,2,ok,P17 · extracellular region
HYP,CS20230722_SUPT_0568,0568 VMH Nr5a1 Glut_3,18,P18,Disulfide bond,UP_KW_PTM,0.08395623495348951,0.5488414972298922,0,ok,P18 · Disulfide bond
HYP,CS20230722_SUPT_0568,0568 VMH Nr5a1 Glut_3,19,P19,CARBOHYD:N-linked (GlcNAc...) asparagine,UP_SEQ_FEATURE,0.0630911963086083,0.507133066156182,0,ok,P19 · CARBOHYD:N-linked (GlcNAc...) asparagine
HYP,CS20230722_SUPT_0569,0569 VMH Nr5a1 Glut_4,0,P0,IPR011993:PH-like_dom_sf,INTERPRO,4.3928839840966e-4,2.1158379396794404,9,ok,P0 · IPR011993:PH-like_dom_sf
HYP,CS20230722_SUPT_0569,0569 VMH Nr5a1 Glut_4,1,P1,LIPID:S-palmitoyl cysteine,UP_SEQ_FEATURE,0.0034509312103887,1.250470226597267,11,ok,P1 · LIPID:S-palmitoyl cysteine
HYP,CS20230722_SUPT_0569,0569 VMH Nr5a1 Glut_4,2,P2,Developmental protein,UP_KW_MOLECULAR_FUNCTION,0.01623183037514072,1.3063370453112657,4,ok,P2 · Developmental protein
HYP,CS20230722_SUPT_0569,0569 VMH Nr5a1 Glut_4,3,P3,identical protein binding,GOTERM_MF_DIRECT,0.2832073911542088,0.3617868769524679,0,ok,P3 · identical protein binding
HYP,CS20230722_SUPT_0569,0569 VMH Nr5a1 Glut_4,4,P4,cellular_component,GOTERM_CC_DIRECT,0.05258942938072783,0.897616304430099,0,ok,P4 · cellular_component
HYP,CS20230722_SUPT_0569,0569 VMH Nr5a1 Glut_4,5,P5,Cell membrane,UP_KW_CELLULAR_COMPONENT,0.01305815154776415,0.8056105014634029,6,ok,P5 · Cell membrane
HYP,CS20230722_SUPT_0569,0569 VMH Nr5a1 Glut_4,6,P6,CARBOHYD:N-linked (GlcNAc...) asparagine,UP_SEQ_FEATURE,1.5190324722825493e-5,2.313706662961141,79,ok,P6 · CARBOHYD:N-linked (GlcNAc...) asparagine
HYP,CS20230722_SUPT_0569,0569 VMH Nr5a1 Glut_4,7,P7,Immunoglobulin domain,UP_KW_DOMAIN,7.9794232815414e-4,1.9849042650299091,22,ok,P7 · Immunoglobulin domain
HYP,CS20230722_SUPT_0569,0569 VMH Nr5a1 Glut_4,8,P8,axon guidance,GOTERM_BP_DIRECT,5.9775364521983e-4,2.2057443859140053,13,ok,P8 · axon guidance
HYP,CS20230722_SUPT_0569,0569 VMH Nr5a1 Glut_4,9,P9,positive regulation of angiogenesis,GOTERM_BP_DIRECT,2.9610368597716e-4,2.1293181952611424,11,ok,P9 · positive regulation of angiogenesis
HYP,CS20230722_SUPT_0569,0569 VMH Nr5a1 Glut_4,10,P10,neuropeptide hormone activity,GOTERM_MF_DIRECT,3.0240856744573e-4,1.6932099715559967,6,ok,P10 · neuropeptide hormone activity
HYP,CS20230722_SUPT_0569,0569 VMH Nr5a1 Glut_4,11,P11,glycosaminoglycan binding,GOTERM_MF_DIRECT,1.0641075460089e-4,0.8278200668157587,1,ok,P11 · glycosaminoglycan binding
HYP,CS20230722_SUPT_0569,0569 VMH Nr5a1 Glut_4,12,P12,cell surface,GOTERM_CC_DIRECT,0.0105958858893666,0.639039762852584,1,ok,P12 · cell surface
HYP,CS20230722_SUPT_0569,0569 VMH Nr5a1 Glut_4,13,P13,Transmembrane helix,UP_KW_DOMAIN,0.00250983045000176,1.0417579574874885,3,ok,P13 · Transmembrane helix
HYP,CS20230722_SUPT_0569,0569 VMH Nr5a1 Glut_4,14,P14,CARBOHYD:N-linked (GlcNAc...) asparagine,UP_SEQ_FEATURE,0.09695491613981733,0.6737861856684197,0,ok,P14 · CARBOHYD:N-linked (GlcNAc...) asparagine
HYP,CS20230722_SUPT_0569,0569 VMH Nr5a1 Glut_4,15,P15,mmu05226:Gastric cancer,KEGG_PATHWAY,0.00608209688335623,1.2101964114601702,11,ok,P15 · mmu05226:Gastric cancer
HYP,CS20230722_SUPT_0569,0569 VMH Nr5a1 Glut_4,16,P16,positive regulation of ERK1 and ERK2 cascade,GOTERM_BP_DIRECT,0.01146063299658964,0.8925343338683146,4,ok,P16 · positive regulation of ERK1 and ERK2 ...
HYP,CS20230722_SUPT_0569,0569 VMH Nr5a1 Glut_4,17,P17,growth cone,GOTERM_CC_DIRECT,0.00798366092050391,1.2005589507145704,8,ok,P17 · growth cone
HYP,CS20230722_SUPT_0569,0569 VMH Nr5a1 Glut_4,18,P18,Golgi apparatus,GOTERM_CC_DIRECT,0.02357892204177173,1.2077160191872125,2,ok,P18 · Golgi apparatus
HYP,CS20230722_SUPT_0569,0569 VMH Nr5a1 Glut_4,19,P19,biological_process,GOTERM_BP_DIRECT,0.04089321144362006,1.232487684877242,1,ok,P19 · biological_process
HYP,CS20230722_SUPT_0570,0570 VMH Nr5a1 Glut_5,0,P0,plasma membrane,GOTERM_CC_DIRECT,0.00139931562232516,1.67696997100255,6,ok,P0 · plasma membrane
HYP,CS20230722_SUPT_0570,0570 VMH Nr5a1 Glut_5,1,P1,homophilic cell-cell adhesion,GOTERM_BP_DIRECT,4.6346684444663e-4,2.1418571649106033,34,ok,P1 · homophilic cell-cell adhesion
HYP,CS20230722_SUPT_0570,0570 VMH Nr5a1 Glut_5,2,P2,SM00349:KRAB,SMART,0.02344585987371176,0.745734366969617,5,ok,P2 · SM00349:KRAB
HYP,CS20230722_SUPT_0570,0570 VMH Nr5a1 Glut_5,3,P3,ZN_FING:C2H2-type 5,UP_SEQ_FEATURE,0.01605587462207947,0.8374212467567566,5,ok,P3 · ZN_FING:C2H2-type 5
HYP,CS20230722_SUPT_0570,0570 VMH Nr5a1 Glut_5,4,P4,cell surface,GOTERM_CC_DIRECT,7.139286892316809e-5,2.304878911693777,18,ok,P4 · cell surface
HYP,CS20230722_SUPT_0570,0570 VMH Nr5a1 Glut_5,5,P5,Mitochondrion,UP_KW_CELLULAR_COMPONENT,0.00123522481014644,2.016186432422824,13,ok,P5 · Mitochondrion
HYP,CS20230722_SUPT_0570,0570 VMH Nr5a1 Glut_5,6,P6,REGION:Triple-helical region,UP_SEQ_FEATURE,1.162727494316e-4,1.790028977479324,11,ok,P6 · REGION:Triple-helical region
HYP,CS20230722_SUPT_0570,0570 VMH Nr5a1 Glut_5,7,P7,Transmembrane helix,UP_KW_DOMAIN,0.01569485770500801,1.227797476822681,8,ok,P7 · Transmembrane helix
HYP,CS20230722_SUPT_0570,0570 VMH Nr5a1 Glut_5,8,P8,ACT_SITE:For sulfotransferase activity,UP_SEQ_FEATURE,7.798837608961564e-5,3.130329652766253,28,ok,P8 · ACT_SITE:For sulfotransferase activity
HYP,CS20230722_SUPT_0570,0570 VMH Nr5a1 Glut_5,9,P9,COMPBIAS:Polar residues,UP_SEQ_FEATURE,0.02598657060995492,1.1327699342444864,2,ok,P9 · COMPBIAS:Polar residues
HYP,CS20230722_SUPT_0570,0570 VMH Nr5a1 Glut_5,10,P10,Cell projection,UP_KW_CELLULAR_COMPONENT,0.00184154932730184,1.843588176225506,5,ok,P10 · Cell projection
HYP,CS20230722_SUPT_0570,0570 VMH Nr5a1 Glut_5,11,P11,membrane,GOTERM_CC_DIRECT,0.02279945394228564,0.8481547774988161,2,ok,P11 · membrane
HYP,CS20230722_SUPT_0570,0570 VMH Nr5a1 Glut_5,12,P12,ATP binding,GOTERM_MF_DIRECT,0.05536512293436874,0.8110160022685293,0,ok,P12 · ATP binding
HYP,CS20230722_SUPT_0570,0570 VMH Nr5a1 Glut_5,13,P13,mitochondrion,GOTERM_CC_DIRECT,0.03211036436598442,1.3053610984230488,2,ok,P13 · mitochondrion
HYP,CS20230722_SUPT_0570,0570 VMH Nr5a1 Glut_5,14,P14,DOMAIN:EGF-like,UP_SEQ_FEATURE,0.00568758243665192,1.5458188205373438,16,ok,P14 · DOMAIN:EGF-like
HYP,CS20230722_SUPT_0570,0570 VMH Nr5a1 Glut_5,15,P15,IPR036058:Kazal_dom_sf,INTERPRO,0.00430981835485512,1.757532578085251,9,ok,P15 · IPR036058:Kazal_dom_sf
HYP,CS20230722_SUPT_0570,0570 VMH Nr5a1 Glut_5,16,P16,IPR011993:PH-like_dom_sf,INTERPRO,0.01145488996297804,1.617245108543365,8,ok,P16 · IPR011993:PH-like_dom_sf
HYP,CS20230722_SUPT_0570,0570 VMH Nr5a1 Glut_5,17,P17,IPR036051:KRAB_dom_sf,INTERPRO,0.00612333665152549,0.9562520259423154,9,ok,P17 · IPR036051:KRAB_dom_sf
HYP,CS20230722_SUPT_0570,0570 VMH Nr5a1 Glut_5,18,P18,GTP binding,GOTERM_MF_DIRECT,0.01280051611697718,1.4557196330201554,2,ok,P18 · GTP binding
HYP,CS20230722_SUPT_0570,0570 VMH Nr5a1 Glut_5,19,P19,IPR018247:EF_Hand_1_Ca_BS,INTERPRO,0.00227679103948035,2.113380909532928,10,ok,P19 · IPR018247:EF_Hand_1_Ca_BS
HYP,CS20230722_SUPT_0575,0575 LHA-AHN-PVH Otp Trh Glut_2,0,P0,Chromosome,UP_KW_CELLULAR_COMPONENT,0.06323152113001654,0.8985588882826575,0,ok,P0 · Chromosome
HYP,CS20230722_SUPT_0575,0575 LHA-AHN-PVH Otp Trh Glut_2,1,P1,CARBOHYD:N-linked (GlcNAc...) asparagine,UP_SEQ_FEATURE,5.100295891013773e-5,2.06721547543749,29,ok,P1 · CARBOHYD:N-linked (GlcNAc...) asparagine
HYP,CS20230722_SUPT_0575,0575 LHA-AHN-PVH Otp Trh Glut_2,2,P2,regulation of synapse organization,GOTERM_BP_DIRECT,4.166885191483239e-6,1.87030680944665,10,ok,P2 · regulation of synapse organization
HYP,CS20230722_SUPT_0575,0575 LHA-AHN-PVH Otp Trh Glut_2,3,P3,Secreted,UP_KW_CELLULAR_COMPONENT,0.0435862466614314,0.8878359513680518,1,ok,P3 · Secreted
HYP,CS20230722_SUPT_0575,0575 LHA-AHN-PVH Otp Trh Glut_2,4,P4,COMPBIAS:Basic and acidic residues,UP_SEQ_FEATURE,0.00961274245986132,1.463747841348663,6,ok,P4 · COMPBIAS:Basic and acidic residues
HYP,CS20230722_SUPT_0575,0575 LHA-AHN-PVH Otp Trh Glut_2,5,P5,IPR001660:SAM,INTERPRO,0.01480766534701974,1.7357853122460172,6,ok,P5 · IPR001660:SAM
HYP,CS20230722_SUPT_0575,0575 LHA-AHN-PVH Otp Trh Glut_2,6,P6,Cell membrane,UP_KW_CELLULAR_COMPONENT,0.0022209337163935,1.358294833960482,9,ok,P6 · Cell membrane
HYP,CS20230722_SUPT_0575,0575 LHA-AHN-PVH Otp Trh Glut_2,7,P7,plasma membrane,GOTERM_CC_DIRECT,0.00855881691780216,0.9181085184906036,2,ok,P7 · plasma membrane
HYP,CS20230722_SUPT_0575,0575 LHA-AHN-PVH Otp Trh Glut_2,8,P8,presynapse,GOTERM_CC_DIRECT,0.00565703526365128,1.8966260639290593,7,ok,P8 · presynapse
HYP,CS20230722_SUPT_0575,0575 LHA-AHN-PVH Otp Trh Glut_2,9,P9,cellular_component,GOTERM_CC_DIRECT,0.02156961918126558,1.555114476920802,4,ok,P9 · cellular_component
HYP,CS20230722_SUPT_0575,0575 LHA-AHN-PVH Otp Trh Glut_2,10,P10,Developmental protein,UP_KW_MOLECULAR_FUNCTION,0.00451217090375186,0.8135078640213335,3,ok,P10 · Developmental protein
HYP,CS20230722_SUPT_0575,0575 LHA-AHN-PVH Otp Trh Glut_2,11,P11,COMPBIAS:Polar residues,UP_SEQ_FEATURE,0.00378714718240123,1.4388648021472097,4,ok,P11 · COMPBIAS:Polar residues
HYP,CS20230722_SUPT_0575,0575 LHA-AHN-PVH Otp Trh Glut_2,12,P12,protein binding,GOTERM_MF_DIRECT,0.02394028729440026,0.7921254932867844,2,ok,P12 · protein binding
HYP,CS20230722_SUPT_0575,0575 LHA-AHN-PVH Otp Trh Glut_2,13,P13,mmu04517:IgSF CAM signaling,KEGG_PATHWAY,8.3664413828596e-4,1.633368010577263,28,ok,P13 · mmu04517:IgSF CAM signaling
HYP,CS20230722_SUPT_0575,0575 LHA-AHN-PVH Otp Trh Glut_2,14,P14,Transcription regulation,UP_KW_BIOLOGICAL_PROCESS,0.13190196118820616,0.4162364191102024,0,ok,P14 · Transcription regulation
HYP,CS20230722_SUPT_0575,0575 LHA-AHN-PVH Otp Trh Glut_2,15,P15,CARBOHYD:N-linked (GlcNAc...) asparagine,UP_SEQ_FEATURE,0.01923797124743193,1.0804152372159614,2,ok,P15 · CARBOHYD:N-linked (GlcNAc...) asparagine
HYP,CS20230722_SUPT_0575,0575 LHA-AHN-PVH Otp Trh Glut_2,16,P16,spermatogenesis,GOTERM_BP_DIRECT,0.00840265590409647,1.5024379963211534,5,ok,P16 · spermatogenesis
HYP,CS20230722_SUPT_0575,0575 LHA-AHN-PVH Otp Trh Glut_2,17,P17,SH3 domain,UP_KW_DOMAIN,0.02590372642473442,1.5434071357858914,3,ok,P17 · SH3 domain
HYP,CS20230722_SUPT_0575,0575 LHA-AHN-PVH Otp Trh Glut_2,18,P18,CARBOHYD:N-linked (GlcNAc...) asparagine,UP_SEQ_FEATURE,0.01156863998055538,1.0311387306644255,3,ok,P18 · CARBOHYD:N-linked (GlcNAc...) asparagine
HYP,CS20230722_SUPT_0575,0575 LHA-AHN-PVH Otp Trh Glut_2,19,P19,DOMAIN:EF-hand 1,UP_SEQ_FEATURE,0.011640863098454,1.7463708028696292,4,ok,P19 · DOMAIN:EF-hand 1
HYP,CS20230722_SUPT_0576,0576 LHA-AHN-PVH Otp Trh Glut_3,0,P0,regulation of DNA-templated transcription,GOTERM_BP_DIRECT,0.24416612193956996,0.36645161386480973,0,ok,P0 · regulation of DNA-templated transcrip...
HYP,CS20230722_SUPT_0576,0576 LHA-AHN-PVH Otp Trh Glut_3,1,P1,DOMAIN:C2,UP_SEQ_FEATURE,0.00346211619823928,1.8463962377668897,6,ok,P1 · DOMAIN:C2
HYP,CS20230722_SUPT_0576,0576 LHA-AHN-PVH Otp Trh Glut_3,2,P2,DOMAIN:PH,UP_SEQ_FEATURE,0.00316605793351836,1.7341234432058965,7,ok,P2 · DOMAIN:PH
HYP,CS20230722_SUPT_0576,0576 LHA-AHN-PVH Otp Trh Glut_3,3,P3,mmu04360:Axon guidance,KEGG_PATHWAY,3.051250895213483e-7,2.8797610178016324,66,ok,P3 · mmu04360:Axon guidance
HYP,CS20230722_SUPT_0576,0576 LHA-AHN-PVH Otp Trh Glut_3,4,P4,mmu04080:Neuroactive ligand-receptor interaction,KEGG_PATHWAY,6.943929647288555e-6,1.7058103003411158,19,ok,P4 · mmu04080:Neuroactive ligand-receptor ...
HYP,CS20230722_SUPT_0576,0576 LHA-AHN-PVH Otp Trh Glut_3,5,P5,sequence-specific DNA binding,GOTERM_MF_DIRECT,0.01136518954015733,0.6072836008138697,2,ok,P5 · sequence-specific DNA binding
HYP,CS20230722_SUPT_0576,0576 LHA-AHN-PVH Otp Trh Glut_3,6,P6,monoatomic ion transport,GOTERM_BP_DIRECT,2.2484397771699283e-5,2.3230815607638102,49,ok,P6 · monoatomic ion transport
HYP,CS20230722_SUPT_0576,0576 LHA-AHN-PVH Otp Trh Glut_3,7,P7,zinc ion binding,GOTERM_MF_DIRECT,0.20089830943898732,0.3868934764900086,0,ok,P7 · zinc ion binding
HYP,CS20230722_SUPT_0576,0576 LHA-AHN-PVH Otp Trh Glut_3,8,P8,CARBOHYD:N-linked (GlcNAc...) asparagine,UP_SEQ_FEATURE,0.00920964851882909,1.3741098154500375,12,ok,P8 · CARBOHYD:N-linked (GlcNAc...) asparagine
HYP,CS20230722_SUPT_0576,0576 LHA-AHN-PVH Otp Trh Glut_3,9,P9,REGION:Triple-helical region,UP_SEQ_FEATURE,1.162727494316e-4,2.1618002517013277,23,ok,P9 · REGION:Triple-helical region
HYP,CS20230722_SUPT_0576,0576 LHA-AHN-PVH Otp Trh Glut_3,10,P10,metal ion binding,GOTERM_MF_DIRECT,0.02491649476078488,0.9047521247136796,2,ok,P10 · metal ion binding
HYP,CS20230722_SUPT_0576,0576 LHA-AHN-PVH Otp Trh Glut_3,11,P11,mmu04080:Neuroactive ligand-receptor interaction,KEGG_PATHWAY,0.00135776113960535,1.3149125025122852,13,ok,P11 · mmu04080:Neuroactive ligand-receptor ...
HYP,CS20230722_SUPT_0576,0576 LHA-AHN-PVH Otp Trh Glut_3,12,P12,Cell projection,UP_KW_CELLULAR_COMPONENT,0.00125478734509852,1.923858199259036,4,ok,P12 · Cell projection
HYP,CS20230722_SUPT_0576,0576 LHA-AHN-PVH Otp Trh Glut_3,13,P13,DNA repair,UP_KW_BIOLOGICAL_PROCESS,0.00515139569748072,1.2398281771542836,2,ok,P13 · DNA repair
HYP,CS20230722_SUPT_0576,0576 LHA-AHN-PVH Otp Trh Glut_3,14,P14,perinuclear region of cytoplasm,GOTERM_CC_DIRECT,0.05670055129040929,0.6552510963318522,0,ok,P14 · perinuclear region of cytoplasm
HYP,CS20230722_SUPT_0576,0576 LHA-AHN-PVH Otp Trh Glut_3,15,P15,CROSSLNK:Glycyl lysine isopeptide (Lys-Gly) (interchain with G-Cter in SUMO2),UP_SEQ_FEATURE,0.04991604729535462,0.834854914609461,1,ok,P15 · CROSSLNK:Glycyl lysine isopeptide (Ly...
HYP,CS20230722_SUPT_0576,0576 LHA-AHN-PVH Otp Trh Glut_3,16,P16,Transmembrane helix,UP_KW_DOMAIN,0.438399360911601,0.31376126115983566,0,ok,P16 · Transmembrane helix
HYP,CS20230722_SUPT_0576,0576 LHA-AHN-PVH Otp Trh Glut_3,17,P17,vasodilation,GOTERM_BP_DIRECT,8.8727943099302e-4,1.4050509812994605,13,ok,P17 · vasodilation
HYP,CS20230722_SUPT_0576,0576 LHA-AHN-PVH Otp Trh Glut_3,18,P18,IPR013098:Ig_I-set,INTERPRO,0.00686092919617893,0.6963393208035091,3,ok,P18 · IPR013098:Ig_I-set
HYP,CS20230722_SUPT_0576,0576 LHA-AHN-PVH Otp Trh Glut_3,19,P19,MOTIF:Cell attachment site,UP_SEQ_FEATURE,0.00799361573843264,1.1842651738163643,8,ok,P19 · MOTIF:Cell attachment site
HYP,CS20230722_SUPT_0579,0579 AHN-RCH-LHA Otp Fezf1 Glut_1,0,P0,Cell membrane,UP_KW_CELLULAR_COMPONENT,0.03285063536950268,0.7513161633809381,1,ok,P0 · Cell membrane
HYP,CS20230722_SUPT_0579,0579 AHN-RCH-LHA Otp Fezf1 Glut_1,1,P1,phototransduction,GOTERM_BP_DIRECT,3.7228154200945e-4,0.7315685212696255,2,ok,P1 · phototransduction
HYP,CS20230722_SUPT_0579,0579 AHN-RCH-LHA Otp Fezf1 Glut_1,2,P2,Disulfide bond,UP_KW_PTM,0.00858954700208014,0.5926392381078726,1,ok,P2 · Disulfide bond
HYP,CS20230722_SUPT_0579,0579 AHN-RCH-LHA Otp Fezf1 Glut_1,3,P3,Magnesium,UP_KW_LIGAND,0.00414117003336939,1.972477071461052,5,ok,P3 · Magnesium
HYP,CS20230722_SUPT_0579,0579 AHN-RCH-LHA Otp Fezf1 Glut_1,4,P4,biological_process,GOTERM_BP_DIRECT,0.04450377705435528,1.0259386719845054,2,ok,P4 · biological_process
HYP,CS20230722_SUPT_0579,0579 AHN-RCH-LHA Otp Fezf1 Glut_1,5,P5,cell surface,GOTERM_CC_DIRECT,2.978894099741947e-5,2.04992225155045,23,ok,P5 · cell surface
HYP,CS20230722_SUPT_0579,0579 AHN-RCH-LHA Otp Fezf1 Glut_1,6,P6,CARBOHYD:N-linked (GlcNAc...) asparagine,UP_SEQ_FEATURE,0.01295745756346784,0.829708270153591,3,ok,P6 · CARBOHYD:N-linked (GlcNAc...) asparagine
HYP,CS20230722_SUPT_0579,0579 AHN-RCH-LHA Otp Fezf1 Glut_1,7,P7,DOMAIN:Fibronectin type-III,UP_SEQ_FEATURE,1.2344240694453334e-5,2.7482003767704555,51,ok,P7 · DOMAIN:Fibronectin type-III
HYP,CS20230722_SUPT_0579,0579 AHN-RCH-LHA Otp Fezf1 Glut_1,8,P8,IPR027417:P-loop_NTPase,INTERPRO,0.01861632936432048,0.6469901107225333,1,ok,P8 · IPR027417:P-loop_NTPase
HYP,CS20230722_SUPT_0579,0579 AHN-RCH-LHA Otp Fezf1 Glut_1,9,P9,cytosol,GOTERM_CC_DIRECT,0.08694415296587685,0.6030578891667354,0,ok,P9 · cytosol
HYP,CS20230722_SUPT_0579,0579 AHN-RCH-LHA Otp Fezf1 Glut_1,10,P10,TOPO_DOM:Extracellular,UP_SEQ_FEATURE,0.00691406461699696,1.0068414684065936,3,ok,P10 · TOPO_DOM:Extracellular
HYP,CS20230722_SUPT_0579,0579 AHN-RCH-LHA Otp Fezf1 Glut_1,11,P11,Transmembrane helix,UP_KW_DOMAIN,0.0120196114538156,0.924484128947434,4,ok,P11 · Transmembrane helix
HYP,CS20230722_SUPT_0579,0579 AHN-RCH-LHA Otp Fezf1 Glut_1,12,P12,COMPBIAS:Low complexity,UP_SEQ_FEATURE,0.00522662729169688,0.8855358434372437,1,ok,P12 · COMPBIAS:Low complexity
HYP,CS20230722_SUPT_0579,0579 AHN-RCH-LHA Otp Fezf1 Glut_1,13,P13,COMPBIAS:Polar residues,UP_SEQ_FEATURE,0.00128078841050427,1.5805956324482928,8,ok,P13 · COMPBIAS:Polar residues
HYP,CS20230722_SUPT_0579,0579 AHN-RCH-LHA Otp Fezf1 Glut_1,14,P14,ubiquitin protein ligase binding,GOTERM_MF_DIRECT,0.01505134912815788,0.9536588293579584,6,ok,P14 · ubiquitin protein ligase binding
HYP,CS20230722_SUPT_0579,0579 AHN-RCH-LHA Otp Fezf1 Glut_1,15,P15,Membrane,UP_KW_CELLULAR_COMPONENT,0.2488508689524692,0.43627624567886014,0,ok,P15 · Membrane
HYP,CS20230722_SUPT_0579,0579 AHN-RCH-LHA Otp Fezf1 Glut_1,16,P16,Ion channel,UP_KW_MOLECULAR_FUNCTION,5.067936539607e-4,2.142944913849145,22,ok,P16 · Ion channel
HYP,CS20230722_SUPT_0579,0579 AHN-RCH-LHA Otp Fezf1 Glut_1,17,P17,proteolysis,GOTERM_BP_DIRECT,0.054565518406149247,0.9655844980764652,0,ok,P17 · proteolysis
HYP,CS20230722_SUPT_0579,0579 AHN-RCH-LHA Otp Fezf1 Glut_1,18,P18,Transmembrane helix,UP_KW_DOMAIN,0.01466218565716414,1.0058272465329727,6,ok,P18 · Transmembrane helix
HYP,CS20230722_SUPT_0579,0579 AHN-RCH-LHA Otp Fezf1 Glut_1,19,P19,Secreted,UP_KW_CELLULAR_COMPONENT,0.00757564677759201,1.465783512838981,4,ok,P19 · Secreted
HYP,CS20230722_SUPT_0580,0580 AHN-RCH-LHA Otp Fezf1 Glut_2,0,P0,COMPBIAS:Basic and acidic residues,UP_SEQ_FEATURE,0.13617085807170184,0.6939660106887032,0,ok,P0 · COMPBIAS:Basic and acidic residues
HYP,CS20230722_SUPT_0580,0580 AHN-RCH-LHA Otp Fezf1 Glut_2,1,P1,DOMAIN:Fibronectin type-III,UP_SEQ_FEATURE,5.133470703251963e-7,3.0537715830342957,43,ok,P1 · DOMAIN:Fibronectin type-III
HYP,CS20230722_SUPT_0580,0580 AHN-RCH-LHA Otp Fezf1 Glut_2,2,P2,plasma membrane,GOTERM_CC_DIRECT,0.04993969396027171,0.912999429385412,1,ok,P2 · plasma membrane
HYP,CS20230722_SUPT_0580,0580 AHN-RCH-LHA Otp Fezf1 Glut_2,3,P3,collagen binding,GOTERM_MF_DIRECT,2.4765278138092708e-5,2.51518532253839,32,ok,P3 · collagen binding
HYP,CS20230722_SUPT_0580,0580 AHN-RCH-LHA Otp Fezf1 Glut_2,4,P4,regulation of synapse organization,GOTERM_BP_DIRECT,1.763695227862142e-6,2.3868388799480553,18,ok,P4 · regulation of synapse organization
HYP,CS20230722_SUPT_0580,0580 AHN-RCH-LHA Otp Fezf1 Glut_2,5,P5,cellular_component,GOTERM_CC_DIRECT,3.8745944956881e-4,2.2779309383988338,3,ok,P5 · cellular_component
HYP,CS20230722_SUPT_0580,0580 AHN-RCH-LHA Otp Fezf1 Glut_2,6,P6,cellular_component,GOTERM_CC_DIRECT,0.03081560089509578,1.188033297406637,2,ok,P6 · cellular_component
HYP,CS20230722_SUPT_0580,0580 AHN-RCH-LHA Otp Fezf1 Glut_2,7,P7,Zinc,UP_KW_LIGAND,0.25762440966587996,0.36009671004093474,0,ok,P7 · Zinc
HYP,CS20230722_SUPT_0580,0580 AHN-RCH-LHA Otp Fezf1 Glut_2,8,P8,COMPBIAS:Polar residues,UP_SEQ_FEATURE,0.2671809970588769,0.4314088442101364,0,ok,P8 · COMPBIAS:Polar residues
HYP,CS20230722_SUPT_0580,0580 AHN-RCH-LHA Otp Fezf1 Glut_2,9,P9,Disulfide bond,UP_KW_PTM,0.00858954700208014,1.20674138711301,6,ok,P9 · Disulfide bond
HYP,CS20230722_SUPT_0580,0580 AHN-RCH-LHA Otp Fezf1 Glut_2,10,P10,SM00233:PH,SMART,0.02582637284961921,1.4736952223172637,4,ok,P10 · SM00233:PH
HYP,CS20230722_SUPT_0580,0580 AHN-RCH-LHA Otp Fezf1 Glut_2,11,P11,membrane,GOTERM_CC_DIRECT,0.08011383266632036,0.6707260467241168,0,ok,P11 · membrane
HYP,CS20230722_SUPT_0580,0580 AHN-RCH-LHA Otp Fezf1 Glut_2,12,P12,CARBOHYD:N-linked (GlcNAc...) asparagine,UP_SEQ_FEATURE,0.05209987283918917,0.6334458922737524,0,ok,P12 · CARBOHYD:N-linked (GlcNAc...) asparagine
HYP,CS20230722_SUPT_0580,0580 AHN-RCH-LHA Otp Fezf1 Glut_2,13,P13,Calcium,UP_KW_LIGAND,0.00409727852089771,1.2358090796114105,4,ok,P13 · Calcium
HYP,CS20230722_SUPT_0580,0580 AHN-RCH-LHA Otp Fezf1 Glut_2,14,P14,Cytoplasm,UP_KW_CELLULAR_COMPONENT,0.00380910739497717,1.4421258878914804,3,ok,P14 · Cytoplasm
HYP,CS20230722_SUPT_0580,0580 AHN-RCH-LHA Otp Fezf1 Glut_2,15,P15,NA,NA,NA,NA,0,no_terms,P15
HYP,CS20230722_SUPT_0580,0580 AHN-RCH-LHA Otp Fezf1 Glut_2,16,P16,intracellular receptor signaling pathway,GOTERM_BP_DIRECT,7.7906511707585e-4,1.8381181260998964,42,ok,P16 · intracellular receptor signaling pathway
HYP,CS20230722_SUPT_0580,0580 AHN-RCH-LHA Otp Fezf1 Glut_2,17,P17,plasma membrane,GOTERM_CC_DIRECT,0.14799665690158192,0.391377447853755,0,ok,P17 · plasma membrane
HYP,CS20230722_SUPT_0580,0580 AHN-RCH-LHA Otp Fezf1 Glut_2,18,P18,Lipoprotein,UP_KW_PTM,0.07279395632136273,0.477173193892316,0,ok,P18 · Lipoprotein
HYP,CS20230722_SUPT_0580,0580 AHN-RCH-LHA Otp Fezf1 Glut_2,19,P19,monoatomic ion transport,GOTERM_BP_DIRECT,1.291487947458e-4,2.2814865048644326,73,ok,P19 · monoatomic ion transport
HYP,CS20230722_SUPT_0581,0581 AHN-RCH-LHA Otp Fezf1 Glut_3,0,P0,regulation of transcription by RNA polymerase II,GOTERM_BP_DIRECT,0.15664592368631644,0.5287784509885415,0,ok,P0 · regulation of transcription by RNA po...
HYP,CS20230722_SUPT_0581,0581 AHN-RCH-LHA Otp Fezf1 Glut_3,1,P1,L-amino acid transmembrane transporter activity,GOTERM_MF_DIRECT,2.3817153385727e-4,2.470733285690345,9,ok,P1 · L-amino acid transmembrane transporte...
HYP,CS20230722_SUPT_0581,0581 AHN-RCH-LHA Otp Fezf1 Glut_3,2,P2,cell surface,GOTERM_CC_DIRECT,2.8348808492924e-4,2.6390383389615635,49,ok,P2 · cell surface
HYP,CS20230722_SUPT_0581,0581 AHN-RCH-LHA Otp Fezf1 Glut_3,3,P3,Cell membrane,UP_KW_CELLULAR_COMPONENT,0.00355682004859628,1.342807669036158,4,ok,P3 · Cell membrane
HYP,CS20230722_SUPT_0581,0581 AHN-RCH-LHA Otp Fezf1 Glut_3,4,P4,mitochondrion,GOTERM_CC_DIRECT,0.02093424152572984,1.1815679822777294,3,ok,P4 · mitochondrion
HYP,CS20230722_SUPT_0581,0581 AHN-RCH-LHA Otp Fezf1 Glut_3,5,P5,axon guidance,GOTERM_BP_DIRECT,4.3664917881721174e-7,2.7658000272392225,33,ok,P5 · axon guidance
HYP,CS20230722_SUPT_0581,0581 AHN-RCH-LHA Otp Fezf1 Glut_3,6,P6,mmu05020:Prion disease,KEGG_PATHWAY,0.00839341586508924,1.8870298848110785,6,ok,P6 · mmu05020:Prion disease
HYP,CS20230722_SUPT_0581,0581 AHN-RCH-LHA Otp Fezf1 Glut_3,7,P7,Acetylation,UP_KW_PTM,0.13340676863171522,0.6414413961769674,0,ok,P7 · Acetylation
HYP,CS20230722_SUPT_0581,0581 AHN-RCH-LHA Otp Fezf1 Glut_3,8,P8,skeletal system development,GOTERM_BP_DIRECT,0.00422809989648426,1.201091877143231,9,ok,P8 · skeletal system development
HYP,CS20230722_SUPT_0581,0581 AHN-RCH-LHA Otp Fezf1 Glut_3,9,P9,COMPBIAS:Acidic residues,UP_SEQ_FEATURE,0.02265864409259813,0.8809600902228979,2,ok,P9 · COMPBIAS:Acidic residues
HYP,CS20230722_SUPT_0581,0581 AHN-RCH-LHA Otp Fezf1 Glut_3,10,P10,Nucleus,UP_KW_CELLULAR_COMPONENT,0.04208993025944616,1.025738485599059,2,ok,P10 · Nucleus
HYP,CS20230722_SUPT_0581,0581 AHN-RCH-LHA Otp Fezf1 Glut_3,11,P11,nucleus,GOTERM_CC_DIRECT,0.1582478815407123,0.5040841018635623,0,ok,P11 · nucleus
HYP,CS20230722_SUPT_0581,0581 AHN-RCH-LHA Otp Fezf1 Glut_3,12,P12,extracellular matrix,GOTERM_CC_DIRECT,0.01881781705056153,1.0141251518569885,4,ok,P12 · extracellular matrix
HYP,CS20230722_SUPT_0581,0581 AHN-RCH-LHA Otp Fezf1 Glut_3,13,P13,Calcium,UP_KW_LIGAND,3.4533669347264934e-5,1.6623034750739525,15,ok,P13 · Calcium
HYP,CS20230722_SUPT_0581,0581 AHN-RCH-LHA Otp Fezf1 Glut_3,14,P14,Disulfide bond,UP_KW_PTM,0.02472888027138907,0.5793115053422646,1,ok,P14 · Disulfide bond
HYP,CS20230722_SUPT_0581,0581 AHN-RCH-LHA Otp Fezf1 Glut_3,15,P15,cytoplasm,GOTERM_CC_DIRECT,0.01722775573531278,0.7683358641177906,2,ok,P15 · cytoplasm
HYP,CS20230722_SUPT_0581,0581 AHN-RCH-LHA Otp Fezf1 Glut_3,16,P16,ACT_SITE:For sulfotransferase activity,UP_SEQ_FEATURE,7.342343920218585e-8,3.116054406699623,15,ok,P16 · ACT_SITE:For sulfotransferase activity
HYP,CS20230722_SUPT_0581,0581 AHN-RCH-LHA Otp Fezf1 Glut_3,17,P17,COMPBIAS:Polar residues,UP_SEQ_FEATURE,0.02155034240812655,1.1397380893379658,5,ok,P17 · COMPBIAS:Polar residues
HYP,CS20230722_SUPT_0581,0581 AHN-RCH-LHA Otp Fezf1 Glut_3,18,P18,Transmembrane helix,UP_KW_DOMAIN,0.06514316873262088,0.690492282013932,0,ok,P18 · Transmembrane helix
HYP,CS20230722_SUPT_0581,0581 AHN-RCH-LHA Otp Fezf1 Glut_3,19,P19,CARBOHYD:N-linked (GlcNAc...) asparagine,UP_SEQ_FEATURE,0.00164219189523827,1.2856901386121886,7,ok,P19 · CARBOHYD:N-linked (GlcNAc...) asparagine
HYP,CS20230722_SUPT_0586,0586 PVH-SO-PVa Otp Glut_2,0,P0,glutamatergic synapse,GOTERM_CC_DIRECT,0.01404345091908678,0.8975001003957104,2,ok,P0 · glutamatergic synapse
HYP,CS20230722_SUPT_0586,0586 PVH-SO-PVa Otp Glut_2,1,P1,molecular_function,GOTERM_MF_DIRECT,0.01240670030085797,1.268126466465804,1,ok,P1 · molecular_function
HYP,CS20230722_SUPT_0586,0586 PVH-SO-PVa Otp Glut_2,2,P2,ATP binding,GOTERM_MF_DIRECT,0.08773209209292927,0.7629974106269967,0,ok,P2 · ATP binding
HYP,CS20230722_SUPT_0586,0586 PVH-SO-PVa Otp Glut_2,3,P3,ligand-gated monoatomic ion channel activity involved in regulation of presynaptic membrane potential,GOTERM_MF_DIRECT,0.00202978624292069,2.0086373398972297,33,ok,P3 · ligand-gated monoatomic ion channel a...
HYP,CS20230722_SUPT_0586,0586 PVH-SO-PVa Otp Glut_2,4,P4,Transmembrane helix,UP_KW_DOMAIN,0.01626799298924047,1.058269645017329,8,ok,P4 · Transmembrane helix
HYP,CS20230722_SUPT_0586,0586 PVH-SO-PVa Otp Glut_2,5,P5,mmu00534:Glycosaminoglycan biosynthesis - heparan sulfate / heparin,KEGG_PATHWAY,0.00139806872106966,1.528639561323506,29,ok,P5 · mmu00534:Glycosaminoglycan biosynthes...
HYP,CS20230722_SUPT_0586,0586 PVH-SO-PVa Otp Glut_2,6,P6,DOMAIN:PH,UP_SEQ_FEATURE,4.3751430704009e-4,2.2477370954066425,12,ok,P6 · DOMAIN:PH
HYP,CS20230722_SUPT_0586,0586 PVH-SO-PVa Otp Glut_2,7,P7,SM00233:PH,SMART,0.02145590551088033,1.2873936302352962,3,ok,P7 · SM00233:PH
HYP,CS20230722_SUPT_0586,0586 PVH-SO-PVa Otp Glut_2,8,P8,cytoplasm,GOTERM_CC_DIRECT,0.01190794150551062,1.5759618536750049,3,ok,P8 · cytoplasm
HYP,CS20230722_SUPT_0586,0586 PVH-SO-PVa Otp Glut_2,9,P9,CARBOHYD:N-linked (GlcNAc...) asparagine,UP_SEQ_FEATURE,0.02799658914529744,0.8232264653721915,1,ok,P9 · CARBOHYD:N-linked (GlcNAc...) asparagine
HYP,CS20230722_SUPT_0586,0586 PVH-SO-PVa Otp Glut_2,10,P10,COMPBIAS:Polar residues,UP_SEQ_FEATURE,0.00613459212164315,1.3059567325195296,6,ok,P10 · COMPBIAS:Polar residues
HYP,CS20230722_SUPT_0586,0586 PVH-SO-PVa Otp Glut_2,11,P11,DNA repair,GOTERM_BP_DIRECT,0.03846678984991526,1.0844059515260334,1,ok,P11 · DNA repair
HYP,CS20230722_SUPT_0586,0586 PVH-SO-PVa Otp Glut_2,12,P12,cell morphogenesis,GOTERM_BP_DIRECT,0.00459474880040613,0.7585806743394446,3,ok,P12 · cell morphogenesis
HYP,CS20230722_SUPT_0586,0586 PVH-SO-PVa Otp Glut_2,13,P13,COMPBIAS:Acidic residues,UP_SEQ_FEATURE,0.00907566610143338,1.1540956488163987,7,ok,P13 · COMPBIAS:Acidic residues
HYP,CS20230722_SUPT_0586,0586 PVH-SO-PVa Otp Glut_2,14,P14,CARBOHYD:N-linked (GlcNAc...) asparagine,UP_SEQ_FEATURE,1.6810402137616e-4,1.8399818568734383,20,ok,P14 · CARBOHYD:N-linked (GlcNAc...) asparagine
HYP,CS20230722_SUPT_0586,0586 PVH-SO-PVa Otp Glut_2,15,P15,monoatomic ion channel activity,GOTERM_MF_DIRECT,0.00952220408128564,1.2976538743664552,6,ok,P15 · monoatomic ion channel activity
HYP,CS20230722_SUPT_0586,0586 PVH-SO-PVa Otp Glut_2,16,P16,Innate immunity,UP_KW_BIOLOGICAL_PROCESS,0.00560320921745635,1.373655459663707,3,ok,P16 · Innate immunity
HYP,CS20230722_SUPT_0586,0586 PVH-SO-PVa Otp Glut_2,17,P17,IPR003593:AAA+_ATPase,INTERPRO,0.01153428264841283,0.933509440246425,6,ok,P17 · IPR003593:AAA+_ATPase
HYP,CS20230722_SUPT_0586,0586 PVH-SO-PVa Otp Glut_2,18,P18,Transmembrane helix,UP_KW_DOMAIN,0.4702014075349807,0.21796412052333036,0,ok,P18 · Transmembrane helix
HYP,CS20230722_SUPT_0586,0586 PVH-SO-PVa Otp Glut_2,19,P19,nucleus,GOTERM_CC_DIRECT,0.02392327710639227,0.8483801674971723,2,ok,P19 · nucleus
HYP,CS20230722_SUPT_0587,0587 PVH-SO-PVa Otp Glut_3,0,P0,immunological synapse formation,GOTERM_BP_DIRECT,2.3275433132788994e-5,1.4110982253859556,4,ok,P0 · immunological synapse formation
HYP,CS20230722_SUPT_0587,0587 PVH-SO-PVa Otp Glut_3,1,P1,CARBOHYD:N-linked (GlcNAc...) asparagine,UP_SEQ_FEATURE,7.9460154776517e-4,1.8585576816581757,19,ok,P1 · CARBOHYD:N-linked (GlcNAc...) asparagine
HYP,CS20230722_SUPT_0587,0587 PVH-SO-PVa Otp Glut_3,2,P2,Differentiation,UP_KW_BIOLOGICAL_PROCESS,0.00664198033886573,1.6146858586614024,3,ok,P2 · Differentiation
HYP,CS20230722_SUPT_0587,0587 PVH-SO-PVa Otp Glut_3,3,P3,Transport,UP_KW_BIOLOGICAL_PROCESS,0.04057837644839689,0.6487712796374445,1,ok,P3 · Transport
HYP,CS20230722_SUPT_0587,0587 PVH-SO-PVa Otp Glut_3,4,P4,postsynapse,GOTERM_CC_DIRECT,3.5886074111937e-4,2.5644414275762406,19,ok,P4 · postsynapse
HYP,CS20230722_SUPT_0587,0587 PVH-SO-PVa Otp Glut_3,5,P5,TOPO_DOM:Cytoplasmic,UP_SEQ_FEATURE,0.04354109232765765,0.690305791444853,2,ok,P5 · TOPO_DOM:Cytoplasmic
HYP,CS20230722_SUPT_0587,0587 PVH-SO-PVa Otp Glut_3,6,P6,Mitochondrion inner membrane,UP_KW_CELLULAR_COMPONENT,0.00856585343628293,1.80777892038634,5,ok,P6 · Mitochondrion inner membrane
HYP,CS20230722_SUPT_0587,0587 PVH-SO-PVa Otp Glut_3,7,P7,Developmental protein,UP_KW_MOLECULAR_FUNCTION,0.00493628504394247,1.59866543674642,8,ok,P7 · Developmental protein
HYP,CS20230722_SUPT_0587,0587 PVH-SO-PVa Otp Glut_3,8,P8,regulation of synapse organization,GOTERM_BP_DIRECT,1.7171024261157e-4,1.44935504116992,11,ok,P8 · regulation of synapse organization
HYP,CS20230722_SUPT_0587,0587 PVH-SO-PVa Otp Glut_3,9,P9,transcription cis-regulatory region binding,GOTERM_MF_DIRECT,0.01793104978010782,0.893226913518718,1,ok,P9 · transcription cis-regulatory region b...
HYP,CS20230722_SUPT_0587,0587 PVH-SO-PVa Otp Glut_3,10,P10,zinc ion binding,GOTERM_MF_DIRECT,0.15620571633897468,0.4931580941149367,0,ok,P10 · zinc ion binding
HYP,CS20230722_SUPT_0587,0587 PVH-SO-PVa Otp Glut_3,11,P11,Synapse,UP_KW_CELLULAR_COMPONENT,1.4784192147986e-4,2.7641302351676993,48,ok,P11 · Synapse
HYP,CS20230722_SUPT_0587,0587 PVH-SO-PVa Otp Glut_3,12,P12,Zinc,UP_KW_LIGAND,0.14042714039223375,0.5724735783515554,0,ok,P12 · Zinc
HYP,CS20230722_SUPT_0587,0587 PVH-SO-PVa Otp Glut_3,13,P13,mmu05016:Huntington disease,KEGG_PATHWAY,0.01059793571059648,1.7976413525290873,3,ok,P13 · mmu05016:Huntington disease
HYP,CS20230722_SUPT_0587,0587 PVH-SO-PVa Otp Glut_3,14,P14,signaling receptor activity,GOTERM_MF_DIRECT,0.00443210583747833,0.886448733342882,6,ok,P14 · signaling receptor activity
HYP,CS20230722_SUPT_0587,0587 PVH-SO-PVa Otp Glut_3,15,P15,CARBOHYD:N-linked (GlcNAc...) asparagine,UP_SEQ_FEATURE,1.0927064844762e-4,2.259150821683064,16,ok,P15 · CARBOHYD:N-linked (GlcNAc...) asparagine
HYP,CS20230722_SUPT_0587,0587 PVH-SO-PVa Otp Glut_3,16,P16,9+2 motile cilium,GOTERM_CC_DIRECT,3.2134722702643e-4,2.5796753891771553,11,ok,P16 · 9+2 motile cilium
HYP,CS20230722_SUPT_0587,0587 PVH-SO-PVa Otp Glut_3,17,P17,CARBOHYD:N-linked (GlcNAc...) asparagine,UP_SEQ_FEATURE,0.0487952654119389,0.5251994110078377,1,ok,P17 · CARBOHYD:N-linked (GlcNAc...) asparagine
HYP,CS20230722_SUPT_0587,0587 PVH-SO-PVa Otp Glut_3,18,P18,axon guidance,GOTERM_BP_DIRECT,0.00986091660561236,1.147411003322116,7,ok,P18 · axon guidance
HYP,CS20230722_SUPT_0587,0587 PVH-SO-PVa Otp Glut_3,19,P19,Transcription regulation,UP_KW_BIOLOGICAL_PROCESS,2.1789515743564e-4,1.3522975529486472,19,ok,P19 · Transcription regulation
HYP,CS20230722_SUPT_0588,0588 PVH-SO-PVa Otp Glut_4,0,P0,Calcium,UP_KW_LIGAND,0.05065789891149193,0.7980636552941206,0,ok,P0 · Calcium
HYP,CS20230722_SUPT_0588,0588 PVH-SO-PVa Otp Glut_4,1,P1,Cell membrane,UP_KW_CELLULAR_COMPONENT,3.5570889380645e-4,2.3050821883962205,12,ok,P1 · Cell membrane
HYP,CS20230722_SUPT_0588,0588 PVH-SO-PVa Otp Glut_4,2,P2,transmembrane transport,GOTERM_BP_DIRECT,0.00449105861149679,1.0313195136136803,2,ok,P2 · transmembrane transport
HYP,CS20230722_SUPT_0588,0588 PVH-SO-PVa Otp Glut_4,3,P3,IPR013783:Ig-like_fold,INTERPRO,6.502690792024623e-6,2.9242612018244363,63,ok,P3 · IPR013783:Ig-like_fold
HYP,CS20230722_SUPT_0588,0588 PVH-SO-PVa Otp Glut_4,4,P4,positive regulation of MAPK cascade,GOTERM_BP_DIRECT,0.00450969485473045,1.3725570391248196,12,ok,P4 · positive regulation of MAPK cascade
HYP,CS20230722_SUPT_0588,0588 PVH-SO-PVa Otp Glut_4,5,P5,mmu04820:Cytoskeleton in muscle cells,KEGG_PATHWAY,0.01120271948725195,1.1760591384938788,7,ok,P5 · mmu04820:Cytoskeleton in muscle cells
HYP,CS20230722_SUPT_0588,0588 PVH-SO-PVa Otp Glut_4,6,P6,plasma membrane,GOTERM_CC_DIRECT,0.02188892034624618,0.7708400219136408,3,ok,P6 · plasma membrane
HYP,CS20230722_SUPT_0588,0588 PVH-SO-PVa Otp Glut_4,7,P7,plasma membrane,GOTERM_CC_DIRECT,5.7175796355487e-4,1.7948372427772814,9,ok,P7 · plasma membrane
HYP,CS20230722_SUPT_0588,0588 PVH-SO-PVa Otp Glut_4,8,P8,Repressor,UP_KW_MOLECULAR_FUNCTION,0.00683530165103949,0.915191527510804,3,ok,P8 · Repressor
HYP,CS20230722_SUPT_0588,0588 PVH-SO-PVa Otp Glut_4,9,P9,Synapse,UP_KW_CELLULAR_COMPONENT,4.5022320557122625e-5,1.6779042551788057,23,ok,P9 · Synapse
HYP,CS20230722_SUPT_0588,0588 PVH-SO-PVa Otp Glut_4,10,P10,mmu04015:Rap1 signaling pathway,KEGG_PATHWAY,3.6349857254418e-4,1.8879092239159656,7,ok,P10 · mmu04015:Rap1 signaling pathway
HYP,CS20230722_SUPT_0588,0588 PVH-SO-PVa Otp Glut_4,11,P11,positive regulation of cell population proliferation,GOTERM_BP_DIRECT,0.01544867949906274,1.3738584953957755,2,ok,P11 · positive regulation of cell populatio...
HYP,CS20230722_SUPT_0588,0588 PVH-SO-PVa Otp Glut_4,12,P12,DOMAIN:Fibronectin type-III,UP_SEQ_FEATURE,0.00233752653753571,1.5797819001622126,11,ok,P12 · DOMAIN:Fibronectin type-III
HYP,CS20230722_SUPT_0588,0588 PVH-SO-PVa Otp Glut_4,13,P13,IPR001791:Laminin_G,INTERPRO,1.7674559902178e-4,2.052898506962548,14,ok,P13 · IPR001791:Laminin_G
HYP,CS20230722_SUPT_0588,0588 PVH-SO-PVa Otp Glut_4,14,P14,ZN_FING:C2H2-type 5,UP_SEQ_FEATURE,0.00587034913857734,1.1450888260266676,8,ok,P14 · ZN_FING:C2H2-type 5
HYP,CS20230722_SUPT_0588,0588 PVH-SO-PVa Otp Glut_4,15,P15,protein ubiquitination,GOTERM_BP_DIRECT,0.01705368187476962,1.3301260900482683,2,ok,P15 · protein ubiquitination
HYP,CS20230722_SUPT_0588,0588 PVH-SO-PVa Otp Glut_4,16,P16,COMPBIAS:Basic and acidic residues,UP_SEQ_FEATURE,0.02166466050012244,1.1001634617788127,1,ok,P16 · COMPBIAS:Basic and acidic residues
HYP,CS20230722_SUPT_0588,0588 PVH-SO-PVa Otp Glut_4,17,P17,"DNA-binding transcription factor activity, RNA polymerase II-specific",GOTERM_MF_DIRECT,0.05686020317220483,0.7949120850585124,0,ok,P17 · DNA-binding transcription factor acti...
HYP,CS20230722_SUPT_0588,0588 PVH-SO-PVa Otp Glut_4,18,P18,CARBOHYD:N-linked (GlcNAc...) asparagine,UP_SEQ_FEATURE,0.00885920296456788,1.0399472752366536,4,ok,P18 · CARBOHYD:N-linked (GlcNAc...) asparagine
HYP,CS20230722_SUPT_0588,0588 PVH-SO-PVa Otp Glut_4,19,P19,transcription corepressor activity,GOTERM_MF_DIRECT,0.00430263789305053,1.103351967323852,7,ok,P19 · transcription corepressor activity
HYP,CS20230722_SUPT_0591,0591 PH-ant-LHA Otp Bsx Glut_1,0,P0,small GTPase binding,GOTERM_MF_DIRECT,0.01275222809787362,0.7491567560889478,1,ok,P0 · small GTPase binding
HYP,CS20230722_SUPT_0591,0591 PH-ant-LHA Otp Bsx Glut_1,1,P1,CARBOHYD:N-linked (GlcNAc...) asparagine,UP_SEQ_FEATURE,6.226759405993678e-7,2.4442812940574896,49,ok,P1 · CARBOHYD:N-linked (GlcNAc...) asparagine
HYP,CS20230722_SUPT_0591,0591 PH-ant-LHA Otp Bsx Glut_1,2,P2,calcium ion binding,GOTERM_MF_DIRECT,0.04103032724308744,0.5259414841723606,1,ok,P2 · calcium ion binding
HYP,CS20230722_SUPT_0591,0591 PH-ant-LHA Otp Bsx Glut_1,3,P3,COMPBIAS:Basic and acidic residues,UP_SEQ_FEATURE,0.005764711763925,1.1782067665908296,3,ok,P3 · COMPBIAS:Basic and acidic residues
HYP,CS20230722_SUPT_0591,0591 PH-ant-LHA Otp Bsx Glut_1,4,P4,nucleus,GOTERM_CC_DIRECT,0.03377760146451709,1.0737011393653717,3,ok,P4 · nucleus
HYP,CS20230722_SUPT_0591,0591 PH-ant-LHA Otp Bsx Glut_1,5,P5,COMPBIAS:Basic and acidic residues,UP_SEQ_FEATURE,0.00269392535036577,1.2485142735228347,3,ok,P5 · COMPBIAS:Basic and acidic residues
HYP,CS20230722_SUPT_0591,0591 PH-ant-LHA Otp Bsx Glut_1,6,P6,cell surface,GOTERM_CC_DIRECT,2.1728273242184e-4,1.6373254739404424,26,ok,P6 · cell surface
HYP,CS20230722_SUPT_0591,0591 PH-ant-LHA Otp Bsx Glut_1,7,P7,nucleus,GOTERM_CC_DIRECT,0.20761031321883117,0.42788281569389663,0,ok,P7 · nucleus
HYP,CS20230722_SUPT_0591,0591 PH-ant-LHA Otp Bsx Glut_1,8,P8,Zinc,UP_KW_LIGAND,0.06229562754291496,0.5333705355714311,0,ok,P8 · Zinc
HYP,CS20230722_SUPT_0591,0591 PH-ant-LHA Otp Bsx Glut_1,9,P9,IPR003593:AAA+_ATPase,INTERPRO,0.00366698000179877,1.2625197220897852,9,ok,P9 · IPR003593:AAA+_ATPase
HYP,CS20230722_SUPT_0591,0591 PH-ant-LHA Otp Bsx Glut_1,10,P10,regulation of synapse organization,GOTERM_BP_DIRECT,2.5645747920409083e-6,2.137893620499053,14,ok,P10 · regulation of synapse organization
HYP,CS20230722_SUPT_0591,0591 PH-ant-LHA Otp Bsx Glut_1,11,P11,mmu04518:Integrin signaling,KEGG_PATHWAY,8.2505655615063e-4,2.0197343164441617,19,ok,P11 · mmu04518:Integrin signaling
HYP,CS20230722_SUPT_0591,0591 PH-ant-LHA Otp Bsx Glut_1,12,P12,apoptotic process,GOTERM_BP_DIRECT,0.01461305058353623,1.369930790109488,4,ok,P12 · apoptotic process
HYP,CS20230722_SUPT_0591,0591 PH-ant-LHA Otp Bsx Glut_1,13,P13,mmu04080:Neuroactive ligand-receptor interaction,KEGG_PATHWAY,2.2821326648319e-4,2.3316235299297965,17,ok,P13 · mmu04080:Neuroactive ligand-receptor ...
HYP,CS20230722_SUPT_0591,0591 PH-ant-LHA Otp Bsx Glut_1,14,P14,CARBOHYD:N-linked (GlcNAc...) asparagine,UP_SEQ_FEATURE,1.5088326114997e-4,2.8060621330326656,21,ok,P14 · CARBOHYD:N-linked (GlcNAc...) asparagine
HYP,CS20230722_SUPT_0591,0591 PH-ant-LHA Otp Bsx Glut_1,15,P15,myelin sheath,GOTERM_CC_DIRECT,7.818919299459768e-6,2.458485870304292,11,ok,P15 · myelin sheath
HYP,CS20230722_SUPT_0591,0591 PH-ant-LHA Otp Bsx Glut_1,16,P16,positive regulation of cell population proliferation,GOTERM_BP_DIRECT,0.01052044190089225,0.581016827919044,2,ok,P16 · positive regulation of cell populatio...
HYP,CS20230722_SUPT_0591,0591 PH-ant-LHA Otp Bsx Glut_1,17,P17,Lipoprotein,UP_KW_PTM,0.00813098002786017,1.0751758534314224,2,ok,P17 · Lipoprotein
HYP,CS20230722_SUPT_0591,0591 PH-ant-LHA Otp Bsx Glut_1,18,P18,COMPBIAS:Acidic residues,UP_SEQ_FEATURE,0.06286249637739794,0.7113518077390683,0,ok,P18 · COMPBIAS:Acidic residues
HYP,CS20230722_SUPT_0591,0591 PH-ant-LHA Otp Bsx Glut_1,19,P19,cytosol,GOTERM_CC_DIRECT,0.02343103184512753,0.935101712958448,1,ok,P19 · cytosol
HYP,CS20230722_SUPT_0594,0594 PH-ant-LHA Otp Bsx Glut_4,0,P0,Disulfide bond,UP_KW_PTM,1.0589253291891e-4,1.2965051518783042,12,ok,P0 · Disulfide bond
HYP,CS20230722_SUPT_0594,0594 PH-ant-LHA Otp Bsx Glut_4,1,P1,postsynaptic membrane,GOTERM_CC_DIRECT,4.4090206131517e-4,2.6453545163730485,55,ok,P1 · postsynaptic membrane
HYP,CS20230722_SUPT_0594,0594 PH-ant-LHA Otp Bsx Glut_4,2,P2,DOMAIN:EF-hand 1,UP_SEQ_FEATURE,0.00434482035997133,1.877656010129264,13,ok,P2 · DOMAIN:EF-hand 1
HYP,CS20230722_SUPT_0594,0594 PH-ant-LHA Otp Bsx Glut_4,3,P3,REGION:Disordered,UP_SEQ_FEATURE,0.10866461803967964,0.8910225828054008,0,ok,P3 · REGION:Disordered
HYP,CS20230722_SUPT_0594,0594 PH-ant-LHA Otp Bsx Glut_4,4,P4,CARBOHYD:N-linked (GlcNAc...) asparagine,UP_SEQ_FEATURE,4.389643271967248e-7,2.529771556350812,26,ok,P4 · CARBOHYD:N-linked (GlcNAc...) asparagine
HYP,CS20230722_SUPT_0594,0594 PH-ant-LHA Otp Bsx Glut_4,5,P5,L-amino acid transmembrane transporter activity,GOTERM_MF_DIRECT,1.3208920488741e-4,1.4660580481837846,3,ok,P5 · L-amino acid transmembrane transporte...
HYP,CS20230722_SUPT_0594,0594 PH-ant-LHA Otp Bsx Glut_4,6,P6,mmu00565:Ether lipid metabolism,KEGG_PATHWAY,0.00143059781504247,1.5889141245146388,6,ok,P6 · mmu00565:Ether lipid metabolism
HYP,CS20230722_SUPT_0594,0594 PH-ant-LHA Otp Bsx Glut_4,7,P7,CARBOHYD:N-linked (GlcNAc...) asparagine,UP_SEQ_FEATURE,6.464726110111709e-8,2.629303918933294,54,ok,P7 · CARBOHYD:N-linked (GlcNAc...) asparagine
HYP,CS20230722_SUPT_0594,0594 PH-ant-LHA Otp Bsx Glut_4,8,P8,enzyme binding,GOTERM_MF_DIRECT,0.02993803263767414,0.5524677082224205,1,ok,P8 · enzyme binding
HYP,CS20230722_SUPT_0594,0594 PH-ant-LHA Otp Bsx Glut_4,9,P9,nucleoplasm,GOTERM_CC_DIRECT,0.3930209266542125,0.33521285949965585,0,ok,P9 · nucleoplasm
HYP,CS20230722_SUPT_0594,0594 PH-ant-LHA Otp Bsx Glut_4,10,P10,IPR017907:Znf_RING_CS,INTERPRO,0.01932112264369079,1.2214525566188987,6,ok,P10 · IPR017907:Znf_RING_CS
HYP,CS20230722_SUPT_0594,0594 PH-ant-LHA Otp Bsx Glut_4,11,P11,IPR041589:DNAH3_AAA_lid_1,INTERPRO,3.2238766597505624e-8,4.800554893130894,56,ok,P11 · IPR041589:DNAH3_AAA_lid_1
HYP,CS20230722_SUPT_0594,0594 PH-ant-LHA Otp Bsx Glut_4,12,P12,regulation of transcription by RNA polymerase II,GOTERM_BP_DIRECT,0.178200600429058,0.3805845663464218,0,ok,P12 · regulation of transcription by RNA po...
HYP,CS20230722_SUPT_0594,0594 PH-ant-LHA Otp Bsx Glut_4,13,P13,TOPO_DOM:Cytoplasmic,UP_SEQ_FEATURE,0.0714180745336025,0.7066115830048084,0,ok,P13 · TOPO_DOM:Cytoplasmic
HYP,CS20230722_SUPT_0594,0594 PH-ant-LHA Otp Bsx Glut_4,14,P14,Repressor,UP_KW_MOLECULAR_FUNCTION,0.05595686873704222,0.6574309643210204,0,ok,P14 · Repressor
HYP,CS20230722_SUPT_0594,0594 PH-ant-LHA Otp Bsx Glut_4,15,P15,Cell cycle,UP_KW_BIOLOGICAL_PROCESS,0.00402999549042482,1.447976035081031,2,ok,P15 · Cell cycle
HYP,CS20230722_SUPT_0594,0594 PH-ant-LHA Otp Bsx Glut_4,16,P16,COMPBIAS:Pro residues,UP_SEQ_FEATURE,0.0076279240006273,0.9547598679047946,2,ok,P16 · COMPBIAS:Pro residues
HYP,CS20230722_SUPT_0594,0594 PH-ant-LHA Otp Bsx Glut_4,17,P17,neuron projection,GOTERM_CC_DIRECT,0.00204166144214666,1.442302074799661,6,ok,P17 · neuron projection
HYP,CS20230722_SUPT_0594,0594 PH-ant-LHA Otp Bsx Glut_4,18,P18,cellular_component,GOTERM_CC_DIRECT,0.29290096234780805,0.42719762233928793,0,ok,P18 · cellular_component
HYP,CS20230722_SUPT_0594,0594 PH-ant-LHA Otp Bsx Glut_4,19,P19,nucleus,GOTERM_CC_DIRECT,0.04744076575883428,0.8235049091818543,1,ok,P19 · nucleus
HYP,CS20230722_SUPT_0597,0597 PH-ant-LHA Otp Bsx Glut_7,0,P0,cytosolic ribosome,GOTERM_CC_DIRECT,0.00730687706497096,1.257904557291385,10,ok,P0 · cytosolic ribosome
HYP,CS20230722_SUPT_0597,0597 PH-ant-LHA Otp Bsx Glut_7,1,P1,CARBOHYD:N-linked (GlcNAc...) asparagine,UP_SEQ_FEATURE,3.075357064607e-4,1.4861226460635228,9,ok,P1 · CARBOHYD:N-linked (GlcNAc...) asparagine
HYP,CS20230722_SUPT_0597,0597 PH-ant-LHA Otp Bsx Glut_7,2,P2,MOTIF:Cell attachment site,UP_SEQ_FEATURE,3.9461195398677e-4,2.000653001275415,10,ok,P2 · MOTIF:Cell attachment site
HYP,CS20230722_SUPT_0597,0597 PH-ant-LHA Otp Bsx Glut_7,3,P3,CARBOHYD:N-linked (GlcNAc...) asparagine,UP_SEQ_FEATURE,5.6278671488471e-4,2.4459952037545807,31,ok,P3 · CARBOHYD:N-linked (GlcNAc...) asparagine
HYP,CS20230722_SUPT_0597,0597 PH-ant-LHA Otp Bsx Glut_7,4,P4,Guanine-nucleotide releasing factor,UP_KW_MOLECULAR_FUNCTION,0.00358782073246225,1.2588944609184465,3,ok,P4 · Guanine-nucleotide releasing factor
HYP,CS20230722_SUPT_0597,0597 PH-ant-LHA Otp Bsx Glut_7,5,P5,Golgi apparatus,GOTERM_CC_DIRECT,0.00108674288825482,1.4979558644741986,5,ok,P5 · Golgi apparatus
HYP,CS20230722_SUPT_0597,0597 PH-ant-LHA Otp Bsx Glut_7,6,P6,IPR011993:PH-like_dom_sf,INTERPRO,0.00237265160420576,2.321911564335623,11,ok,P6 · IPR011993:PH-like_dom_sf
HYP,CS20230722_SUPT_0597,0597 PH-ant-LHA Otp Bsx Glut_7,7,P7,CARBOHYD:N-linked (GlcNAc...) asparagine,UP_SEQ_FEATURE,1.9474357271762e-4,1.2216983198952025,5,ok,P7 · CARBOHYD:N-linked (GlcNAc...) asparagine
HYP,CS20230722_SUPT_0597,0597 PH-ant-LHA Otp Bsx Glut_7,8,P8,ATP-binding,UP_KW_LIGAND,0.04398960989551242,0.507079321453495,1,ok,P8 · ATP-binding
HYP,CS20230722_SUPT_0597,0597 PH-ant-LHA Otp Bsx Glut_7,9,P9,ATP binding,GOTERM_MF_DIRECT,0.00519378501951555,1.491070531565627,6,ok,P9 · ATP binding
HYP,CS20230722_SUPT_0597,0597 PH-ant-LHA Otp Bsx Glut_7,10,P10,mitochondrial inner membrane,GOTERM_CC_DIRECT,0.006738053340267,1.380641181913748,2,ok,P10 · mitochondrial inner membrane
HYP,CS20230722_SUPT_0597,0597 PH-ant-LHA Otp Bsx Glut_7,11,P11,Transport,UP_KW_BIOLOGICAL_PROCESS,0.110549637694366,0.4085579036019124,0,ok,P11 · Transport
HYP,CS20230722_SUPT_0597,0597 PH-ant-LHA Otp Bsx Glut_7,12,P12,COMPBIAS:Polar residues,UP_SEQ_FEATURE,7.7519573613902e-4,2.449769051987031,18,ok,P12 · COMPBIAS:Polar residues
HYP,CS20230722_SUPT_0597,0597 PH-ant-LHA Otp Bsx Glut_7,13,P13,DNA-binding,UP_KW_MOLECULAR_FUNCTION,0.1866437978782609,0.4833777240356211,0,ok,P13 · DNA-binding
HYP,CS20230722_SUPT_0597,0597 PH-ant-LHA Otp Bsx Glut_7,14,P14,Secreted,UP_KW_CELLULAR_COMPONENT,0.06954254890209123,0.35178053698942807,0,ok,P14 · Secreted
HYP,CS20230722_SUPT_0597,0597 PH-ant-LHA Otp Bsx Glut_7,15,P15,Transport,UP_KW_BIOLOGICAL_PROCESS,0.03621795799394799,1.3236754342114272,2,ok,P15 · Transport
HYP,CS20230722_SUPT_0597,0597 PH-ant-LHA Otp Bsx Glut_7,16,P16,Transit peptide,UP_KW_DOMAIN,0.04200051764973445,0.9065637644669784,1,ok,P16 · Transit peptide
HYP,CS20230722_SUPT_0597,0597 PH-ant-LHA Otp Bsx Glut_7,17,P17,TOPO_DOM:Cytoplasmic,UP_SEQ_FEATURE,2.3800935540097e-4,2.3071567908714163,38,ok,P17 · TOPO_DOM:Cytoplasmic
HYP,CS20230722_SUPT_0597,0597 PH-ant-LHA Otp Bsx Glut_7,18,P18,mmu04510:Focal adhesion,KEGG_PATHWAY,7.0644159331602e-4,1.9430221956469875,14,ok,P18 · mmu04510:Focal adhesion
HYP,CS20230722_SUPT_0597,0597 PH-ant-LHA Otp Bsx Glut_7,19,P19,plasma membrane,GOTERM_CC_DIRECT,0.00496933973726919,1.3808239116195609,8,ok,P19 · plasma membrane
HYP,CS20230722_SUPT_0602,0602 STN-PSTN Pitx2 Glut_5,0,P0,DOMAIN:SH3,UP_SEQ_FEATURE,6.79380338020459e-5,2.947267445095291,35,ok,P0 · DOMAIN:SH3
HYP,CS20230722_SUPT_0602,0602 STN-PSTN Pitx2 Glut_5,1,P1,mmu04080:Neuroactive ligand-receptor interaction,KEGG_PATHWAY,0.0030915989738687,1.2762286178474105,10,ok,P1 · mmu04080:Neuroactive ligand-receptor ...
HYP,CS20230722_SUPT_0602,0602 STN-PSTN Pitx2 Glut_5,2,P2,chemical synaptic transmission,GOTERM_BP_DIRECT,0.00129629176163622,1.7722706716767376,23,ok,P2 · chemical synaptic transmission
HYP,CS20230722_SUPT_0602,0602 STN-PSTN Pitx2 Glut_5,3,P3,cell junction,GOTERM_CC_DIRECT,0.01387433046014643,0.8122546691509739,2,ok,P3 · cell junction
HYP,CS20230722_SUPT_0602,0602 STN-PSTN Pitx2 Glut_5,4,P4,COMPBIAS:Low complexity,UP_SEQ_FEATURE,0.07220631631412824,0.7313558387057579,0,ok,P4 · COMPBIAS:Low complexity
HYP,CS20230722_SUPT_0602,0602 STN-PSTN Pitx2 Glut_5,5,P5,metal ion binding,GOTERM_MF_DIRECT,0.01289337336729353,0.9787257491586976,5,ok,P5 · metal ion binding
HYP,CS20230722_SUPT_0602,0602 STN-PSTN Pitx2 Glut_5,6,P6,chloride transport,GOTERM_BP_DIRECT,5.900973026571e-4,2.369696902246563,37,ok,P6 · chloride transport
HYP,CS20230722_SUPT_0602,0602 STN-PSTN Pitx2 Glut_5,7,P7,regulation of synapse organization,GOTERM_BP_DIRECT,5.536921105063234e-6,1.6441782333492707,18,ok,P7 · regulation of synapse organization
HYP,CS20230722_SUPT_0602,0602 STN-PSTN Pitx2 Glut_5,8,P8,chloride channel complex,GOTERM_CC_DIRECT,0.0018011480205634,1.4557507718293214,14,ok,P8 · chloride channel complex
HYP,CS20230722_SUPT_0602,0602 STN-PSTN Pitx2 Glut_5,9,P9,CARBOHYD:N-linked (GlcNAc...) asparagine,UP_SEQ_FEATURE,0.01643382643782962,0.961885469874618,5,ok,P9 · CARBOHYD:N-linked (GlcNAc...) asparagine
HYP,CS20230722_SUPT_0602,0602 STN-PSTN Pitx2 Glut_5,10,P10,Calcium,UP_KW_LIGAND,0.00182596689684275,0.9662985138262842,3,ok,P10 · Calcium
HYP,CS20230722_SUPT_0602,0602 STN-PSTN Pitx2 Glut_5,11,P11,Developmental protein,UP_KW_MOLECULAR_FUNCTION,0.02018191925052777,1.2707969757785094,2,ok,P11 · Developmental protein
HYP,CS20230722_SUPT_0602,0602 STN-PSTN Pitx2 Glut_5,12,P12,Disulfide bond,UP_KW_PTM,0.02472888027138907,0.9677812839334416,6,ok,P12 · Disulfide bond
HYP,CS20230722_SUPT_0602,0602 STN-PSTN Pitx2 Glut_5,13,P13,chemorepellent activity,GOTERM_MF_DIRECT,0.00159121396666543,1.5593098875366898,15,ok,P13 · chemorepellent activity
HYP,CS20230722_SUPT_0602,0602 STN-PSTN Pitx2 Glut_5,14,P14,IPR013320:ConA-like_dom_sf,INTERPRO,0.00241743156876193,1.0280681631328084,6,ok,P14 · IPR013320:ConA-like_dom_sf
HYP,CS20230722_SUPT_0602,0602 STN-PSTN Pitx2 Glut_5,15,P15,cytoplasm,GOTERM_CC_DIRECT,0.09232215006340344,0.4601024346370481,0,ok,P15 · cytoplasm
HYP,CS20230722_SUPT_0602,0602 STN-PSTN Pitx2 Glut_5,16,P16,cytoskeleton,GOTERM_CC_DIRECT,0.03071366062622899,1.044972263427787,1,ok,P16 · cytoskeleton
HYP,CS20230722_SUPT_0602,0602 STN-PSTN Pitx2 Glut_5,17,P17,CARBOHYD:N-linked (GlcNAc...) asparagine,UP_SEQ_FEATURE,0.07477833558573069,0.8142527714709628,0,ok,P17 · CARBOHYD:N-linked (GlcNAc...) asparagine
HYP,CS20230722_SUPT_0602,0602 STN-PSTN Pitx2 Glut_5,18,P18,apoptotic process,GOTERM_BP_DIRECT,0.04418779248204724,0.8671681713381039,1,ok,P18 · apoptotic process
HYP,CS20230722_SUPT_0602,0602 STN-PSTN Pitx2 Glut_5,19,P19,CARBOHYD:N-linked (GlcNAc...) asparagine,UP_SEQ_FEATURE,2.7825229487967144e-6,4.420970470168095,37,ok,P19 · CARBOHYD:N-linked (GlcNAc...) asparagine
HYP,CS20230722_SUPT_0611,0611 PH Pitx2 Glut_2,0,P0,membrane,GOTERM_CC_DIRECT,0.46928790784380175,0.26772627864441234,0,ok,P0 · membrane
HYP,CS20230722_SUPT_0611,0611 PH Pitx2 Glut_2,1,P1,DOMAIN:Fibronectin type-III,UP_SEQ_FEATURE,3.1332758094405e-4,2.216275151758401,31,ok,P1 · DOMAIN:Fibronectin type-III
HYP,CS20230722_SUPT_0611,0611 PH Pitx2 Glut_2,2,P2,L-amino acid transmembrane transporter activity,GOTERM_MF_DIRECT,1.7084417320174e-4,1.3739583344341482,12,ok,P2 · L-amino acid transmembrane transporte...
HYP,CS20230722_SUPT_0611,0611 PH Pitx2 Glut_2,3,P3,stereocilium,GOTERM_CC_DIRECT,3.4651669169876228e-6,3.017477449011016,23,ok,P3 · stereocilium
HYP,CS20230722_SUPT_0611,0611 PH Pitx2 Glut_2,4,P4,CARBOHYD:N-linked (GlcNAc...) asparagine,UP_SEQ_FEATURE,0.01211209300616658,1.2729709872059656,7,ok,P4 · CARBOHYD:N-linked (GlcNAc...) asparagine
HYP,CS20230722_SUPT_0611,0611 PH Pitx2 Glut_2,5,P5,Glycoprotein,UP_KW_PTM,0.00601384034582675,1.0313163061833883,2,ok,P5 · Glycoprotein
HYP,CS20230722_SUPT_0611,0611 PH Pitx2 Glut_2,6,P6,COMPBIAS:Low complexity,UP_SEQ_FEATURE,0.27965017086740307,0.38606923907569624,0,ok,P6 · COMPBIAS:Low complexity
HYP,CS20230722_SUPT_0611,0611 PH Pitx2 Glut_2,7,P7,CARBOHYD:N-linked (GlcNAc...) asparagine,UP_SEQ_FEATURE,0.09698756952192523,0.6548724802468476,0,ok,P7 · CARBOHYD:N-linked (GlcNAc...) asparagine
HYP,CS20230722_SUPT_0611,0611 PH Pitx2 Glut_2,8,P8,plasma membrane,GOTERM_CC_DIRECT,0.00380305873895134,1.4551389470737304,7,ok,P8 · plasma membrane
HYP,CS20230722_SUPT_0611,0611 PH Pitx2 Glut_2,9,P9,Secreted,UP_KW_CELLULAR_COMPONENT,0.00268626497875504,1.492415411505442,6,ok,P9 · Secreted
HYP,CS20230722_SUPT_0611,0611 PH Pitx2 Glut_2,10,P10,Cell projection,UP_KW_CELLULAR_COMPONENT,0.12415601985555794,0.6309625366863921,0,ok,P10 · Cell projection
HYP,CS20230722_SUPT_0611,0611 PH Pitx2 Glut_2,11,P11,nucleus,GOTERM_CC_DIRECT,0.20761031321883117,0.4615963117063413,0,ok,P11 · nucleus
HYP,CS20230722_SUPT_0611,0611 PH Pitx2 Glut_2,12,P12,IPR003599:Ig_sub,INTERPRO,0.0290601343669684,0.7754158306430243,4,ok,P12 · IPR003599:Ig_sub
HYP,CS20230722_SUPT_0611,0611 PH Pitx2 Glut_2,13,P13,extracellular matrix organization,GOTERM_BP_DIRECT,4.1070586718446116e-7,2.9579749768875896,13,ok,P13 · extracellular matrix organization
HYP,CS20230722_SUPT_0611,0611 PH Pitx2 Glut_2,14,P14,calcium ion binding,GOTERM_MF_DIRECT,0.04788596267352416,0.6608951853863189,1,ok,P14 · calcium ion binding
HYP,CS20230722_SUPT_0611,0611 PH Pitx2 Glut_2,15,P15,mmu04080:Neuroactive ligand-receptor interaction,KEGG_PATHWAY,0.01683278176288937,0.781808745653581,2,ok,P15 · mmu04080:Neuroactive ligand-receptor ...
HYP,CS20230722_SUPT_0611,0611 PH Pitx2 Glut_2,16,P16,IPR027417:P-loop_NTPase,INTERPRO,0.00114309157887838,1.4013697787196735,4,ok,P16 · IPR027417:P-loop_NTPase
HYP,CS20230722_SUPT_0611,0611 PH Pitx2 Glut_2,17,P17,plasma membrane,GOTERM_CC_DIRECT,1.926061282487576e-6,3.48929294674005,48,ok,P17 · plasma membrane
HYP,CS20230722_SUPT_0611,0611 PH Pitx2 Glut_2,18,P18,Cell membrane,UP_KW_CELLULAR_COMPONENT,0.00224564349178507,1.5421412998417348,5,ok,P18 · Cell membrane
HYP,CS20230722_SUPT_0611,0611 PH Pitx2 Glut_2,19,P19,Membrane,UP_KW_CELLULAR_COMPONENT,0.07891718057706194,0.4592305100307483,0,ok,P19 · Membrane
HYP,CS20230722_SUPT_0974,0974 PGRN-PARN-MDRN Hoxb5 Glut_2,0,P0,apoptotic process,GOTERM_BP_DIRECT,0.00876694973843898,1.348382017870218,3,ok,P0 · apoptotic process
HYP,CS20230722_SUPT_0974,0974 PGRN-PARN-MDRN Hoxb5 Glut_2,1,P1,extracellular matrix,GOTERM_CC_DIRECT,1.9419035201069e-4,1.998707041984887,15,ok,P1 · extracellular matrix
HYP,CS20230722_SUPT_0974,0974 PGRN-PARN-MDRN Hoxb5 Glut_2,2,P2,Cell membrane,UP_KW_CELLULAR_COMPONENT,6.9382181245014e-4,0.9620085724097284,4,ok,P2 · Cell membrane
HYP,CS20230722_SUPT_0974,0974 PGRN-PARN-MDRN Hoxb5 Glut_2,3,P3,CARBOHYD:N-linked (GlcNAc...) asparagine,UP_SEQ_FEATURE,0.0021110213835088,1.0869609444132962,13,ok,P3 · CARBOHYD:N-linked (GlcNAc...) asparagine
HYP,CS20230722_SUPT_0974,0974 PGRN-PARN-MDRN Hoxb5 Glut_2,4,P4,plasma membrane,GOTERM_CC_DIRECT,2.980017068709242e-6,2.993417196898566,36,ok,P4 · plasma membrane
HYP,CS20230722_SUPT_0974,0974 PGRN-PARN-MDRN Hoxb5 Glut_2,5,P5,Calcium,UP_KW_LIGAND,0.00252724296448413,1.1261041097491575,7,ok,P5 · Calcium
HYP,CS20230722_SUPT_0974,0974 PGRN-PARN-MDRN Hoxb5 Glut_2,6,P6,COMPBIAS:Polar residues,UP_SEQ_FEATURE,0.2671809970588769,0.2581205286720541,0,ok,P6 · COMPBIAS:Polar residues
HYP,CS20230722_SUPT_0974,0974 PGRN-PARN-MDRN Hoxb5 Glut_2,7,P7,regulation of synapse organization,GOTERM_BP_DIRECT,2.5645747920409083e-6,2.13590702688885,15,ok,P7 · regulation of synapse organization
HYP,CS20230722_SUPT_0974,0974 PGRN-PARN-MDRN Hoxb5 Glut_2,8,P8,cell differentiation,GOTERM_BP_DIRECT,0.03986413524840716,0.9161548265423524,1,ok,P8 · cell differentiation
HYP,CS20230722_SUPT_0974,0974 PGRN-PARN-MDRN Hoxb5 Glut_2,9,P9,ACT_SITE:For sulfotransferase activity,UP_SEQ_FEATURE,7.355694772830394e-7,2.827542063883568,40,ok,P9 · ACT_SITE:For sulfotransferase activity
HYP,CS20230722_SUPT_0974,0974 PGRN-PARN-MDRN Hoxb5 Glut_2,10,P10,mmu05202:Transcriptional misregulation in cancer,KEGG_PATHWAY,0.01262115591061063,1.2193705375871395,2,ok,P10 · mmu05202:Transcriptional misregulatio...
HYP,CS20230722_SUPT_0974,0974 PGRN-PARN-MDRN Hoxb5 Glut_2,11,P11,NA,NA,NA,NA,0,no_terms,P11
HYP,CS20230722_SUPT_0974,0974 PGRN-PARN-MDRN Hoxb5 Glut_2,12,P12,REGION:Disordered,UP_SEQ_FEATURE,0.1206995231502992,0.5619181123289114,0,ok,P12 · REGION:Disordered
HYP,CS20230722_SUPT_0974,0974 PGRN-PARN-MDRN Hoxb5 Glut_2,13,P13,DOMAIN:Laminin G-like,UP_SEQ_FEATURE,1.8227495451588488e-5,3.6198381372573007,40,ok,P13 · DOMAIN:Laminin G-like
HYP,CS20230722_SUPT_0974,0974 PGRN-PARN-MDRN Hoxb5 Glut_2,14,P14,positive regulation of cold-induced thermogenesis,GOTERM_BP_DIRECT,0.00383676775236452,0.7108804288437663,3,ok,P14 · positive regulation of cold-induced t...
HYP,CS20230722_SUPT_0974,0974 PGRN-PARN-MDRN Hoxb5 Glut_2,15,P15,Secreted,UP_KW_CELLULAR_COMPONENT,0.02542696627367912,1.0437457764763023,2,ok,P15 · Secreted
HYP,CS20230722_SUPT_0974,0974 PGRN-PARN-MDRN Hoxb5 Glut_2,16,P16,Cell membrane,UP_KW_CELLULAR_COMPONENT,0.2800179937178532,0.31529260857370117,0,ok,P16 · Cell membrane
HYP,CS20230722_SUPT_0974,0974 PGRN-PARN-MDRN Hoxb5 Glut_2,17,P17,CARBOHYD:N-linked (GlcNAc...) asparagine,UP_SEQ_FEATURE,2.755131968396e-4,1.6136442136401297,10,ok,P17 · CARBOHYD:N-linked (GlcNAc...) asparagine
HYP,CS20230722_SUPT_0974,0974 PGRN-PARN-MDRN Hoxb5 Glut_2,18,P18,CARBOHYD:N-linked (GlcNAc...) asparagine,UP_SEQ_FEATURE,2.990299394648745e-7,3.0035939935445497,44,ok,P18 · CARBOHYD:N-linked (GlcNAc...) asparagine
HYP,CS20230722_SUPT_0974,0974 PGRN-PARN-MDRN Hoxb5 Glut_2,19,P19,cellular_component,GOTERM_CC_DIRECT,3.8745944956881e-4,2.9021808196775987,3,ok,P19 · cellular_component
HYP,CS20230722_SUPT_1160,1160 Astro-NT NN_2,0,P0,IPR009030:Growth_fac_rcpt_cys_sf,INTERPRO,2.045609976660901e-6,3.379823260594383,10,ok,P0 · IPR009030:Growth_fac_rcpt_cys_sf
HYP,CS20230722_SUPT_1160,1160 Astro-NT NN_2,1,P1,basement membrane,GOTERM_CC_DIRECT,0.0013287389758507,1.1016897780374584,3,ok,P1 · basement membrane
HYP,CS20230722_SUPT_1160,1160 Astro-NT NN_2,2,P2,mmu04371:Apelin signaling pathway,KEGG_PATHWAY,0.00227128752218726,1.3107706786352775,12,ok,P2 · mmu04371:Apelin signaling pathway
HYP,CS20230722_SUPT_1160,1160 Astro-NT NN_2,3,P3,cell-cell adhesion,GOTERM_BP_DIRECT,7.751677240093115e-5,3.1763344639864934,27,ok,P3 · cell-cell adhesion
HYP,CS20230722_SUPT_1160,1160 Astro-NT NN_2,4,P4,NA,NA,NA,NA,0,no_terms,P4
HYP,CS20230722_SUPT_1160,1160 Astro-NT NN_2,5,P5,synapse,GOTERM_CC_DIRECT,0.00304317401325271,0.8178768235429663,2,ok,P5 · synapse
HYP,CS20230722_SUPT_1160,1160 Astro-NT NN_2,6,P6,axon,GOTERM_CC_DIRECT,1.0939169316454396e-5,3.1278528951055375,21,ok,P6 · axon
HYP,CS20230722_SUPT_1160,1160 Astro-NT NN_2,7,P7,Extracellular matrix,UP_KW_CELLULAR_COMPONENT,0.02015690822308477,0.5733235510841188,1,ok,P7 · Extracellular matrix
HYP,CS20230722_SUPT_1160,1160 Astro-NT NN_2,8,P8,NA,NA,NA,NA,0,no_terms,P8
HYP,CS20230722_SUPT_1160,1160 Astro-NT NN_2,9,P9,IPR017441:Protein_kinase_ATP_BS,INTERPRO,0.00446337035418888,1.3562372677498868,14,ok,P9 · IPR017441:Protein_kinase_ATP_BS
HYP,CS20230722_SUPT_1160,1160 Astro-NT NN_2,10,P10,axoneme,GOTERM_CC_DIRECT,0.00311765630582843,1.3525182270103064,2,ok,P10 · axoneme
HYP,CS20230722_SUPT_1160,1160 Astro-NT NN_2,11,P11,cellular_component,GOTERM_CC_DIRECT,0.00490420879102848,1.7108936370578935,3,ok,P11 · cellular_component
HYP,CS20230722_SUPT_1160,1160 Astro-NT NN_2,12,P12,cellular_component,GOTERM_CC_DIRECT,0.00612353280385519,1.7609043056666902,2,ok,P12 · cellular_component
HYP,CS20230722_SUPT_1160,1160 Astro-NT NN_2,13,P13,TOPO_DOM:Extracellular,UP_SEQ_FEATURE,0.01021597594730558,0.8791104956083118,3,ok,P13 · TOPO_DOM:Extracellular
HYP,CS20230722_SUPT_1160,1160 Astro-NT NN_2,14,P14,NA,NA,NA,NA,0,no_terms,P14
HYP,CS20230722_SUPT_1160,1160 Astro-NT NN_2,15,P15,NA,NA,NA,NA,0,no_terms,P15
HYP,CS20230722_SUPT_1160,1160 Astro-NT NN_2,16,P16,Membrane,UP_KW_CELLULAR_COMPONENT,0.09885803594874087,0.7782747152884434,0,ok,P16 · Membrane
HYP,CS20230722_SUPT_1160,1160 Astro-NT NN_2,17,P17,Transmembrane helix,UP_KW_DOMAIN,0.00309304736227,1.433406489199928,10,ok,P17 · Transmembrane helix
HYP,CS20230722_SUPT_1160,1160 Astro-NT NN_2,18,P18,Calcium,UP_KW_LIGAND,0.00364883131612777,1.0733682263794204,4,ok,P18 · Calcium
HYP,CS20230722_SUPT_1160,1160 Astro-NT NN_2,19,P19,Cell projection,UP_KW_CELLULAR_COMPONENT,0.03176082948511352,0.8153121261471755,1,ok,P19 · Cell projection
HYP,CS20230722_SUPT_1173,1173 Tanycyte NN_2,0,P0,SM00231:FA58C,SMART,0.00315190361592474,2.1763231795571376,16,ok,P0 · SM00231:FA58C
HYP,CS20230722_SUPT_1173,1173 Tanycyte NN_2,1,P1,SM00060:FN3,SMART,1.2024434244684e-4,2.9439427299293146,30,ok,P1 · SM00060:FN3
HYP,CS20230722_SUPT_1173,1173 Tanycyte NN_2,2,P2,axon guidance,GOTERM_BP_DIRECT,6.957635367251877e-6,1.852542242684997,13,ok,P2 · axon guidance
HYP,CS20230722_SUPT_1173,1173 Tanycyte NN_2,3,P3,Disulfide bond,UP_KW_PTM,0.05032903669864465,0.5611798409532581,0,ok,P3 · Disulfide bond
HYP,CS20230722_SUPT_1173,1173 Tanycyte NN_2,4,P4,Z disc,GOTERM_CC_DIRECT,5.477861440528859e-6,2.4210149080307897,23,ok,P4 · Z disc
HYP,CS20230722_SUPT_1173,1173 Tanycyte NN_2,5,P5,Cell membrane,UP_KW_CELLULAR_COMPONENT,0.05893615421548442,0.8479698040839179,0,ok,P5 · Cell membrane
HYP,CS20230722_SUPT_1173,1173 Tanycyte NN_2,6,P6,membrane,GOTERM_CC_DIRECT,0.05068679562163448,0.7671370530048875,0,ok,P6 · membrane
HYP,CS20230722_SUPT_1173,1173 Tanycyte NN_2,7,P7,glutamatergic synapse,GOTERM_CC_DIRECT,0.00733951814506813,0.7558679011191853,2,ok,P7 · glutamatergic synapse
HYP,CS20230722_SUPT_1173,1173 Tanycyte NN_2,8,P8,CARBOHYD:N-linked (GlcNAc...) asparagine,UP_SEQ_FEATURE,0.01599336111158382,1.1070831371103311,5,ok,P8 · CARBOHYD:N-linked (GlcNAc...) asparagine
HYP,CS20230722_SUPT_1173,1173 Tanycyte NN_2,9,P9,Transcription regulation,UP_KW_BIOLOGICAL_PROCESS,0.0507924795815387,0.6840199577060555,0,ok,P9 · Transcription regulation
HYP,CS20230722_SUPT_1173,1173 Tanycyte NN_2,10,P10,DNA-binding,UP_KW_MOLECULAR_FUNCTION,0.29079762336776827,0.335896638315873,0,ok,P10 · DNA-binding
HYP,CS20230722_SUPT_1173,1173 Tanycyte NN_2,11,P11,mmu04726:Serotonergic synapse,KEGG_PATHWAY,0.00509804497232403,1.4417666041987056,3,ok,P11 · mmu04726:Serotonergic synapse
HYP,CS20230722_SUPT_1173,1173 Tanycyte NN_2,12,P12,L-amino acid transmembrane transporter activity,GOTERM_MF_DIRECT,2.3817153385727e-4,2.3620021566536344,24,ok,P12 · L-amino acid transmembrane transporte...
HYP,CS20230722_SUPT_1173,1173 Tanycyte NN_2,13,P13,intracellular signal transduction,GOTERM_BP_DIRECT,0.00145198440365423,1.9218234833762564,21,ok,P13 · intracellular signal transduction
HYP,CS20230722_SUPT_1173,1173 Tanycyte NN_2,14,P14,monoatomic ion transport,GOTERM_BP_DIRECT,2.4855554608907e-4,1.2603790084960098,6,ok,P14 · monoatomic ion transport
HYP,CS20230722_SUPT_1173,1173 Tanycyte NN_2,15,P15,cilium movement,GOTERM_BP_DIRECT,1.75845708451649e-7,3.3010328891598033,45,ok,P15 · cilium movement
HYP,CS20230722_SUPT_1173,1173 Tanycyte NN_2,16,P16,protein kinase activity,GOTERM_MF_DIRECT,4.4637943639319e-4,2.503898180954714,53,ok,P16 · protein kinase activity
HYP,CS20230722_SUPT_1173,1173 Tanycyte NN_2,17,P17,Repeat,UP_KW_DOMAIN,0.08756908311793937,0.36833628932168305,0,ok,P17 · Repeat
HYP,CS20230722_SUPT_1173,1173 Tanycyte NN_2,18,P18,methylation,GOTERM_BP_DIRECT,0.00430117168500085,1.0511908743715694,1,ok,P18 · methylation
HYP,CS20230722_SUPT_1173,1173 Tanycyte NN_2,19,P19,CARBOHYD:N-linked (GlcNAc...) asparagine,UP_SEQ_FEATURE,0.1364257786846233,0.6151175081793189,0,ok,P19 · CARBOHYD:N-linked (GlcNAc...) asparagine
HYP,CS20230722_SUPT_1179,1179 OPC NN_1,0,P0,axon,GOTERM_CC_DIRECT,2.9392119299512e-4,1.4847329109680747,14,ok,P0 · axon
HYP,CS20230722_SUPT_1179,1179 OPC NN_1,1,P1,dendrite,GOTERM_CC_DIRECT,2.185132004960312e-5,2.9073308785778824,47,ok,P1 · dendrite
HYP,CS20230722_SUPT_1179,1179 OPC NN_1,2,P2,NA,NA,NA,NA,0,no_terms,P2
HYP,CS20230722_SUPT_1179,1179 OPC NN_1,3,P3,Mitosis,UP_KW_BIOLOGICAL_PROCESS,6.0975592472847e-4,2.4219745770511185,6,ok,P3 · Mitosis
HYP,CS20230722_SUPT_1179,1179 OPC NN_1,4,P4,NA,NA,NA,NA,0,no_terms,P4
HYP,CS20230722_SUPT_1179,1179 OPC NN_1,5,P5,IPR000719:Prot_kinase_dom,INTERPRO,0.00370921435197611,1.6442217388792448,18,ok,P5 · IPR000719:Prot_kinase_dom
HYP,CS20230722_SUPT_1179,1179 OPC NN_1,6,P6,NA,NA,NA,NA,0,no_terms,P6
HYP,CS20230722_SUPT_1179,1179 OPC NN_1,7,P7,membrane,GOTERM_CC_DIRECT,0.00591734685310428,0.803986888942556,1,ok,P7 · membrane
HYP,CS20230722_SUPT_1179,1179 OPC NN_1,8,P8,membrane,GOTERM_CC_DIRECT,0.0800677934817329,0.6668703618517681,0,ok,P8 · membrane
HYP,CS20230722_SUPT_1179,1179 OPC NN_1,9,P9,COMPBIAS:Low complexity,UP_SEQ_FEATURE,0.11200938112835689,0.6485616516167948,0,ok,P9 · COMPBIAS:Low complexity
HYP,CS20230722_SUPT_1179,1179 OPC NN_1,10,P10,Cell membrane,UP_KW_CELLULAR_COMPONENT,0.06455735237518102,0.8534124873587573,0,ok,P10 · Cell membrane
HYP,CS20230722_SUPT_1179,1179 OPC NN_1,11,P11,COMPBIAS:Low complexity,UP_SEQ_FEATURE,0.01240911319759204,1.157996391391646,6,ok,P11 · COMPBIAS:Low complexity
HYP,CS20230722_SUPT_1179,1179 OPC NN_1,12,P12,protein binding,GOTERM_MF_DIRECT,0.09005877705797906,0.6918445528875461,0,ok,P12 · protein binding
HYP,CS20230722_SUPT_1179,1179 OPC NN_1,13,P13,IPR017907:Znf_RING_CS,INTERPRO,0.00601477821017343,1.5340780057667955,11,ok,P13 · IPR017907:Znf_RING_CS
HYP,CS20230722_SUPT_1179,1179 OPC NN_1,14,P14,replication fork,GOTERM_CC_DIRECT,3.099445396162459e-7,3.4605749152725496,20,ok,P14 · replication fork
HYP,CS20230722_SUPT_1179,1179 OPC NN_1,15,P15,NA,NA,NA,NA,0,no_terms,P15
HYP,CS20230722_SUPT_1179,1179 OPC NN_1,16,P16,Extracellular matrix,UP_KW_CELLULAR_COMPONENT,0.02523907293244067,0.6867580642193646,2,ok,P16 · Extracellular matrix
HYP,CS20230722_SUPT_1179,1179 OPC NN_1,17,P17,IPR037359:NST/OST,INTERPRO,9.899258045626275e-6,2.9724714867726902,11,ok,P17 · IPR037359:NST/OST
HYP,CS20230722_SUPT_1179,1179 OPC NN_1,18,P18,NA,NA,NA,NA,0,no_terms,P18
HYP,CS20230722_SUPT_1179,1179 OPC NN_1,19,P19,DOMAIN:Collagen-like 1,UP_SEQ_FEATURE,2.9201854028417837e-10,4.1141698651160326,46,ok,P19 · DOMAIN:Collagen-like 1
HYP,CS20230722_SUPT_1181,1181 COP NN_1,0,P0,Mitochondrion,UP_KW_CELLULAR_COMPONENT,0.0536224813208335,0.983548905068956,0,ok,P0 · Mitochondrion
HYP,CS20230722_SUPT_1181,1181 COP NN_1,1,P1,cellular_component,GOTERM_CC_DIRECT,0.08429890149580638,0.531581582477208,0,ok,P1 · cellular_component
HYP,CS20230722_SUPT_1181,1181 COP NN_1,2,P2,PROPEP:N-terminal propeptide,UP_SEQ_FEATURE,1.9309397440516e-4,2.5101643469025308,44,ok,P2 · PROPEP:N-terminal propeptide
HYP,CS20230722_SUPT_1181,1181 COP NN_1,3,P3,cell adhesion,GOTERM_BP_DIRECT,5.064494509981878e-5,1.4555562306154624,14,ok,P3 · cell adhesion
HYP,CS20230722_SUPT_1181,1181 COP NN_1,4,P4,COMPBIAS:Basic and acidic residues,UP_SEQ_FEATURE,0.02603477725384256,1.0672806567685045,2,ok,P4 · COMPBIAS:Basic and acidic residues
HYP,CS20230722_SUPT_1181,1181 COP NN_1,5,P5,molecular_function,GOTERM_MF_DIRECT,0.0666062888073072,0.7856407056055151,0,ok,P5 · molecular_function
HYP,CS20230722_SUPT_1181,1181 COP NN_1,6,P6,DOMAIN:SH3,UP_SEQ_FEATURE,0.00986167005279461,1.9547375497026531,9,ok,P6 · DOMAIN:SH3
HYP,CS20230722_SUPT_1181,1181 COP NN_1,7,P7,COMPBIAS:Low complexity,UP_SEQ_FEATURE,5.044168996185841e-5,2.287639542264292,3,ok,P7 · COMPBIAS:Low complexity
HYP,CS20230722_SUPT_1181,1181 COP NN_1,8,P8,CARBOHYD:N-linked (GlcNAc...) asparagine,UP_SEQ_FEATURE,7.265159836293413e-7,4.578849065544045,68,ok,P8 · CARBOHYD:N-linked (GlcNAc...) asparagine
HYP,CS20230722_SUPT_1181,1181 COP NN_1,9,P9,Transmembrane helix,UP_KW_DOMAIN,0.16289973686410408,0.33511920119129124,0,ok,P9 · Transmembrane helix
HYP,CS20230722_SUPT_1181,1181 COP NN_1,10,P10,mitochondrial inner membrane,GOTERM_CC_DIRECT,0.04262717788569254,0.8272709854139672,1,ok,P10 · mitochondrial inner membrane
HYP,CS20230722_SUPT_1181,1181 COP NN_1,11,P11,CARBOHYD:N-linked (GlcNAc...) asparagine,UP_SEQ_FEATURE,0.1152706878100342,0.5925633377461558,0,ok,P11 · CARBOHYD:N-linked (GlcNAc...) asparagine
HYP,CS20230722_SUPT_1181,1181 COP NN_1,12,P12,Cell membrane,UP_KW_CELLULAR_COMPONENT,0.00355682004859628,1.3672162255955906,11,ok,P12 · Cell membrane
HYP,CS20230722_SUPT_1181,1181 COP NN_1,13,P13,cytosol,GOTERM_CC_DIRECT,0.04672210585562156,0.5619684365484932,1,ok,P13 · cytosol
HYP,CS20230722_SUPT_1181,1181 COP NN_1,14,P14,cytoplasm,GOTERM_CC_DIRECT,0.03539736227560139,0.9067706235037218,1,ok,P14 · cytoplasm
HYP,CS20230722_SUPT_1181,1181 COP NN_1,15,P15,nucleus,GOTERM_CC_DIRECT,0.00559200140129216,1.861657072008204,3,ok,P15 · nucleus
HYP,CS20230722_SUPT_1181,1181 COP NN_1,16,P16,Transmembrane helix,UP_KW_DOMAIN,0.03443882275285941,1.06933013170695,1,ok,P16 · Transmembrane helix
HYP,CS20230722_SUPT_1181,1181 COP NN_1,17,P17,Mitosis,UP_KW_BIOLOGICAL_PROCESS,0.05478656597641759,0.9503952683521288,0,ok,P17 · Mitosis
HYP,CS20230722_SUPT_1181,1181 COP NN_1,18,P18,nucleoplasm,GOTERM_CC_DIRECT,3.4738514196733e-4,2.381186947609931,13,ok,P18 · nucleoplasm
HYP,CS20230722_SUPT_1181,1181 COP NN_1,19,P19,Oxidoreductase,UP_KW_MOLECULAR_FUNCTION,0.01431023930825631,0.8951298359888699,1,ok,P19 · Oxidoreductase
HYP,CS20230722_SUPT_1184,1184 MOL NN_4,0,P0,extracellular region,GOTERM_CC_DIRECT,0.00450190105936056,1.2572535513917416,7,ok,P0 · extracellular region
HYP,CS20230722_SUPT_1184,1184 MOL NN_4,1,P1,cellular response to transforming growth factor beta stimulus,GOTERM_BP_DIRECT,8.0107620198276e-4,1.194002310742833,5,ok,P1 · cellular response to transforming gro...
HYP,CS20230722_SUPT_1184,1184 MOL NN_4,2,P2,phosphoric diester hydrolase activity,GOTERM_MF_DIRECT,3.7610526777246526e-5,2.9172300300006913,29,ok,P2 · phosphoric diester hydrolase activity
HYP,CS20230722_SUPT_1184,1184 MOL NN_4,3,P3,COMPBIAS:Polar residues,UP_SEQ_FEATURE,0.11830336379372568,0.4717100648968475,0,ok,P3 · COMPBIAS:Polar residues
HYP,CS20230722_SUPT_1184,1184 MOL NN_4,4,P4,NA,NA,NA,NA,0,no_terms,P4
HYP,CS20230722_SUPT_1184,1184 MOL NN_4,5,P5,NA,NA,NA,NA,0,no_terms,P5
HYP,CS20230722_SUPT_1184,1184 MOL NN_4,6,P6,protein binding,GOTERM_MF_DIRECT,0.14161348093459436,0.7774517761491945,0,ok,P6 · protein binding
HYP,CS20230722_SUPT_1184,1184 MOL NN_4,7,P7,NA,NA,NA,NA,0,no_terms,P7
HYP,CS20230722_SUPT_1184,1184 MOL NN_4,8,P8,zinc ion binding,GOTERM_MF_DIRECT,7.3164316718219e-4,0.974574753562534,3,ok,P8 · zinc ion binding
HYP,CS20230722_SUPT_1184,1184 MOL NN_4,9,P9,ATP binding,GOTERM_MF_DIRECT,0.05580207578183082,1.1419520342916272,0,ok,P9 · ATP binding
HYP,CS20230722_SUPT_1184,1184 MOL NN_4,10,P10,biological_process,GOTERM_BP_DIRECT,0.14495909489633457,0.6264503409897245,0,ok,P10 · biological_process
HYP,CS20230722_SUPT_1184,1184 MOL NN_4,11,P11,NA,NA,NA,NA,0,no_terms,P11
HYP,CS20230722_SUPT_1184,1184 MOL NN_4,12,P12,NA,NA,NA,NA,0,no_terms,P12
HYP,CS20230722_SUPT_1184,1184 MOL NN_4,13,P13,TRANSMEM:Helical,UP_SEQ_FEATURE,0.4694561480858001,0.3118336116576706,0,ok,P13 · TRANSMEM:Helical
HYP,CS20230722_SUPT_1184,1184 MOL NN_4,14,P14,NA,NA,NA,NA,0,no_terms,P14
HYP,CS20230722_SUPT_1184,1184 MOL NN_4,15,P15,IPR003593:AAA+_ATPase,INTERPRO,0.00315661690585183,1.6026235544762035,4,ok,P15 · IPR003593:AAA+_ATPase
HYP,CS20230722_SUPT_1184,1184 MOL NN_4,16,P16,NA,NA,NA,NA,0,no_terms,P16
HYP,CS20230722_SUPT_1184,1184 MOL NN_4,17,P17,ATP binding,GOTERM_MF_DIRECT,0.00375448698354319,1.4988580062838524,2,ok,P17 · ATP binding
HYP,CS20230722_SUPT_1184,1184 MOL NN_4,18,P18,Differentiation,UP_KW_BIOLOGICAL_PROCESS,0.0120512122235141,1.6604258704478223,3,ok,P18 · Differentiation
HYP,CS20230722_SUPT_1184,1184 MOL NN_4,19,P19,calcium ion binding,GOTERM_MF_DIRECT,0.00135732703400033,1.290336764143344,5,ok,P19 · calcium ion binding
HYP,CS20230722_SUPT_1194,1194 Microglia NN_1,0,P0,Endoplasmic reticulum,UP_KW_CELLULAR_COMPONENT,0.02024102568181645,0.670021957035936,3,ok,P0 · Endoplasmic reticulum
HYP,CS20230722_SUPT_1194,1194 Microglia NN_1,1,P1,Cell cycle,UP_KW_BIOLOGICAL_PROCESS,1.1045235518463e-4,3.147494569017899,8,ok,P1 · Cell cycle
HYP,CS20230722_SUPT_1194,1194 Microglia NN_1,2,P2,nucleus,GOTERM_CC_DIRECT,0.4490051111460677,0.23104139233206447,0,ok,P2 · nucleus
HYP,CS20230722_SUPT_1194,1194 Microglia NN_1,3,P3,defense response to virus,GOTERM_BP_DIRECT,2.7294309598303777e-5,2.7995521278561077,17,ok,P3 · defense response to virus
HYP,CS20230722_SUPT_1194,1194 Microglia NN_1,4,P4,membrane,GOTERM_CC_DIRECT,0.03268493903220192,0.5868533226745605,1,ok,P4 · membrane
HYP,CS20230722_SUPT_1194,1194 Microglia NN_1,5,P5,ZN_FING:RING-type,UP_SEQ_FEATURE,4.5025737906795e-4,1.8239931094528423,12,ok,P5 · ZN_FING:RING-type
HYP,CS20230722_SUPT_1194,1194 Microglia NN_1,6,P6,NA,NA,NA,NA,0,no_terms,P6
HYP,CS20230722_SUPT_1194,1194 Microglia NN_1,7,P7,Cilium biogenesis/degradation,UP_KW_BIOLOGICAL_PROCESS,0.01340599687751124,1.2875917432788782,3,ok,P7 · Cilium biogenesis/degradation
HYP,CS20230722_SUPT_1194,1194 Microglia NN_1,8,P8,Mitochondrion,UP_KW_CELLULAR_COMPONENT,0.0536224813208335,1.103653395649689,0,ok,P8 · Mitochondrion
HYP,CS20230722_SUPT_1194,1194 Microglia NN_1,9,P9,SM00320:WD40,SMART,0.00388354082839274,1.6733189152942276,7,ok,P9 · SM00320:WD40
HYP,CS20230722_SUPT_1194,1194 Microglia NN_1,10,P10,TOPO_DOM:Cytoplasmic,UP_SEQ_FEATURE,0.10754396642372432,0.5281117175032567,0,ok,P10 · TOPO_DOM:Cytoplasmic
HYP,CS20230722_SUPT_1194,1194 Microglia NN_1,11,P11,IPR013098:Ig_I-set,INTERPRO,2.5371684951809e-4,2.135771229434685,17,ok,P11 · IPR013098:Ig_I-set
HYP,CS20230722_SUPT_1194,1194 Microglia NN_1,12,P12,COMPBIAS:Low complexity,UP_SEQ_FEATURE,0.01421505890511054,1.2951857403313245,2,ok,P12 · COMPBIAS:Low complexity
HYP,CS20230722_SUPT_1194,1194 Microglia NN_1,13,P13,COMPBIAS:Polar residues,UP_SEQ_FEATURE,0.1745587147652395,0.4132396609082801,0,ok,P13 · COMPBIAS:Polar residues
HYP,CS20230722_SUPT_1194,1194 Microglia NN_1,14,P14,Transport,UP_KW_BIOLOGICAL_PROCESS,0.16315540572007947,0.27334749649137896,0,ok,P14 · Transport
HYP,CS20230722_SUPT_1194,1194 Microglia NN_1,15,P15,nucleoplasm,GOTERM_CC_DIRECT,2.518001475988814e-5,1.6485254133897145,3,ok,P15 · nucleoplasm
HYP,CS20230722_SUPT_1194,1194 Microglia NN_1,16,P16,cytosol,GOTERM_CC_DIRECT,0.00439800562035497,1.9482281773318104,8,ok,P16 · cytosol
HYP,CS20230722_SUPT_1194,1194 Microglia NN_1,17,P17,DNA damage response,GOTERM_BP_DIRECT,0.01641384926137889,1.101774227393233,2,ok,P17 · DNA damage response
HYP,CS20230722_SUPT_1194,1194 Microglia NN_1,18,P18,positive regulation of epithelial cell proliferation,GOTERM_BP_DIRECT,0.00252146585801007,0.6036324764434359,1,ok,P18 · positive regulation of epithelial cel...
HYP,CS20230722_SUPT_1194,1194 Microglia NN_1,19,P19,ATP binding,GOTERM_MF_DIRECT,5.465589543693953e-5,2.527474869773936,26,ok,P19 · ATP binding
